Подача и захват бумаги;CC493-67906;CC493-67906 - Ролик захвата бумаги из лотка ручной подачи (лоток 1);['HP Color LaserJet CP4525xh', 'HP LaserJet 500 color M551dn', 'HP Color LaserJet CM4540f MFP', 'HP Color LaserJet Enterprise Flow MFP M680dn', 'HP LaserJet 500 color M551n', 'HP Color LaserJet CM4540fskm MFP', 'HP Color LaserJet Enterprise Flow MFP M680f', 'HP LaserJet 500 color M551xh', 'HP Color LaserJet CP4025dn', 'HP Color LaserJet Enterprise Flow MFP M680z', 'HP LaserJet 500 color MFP M575dn', 'HP Color LaserJet CP4025n', 'HP Color LaserJet Enterprise M651dn', 'HP LaserJet 500 color MFP M575f', 'HP Color LaserJet CP4525dn', 'HP Color LaserJet Enterprise M651n', 'HP LaserJet color flow MFP M575c', 'HP Color LaserJet CP4525n', 'HP Color LaserJet Enterprise M651xh'];E:\Projects\PycharmProjects\parser_profit\images\hp\CC493-67906.jpg
Подача и захват бумаги;CF081-67903;"CF081-67903 - Комплект из ролика захвата, ролика отделения в кассете и ролика захвата в лотке ручной подачи бумаги (лоток 1, 2)
---
Состав:
CC493-67906 - Ролик захвата бумаги (1)
RM1-8129-000 - Ролик отделения бумаги (1)
RM1-8131-000 - Ролик захвата бумаги (1)
---";['HP LaserJet 500 color M551n', 'HP LaserJet 500 color M551xh'];E:\Projects\PycharmProjects\parser_profit\images\hp\CF081-67903.jpg
Подача и захват бумаги;CF081-67913;"CF081-67913 - Комплект из ролика захвата, роликов подачи / отделения бумаги в дополнительной кассете (лоток 3)
---
Состав:
RL1-2099-000CN - Ролик захвата бумаги (1)
RM1-0037-020CN - Ролик подачи / отделения бумаги (2)
---";['HP LaserJet M4555 MFP', 'HP LaserJet M4555h MFP', 'HP LaserJet 500 color M551n', 'HP LaserJet M4555f MFP', 'HP LaserJet 500 color M551xh', 'HP LaserJet M4555fskm MFP'];E:\Projects\PycharmProjects\parser_profit\images\hp\CF081-67913.jpg
Подача и захват бумаги;CC493-67907;"HP | CC493-67907 - Комплект из ролика захвата и ролика подачи / отделения бумаги (подходит для лотков 2, 3, 4, 5)
---
Состав:
RL1-2099-000CN - Ролик захвата бумаги из кассеты (1)
RM1-0037-020CN - Ролик подачи / отделения бумаги (2)
---";['HP Color LaserJet CP4525dn', 'HP Color LaserJet Enterprise Flow MFP M680z', 'HP Color LaserJet CM4540f MFP', 'HP Color LaserJet CP4525n', 'HP Color LaserJet Enterprise M651dn', 'HP Color LaserJet CM4540fskm MFP', 'HP Color LaserJet CP4525xh', 'HP Color LaserJet Enterprise M651n', 'HP Color LaserJet CP4025dn', 'HP Color LaserJet Enterprise Flow MFP M680dn', 'HP Color LaserJet Enterprise M651xh', 'HP Color LaserJet CP4025n', 'HP Color LaserJet Enterprise Flow MFP M680f', 'HP LaserJet 500 color M551dn', 'HP LaserJet M4555 MFP', 'HP LaserJet M4555h MFP', 'HP LaserJet 500 color M551n', 'HP LaserJet M4555f MFP', 'HP LaserJet 500 color M551xh', 'HP LaserJet M4555fskm MFP'];E:\Projects\PycharmProjects\parser_profit\images\hp\CC493-67907.jpg
Подача и захват бумаги;CF084A;CF084A - Дополнительный лоток для бумаги на 500 листов (лоток 3);['HP Color LaserJet CP3525x', 'HP LaserJet 500 color MFP M575f', 'HP Color LaserJet CM3530fs MFP', 'HP LaserJet 500 color M551dn', 'HP LaserJet Pro 500 color MFP M570dn', 'HP Color LaserJet CP3525', 'HP LaserJet 500 color M551n', 'HP LaserJet Pro 500 color MFP M570dw', 'HP Color LaserJet CP3525dn', 'HP LaserJet 500 color M551xh', 'HP LaserJet color flow MFP M575c', 'HP Color LaserJet CP3525n', 'HP LaserJet 500 color MFP M575dn'];E:\Projects\PycharmProjects\parser_profit\images\hp\CF084A.jpg
Подача и захват бумаги;RL1-2099-000CN;"RL1-2099-000CN - Ролик захвата бумаги из кассеты
* для HP LaserJet 500 color M551 только в допополнительном лотке";['HP Color LaserJet CP4525dn', 'HP LaserJet 500 color M551xh', 'HP Color LaserJet CM3530fs MFP', 'HP Color LaserJet CP4525n', 'HP LaserJet Enterprise Flow MFP M630z', 'HP Color LaserJet CM4540 MFP', 'HP Color LaserJet CP4525xh', 'HP LaserJet Enterprise MFP M630dn', 'HP Color LaserJet CM4540f MFP', 'HP Color LaserJet Enterprise Flow MFP M680dn', 'HP LaserJet Enterprise MFP M630f', 'HP Color LaserJet CM4540fskm MFP', 'HP Color LaserJet Enterprise Flow MFP M680f', 'HP LaserJet Enterprise MFP M630h', 'HP Color LaserJet CP3525', 'HP Color LaserJet Enterprise Flow MFP M680z', 'HP LaserJet M4555 MFP', 'HP Color LaserJet CP3525dn', 'HP Color LaserJet Enterprise M651dn', 'HP LaserJet M4555f MFP', 'HP Color LaserJet CP3525n', 'HP Color LaserJet Enterprise M651n', 'HP LaserJet M4555fskm MFP', 'HP Color LaserJet CP3525x', 'HP Color LaserJet Enterprise M651xh', 'HP LaserJet M4555h MFP', 'HP Color LaserJet CP4025dn', 'HP LaserJet 500 color M551dn', 'HP Color LaserJet CP4025n', 'HP LaserJet 500 color M551n'];E:\Projects\PycharmProjects\parser_profit\images\hp\RL1-2099-000CN.jpg
Подача и захват бумаги;RL1-2099-000CN;"CET | RL1-2099-000CN - (CET2430) Ролик захвата бумаги из кассеты
* для HP LaserJet 500 color M551 только в допополнительном лотке";['HP Color LaserJet CP4525dn', 'HP LaserJet 500 color M551xh', 'HP Color LaserJet CM3530fs MFP', 'HP Color LaserJet CP4525n', 'HP LaserJet Enterprise Flow MFP M630z', 'HP Color LaserJet CM4540 MFP', 'HP Color LaserJet CP4525xh', 'HP LaserJet Enterprise MFP M630dn', 'HP Color LaserJet CM4540f MFP', 'HP Color LaserJet Enterprise Flow MFP M680dn', 'HP LaserJet Enterprise MFP M630f', 'HP Color LaserJet CM4540fskm MFP', 'HP Color LaserJet Enterprise Flow MFP M680f', 'HP LaserJet Enterprise MFP M630h', 'HP Color LaserJet CP3525', 'HP Color LaserJet Enterprise Flow MFP M680z', 'HP LaserJet M4555 MFP', 'HP Color LaserJet CP3525dn', 'HP Color LaserJet Enterprise M651dn', 'HP LaserJet M4555f MFP', 'HP Color LaserJet CP3525n', 'HP Color LaserJet Enterprise M651n', 'HP LaserJet M4555fskm MFP', 'HP Color LaserJet CP3525x', 'HP Color LaserJet Enterprise M651xh', 'HP LaserJet M4555h MFP', 'HP Color LaserJet CP4025dn', 'HP LaserJet 500 color M551dn', 'HP Color LaserJet CP4025n', 'HP LaserJet 500 color M551n'];E:\Projects\PycharmProjects\parser_profit\images\hp\RL1-2099-000CN.jpg
Подача и захват бумаги;RM1-0037-020CN;"RM1-0037-020CN - Ролик подачи / отделения бумаги из кассеты
* для HP LaserJet M5025mfp / M5035mfp / M5039mfp / Pro M701 / M706 / MFP M435 / 500 color M551 / 700 M712 / Enterprise MFP M725 только в допополнительном лотке";['HP Color LaserJet flow MFP M880z+', 'HP LaserJet 700 color MFP M775z+', 'Canon i-SENSYS LBP352x', 'HP Color LaserJet flow MFP M880z+ NFC', 'HP LaserJet Enterprise Flow MFP M630z', 'HP Color LaserJet 4700', 'HP LaserJet 4200', 'HP LaserJet Enterprise M604dn', 'HP Color LaserJet 4700dn', 'HP LaserJet 4200L', 'HP LaserJet Enterprise M604n', 'HP Color LaserJet 4700dtn', 'HP LaserJet 4200Ln', 'HP LaserJet Enterprise M605dn', 'HP Color LaserJet 4700n', 'HP LaserJet 4200dtn', 'HP LaserJet Enterprise M605n', 'HP Color LaserJet 4700ph+', 'HP LaserJet 4200dtns', 'HP LaserJet Enterprise M605x', 'HP Color LaserJet 4730 MFP', 'HP LaserJet 4200dtnsL', 'HP LaserJet Enterprise M606dn', 'HP Color LaserJet 4730x MFP', 'HP LaserJet 4200n', 'HP LaserJet Enterprise M606x', 'HP Color LaserJet 4730xm MFP', 'HP LaserJet 4200tn', 'HP LaserJet Enterprise M806dn', 'HP Color LaserJet 4730xs MFP', 'HP LaserJet 4240', 'HP LaserJet Enterprise M806x+', 'HP Color LaserJet CM3530 MFP', 'HP LaserJet 4240n', 'HP LaserJet Enterprise M806x+ NFC', 'HP Color LaserJet CM3530fs MFP', 'HP LaserJet 4250', 'HP LaserJet Enterprise MFP M630dn', 'HP Color LaserJet CM4540 MFP', 'HP LaserJet 4250dtn', 'HP LaserJet Enterprise MFP M630f', 'HP Color LaserJet CM4540f MFP', 'HP LaserJet 4250dtnsl', 'HP LaserJet Enterprise MFP M630h', 'HP Color LaserJet CM4540fskm MFP', 'HP LaserJet 4250n', 'HP LaserJet Enterprise MFP M725dn', 'HP Color LaserJet CM4730 MFP', 'HP LaserJet 4250tn', 'HP LaserJet Enterprise MFP M725f', 'HP Color LaserJet CM4730f MFP', 'HP LaserJet 4300', 'HP LaserJet Enterprise MFP M725z', 'HP Color LaserJet CM4730fm MFP', 'HP LaserJet 4300dtn', 'HP LaserJet Enterprise MFP M725z+', 'HP Color LaserJet CM4730fsk MFP', 'HP LaserJet 4300dtns', 'HP LaserJet Enterprise flow MFP M830z', 'HP Color LaserJet CM6030 MFP', 'HP LaserJet 4300dtnsl', 'HP LaserJet Enterprise flow MFP M830z NFC', 'HP Color LaserJet CM6030f MFP', 'HP LaserJet 4300n', 'HP LaserJet M4345 MFP', 'HP Color LaserJet CM6040 MFP', 'HP LaserJet 4300tn', 'HP LaserJet M4345x MFP', 'HP Color LaserJet CM6040f MFP', 'HP LaserJet 4345 MFP', 'HP LaserJet M4345xm MFP', 'HP Color LaserJet CP3525', 'HP LaserJet 4345x MFP', 'HP LaserJet M4345xs MFP', 'HP Color LaserJet CP3525dn', 'HP LaserJet 4345xm MFP', 'HP LaserJet M4349x MFP', 'HP Color LaserJet CP3525n', 'HP LaserJet 4345xs MFP', 'HP LaserJet M4555 MFP', 'HP Color LaserJet CP3525x', 'HP LaserJet 4350', 'HP LaserJet M4555f MFP', 'HP Color LaserJet CP4005dn', 'HP LaserJet 4350dtn', 'HP LaserJet M4555fskm MFP', 'HP Color LaserJet CP4005n', 'HP LaserJet 4350dtnsl', 'HP LaserJet M4555h MFP', 'HP Color LaserJet CP4025dn', 'HP LaserJet 4350n', 'HP LaserJet M5025 MFP', 'HP Color LaserJet CP4025n', 'HP LaserJet 4350tn', 'HP LaserJet M5035 MFP', 'HP Color LaserJet CP4525dn', 'HP LaserJet 500 color M551dn', 'HP LaserJet M5035 MFP', 'HP Color LaserJet CP4525n', 'HP LaserJet 500 color M551n', 'HP LaserJet M5035x MFP', 'HP Color LaserJet CP4525xh', 'HP LaserJet 500 color M551xh', 'HP LaserJet M5035x MFP', 'HP Color LaserJet CP5225', 'HP LaserJet 500 color MFP M575dn', 'HP LaserJet M5035xs MFP', 'HP Color LaserJet CP5225dn', 'HP LaserJet 500 color MFP M575f', 'HP LaserJet M5035xs MFP', 'HP Color LaserJet CP5225n', 'HP LaserJet 5200', 'HP LaserJet M5039xs MFP', 'HP Color LaserJet CP5525dn', 'HP LaserJet 5200L', 'HP LaserJet P4014', 'HP Color LaserJet CP5525n', 'HP LaserJet 5200Lx', 'HP LaserJet P4014dn', 'HP Color LaserJet CP5525xh', 'HP LaserJet 5200dtn', 'HP LaserJet P4014n', 'HP Color LaserJet CP6015de', 'HP LaserJet 5200n', 'HP LaserJet P4015dn', 'HP Color LaserJet CP6015dn', 'HP LaserJet 5200tn', 'HP LaserJet P4015n', 'HP Color LaserJet CP6015n', 'HP LaserJet 600 M601dn', 'HP LaserJet P4015tn', 'HP Color LaserJet CP6015x', 'HP LaserJet 600 M601n', 'HP LaserJet P4015x', 'HP Color LaserJet CP6015xh', 'HP LaserJet 600 M602dn', 'HP LaserJet P4515n', 'HP Color LaserJet Enterprise Flow MFP M680dn', 'HP LaserJet 600 M602n', 'HP LaserJet P4515tn', 'HP Color LaserJet Enterprise Flow MFP M680f', 'HP LaserJet 600 M602x', 'HP LaserJet P4515x', 'HP Color LaserJet Enterprise Flow MFP M680z', 'HP LaserJet 600 M603dn', 'HP LaserJet P4515xm', 'HP Color LaserJet Enterprise M651dn', 'HP LaserJet 600 M603n', 'HP LaserJet Pro 500 color MFP M570dn', 'HP Color LaserJet Enterprise M651n', 'HP LaserJet 600 M603xh', 'HP LaserJet Pro 500 color MFP M570dw', 'HP Color LaserJet Enterprise M651xh', 'HP LaserJet 700 M712dn', 'HP LaserJet Pro M701a', 'HP Color LaserJet Enterprise M855dn', 'HP LaserJet 700 M712n', 'HP LaserJet Pro M701n', 'HP Color LaserJet Enterprise M855x+', 'HP LaserJet 700 M712xh', 'HP LaserJet Pro M706n', 'HP Color LaserJet Enterprise M855x+ NFC', 'HP LaserJet 700 color MFP M775dn', 'HP LaserJet Pro MFP M435nw', 'HP Color LaserJet Enterprise M855xh', 'HP LaserJet 700 color MFP M775f', 'HP LaserJet color flow MFP M575c', 'HP Color LaserJet flow MFP M880z', 'HP LaserJet 700 color MFP M775z'];E:\Projects\PycharmProjects\parser_profit\images\hp\RM1-0037-020CN.jpg
Подача и захват бумаги;RM1-0037-020CN;"CN | RM1-0037-020CN - Ролик подачи / отделения бумаги из кассеты
* для HP LaserJet M5025mfp / M5035mfp / M5039mfp / Pro M701 / M706 / MFP M435 / 500 color M551 / 700 M712 / Enterprise MFP M725 только в допополнительном лотке";['HP Color LaserJet flow MFP M880z+', 'HP LaserJet 700 color MFP M775z+', 'Canon i-SENSYS LBP352x', 'HP Color LaserJet flow MFP M880z+ NFC', 'HP LaserJet Enterprise Flow MFP M630z', 'HP Color LaserJet 4700', 'HP LaserJet 4200', 'HP LaserJet Enterprise M604dn', 'HP Color LaserJet 4700dn', 'HP LaserJet 4200L', 'HP LaserJet Enterprise M604n', 'HP Color LaserJet 4700dtn', 'HP LaserJet 4200Ln', 'HP LaserJet Enterprise M605dn', 'HP Color LaserJet 4700n', 'HP LaserJet 4200dtn', 'HP LaserJet Enterprise M605n', 'HP Color LaserJet 4700ph+', 'HP LaserJet 4200dtns', 'HP LaserJet Enterprise M605x', 'HP Color LaserJet 4730 MFP', 'HP LaserJet 4200dtnsL', 'HP LaserJet Enterprise M606dn', 'HP Color LaserJet 4730x MFP', 'HP LaserJet 4200n', 'HP LaserJet Enterprise M606x', 'HP Color LaserJet 4730xm MFP', 'HP LaserJet 4200tn', 'HP LaserJet Enterprise M806dn', 'HP Color LaserJet 4730xs MFP', 'HP LaserJet 4240', 'HP LaserJet Enterprise M806x+', 'HP Color LaserJet CM3530 MFP', 'HP LaserJet 4240n', 'HP LaserJet Enterprise M806x+ NFC', 'HP Color LaserJet CM3530fs MFP', 'HP LaserJet 4250', 'HP LaserJet Enterprise MFP M630dn', 'HP Color LaserJet CM4540 MFP', 'HP LaserJet 4250dtn', 'HP LaserJet Enterprise MFP M630f', 'HP Color LaserJet CM4540f MFP', 'HP LaserJet 4250dtnsl', 'HP LaserJet Enterprise MFP M630h', 'HP Color LaserJet CM4540fskm MFP', 'HP LaserJet 4250n', 'HP LaserJet Enterprise MFP M725dn', 'HP Color LaserJet CM4730 MFP', 'HP LaserJet 4250tn', 'HP LaserJet Enterprise MFP M725f', 'HP Color LaserJet CM4730f MFP', 'HP LaserJet 4300', 'HP LaserJet Enterprise MFP M725z', 'HP Color LaserJet CM4730fm MFP', 'HP LaserJet 4300dtn', 'HP LaserJet Enterprise MFP M725z+', 'HP Color LaserJet CM4730fsk MFP', 'HP LaserJet 4300dtns', 'HP LaserJet Enterprise flow MFP M830z', 'HP Color LaserJet CM6030 MFP', 'HP LaserJet 4300dtnsl', 'HP LaserJet Enterprise flow MFP M830z NFC', 'HP Color LaserJet CM6030f MFP', 'HP LaserJet 4300n', 'HP LaserJet M4345 MFP', 'HP Color LaserJet CM6040 MFP', 'HP LaserJet 4300tn', 'HP LaserJet M4345x MFP', 'HP Color LaserJet CM6040f MFP', 'HP LaserJet 4345 MFP', 'HP LaserJet M4345xm MFP', 'HP Color LaserJet CP3525', 'HP LaserJet 4345x MFP', 'HP LaserJet M4345xs MFP', 'HP Color LaserJet CP3525dn', 'HP LaserJet 4345xm MFP', 'HP LaserJet M4349x MFP', 'HP Color LaserJet CP3525n', 'HP LaserJet 4345xs MFP', 'HP LaserJet M4555 MFP', 'HP Color LaserJet CP3525x', 'HP LaserJet 4350', 'HP LaserJet M4555f MFP', 'HP Color LaserJet CP4005dn', 'HP LaserJet 4350dtn', 'HP LaserJet M4555fskm MFP', 'HP Color LaserJet CP4005n', 'HP LaserJet 4350dtnsl', 'HP LaserJet M4555h MFP', 'HP Color LaserJet CP4025dn', 'HP LaserJet 4350n', 'HP LaserJet M5025 MFP', 'HP Color LaserJet CP4025n', 'HP LaserJet 4350tn', 'HP LaserJet M5035 MFP', 'HP Color LaserJet CP4525dn', 'HP LaserJet 500 color M551dn', 'HP LaserJet M5035 MFP', 'HP Color LaserJet CP4525n', 'HP LaserJet 500 color M551n', 'HP LaserJet M5035x MFP', 'HP Color LaserJet CP4525xh', 'HP LaserJet 500 color M551xh', 'HP LaserJet M5035x MFP', 'HP Color LaserJet CP5225', 'HP LaserJet 500 color MFP M575dn', 'HP LaserJet M5035xs MFP', 'HP Color LaserJet CP5225dn', 'HP LaserJet 500 color MFP M575f', 'HP LaserJet M5035xs MFP', 'HP Color LaserJet CP5225n', 'HP LaserJet 5200', 'HP LaserJet M5039xs MFP', 'HP Color LaserJet CP5525dn', 'HP LaserJet 5200L', 'HP LaserJet P4014', 'HP Color LaserJet CP5525n', 'HP LaserJet 5200Lx', 'HP LaserJet P4014dn', 'HP Color LaserJet CP5525xh', 'HP LaserJet 5200dtn', 'HP LaserJet P4014n', 'HP Color LaserJet CP6015de', 'HP LaserJet 5200n', 'HP LaserJet P4015dn', 'HP Color LaserJet CP6015dn', 'HP LaserJet 5200tn', 'HP LaserJet P4015n', 'HP Color LaserJet CP6015n', 'HP LaserJet 600 M601dn', 'HP LaserJet P4015tn', 'HP Color LaserJet CP6015x', 'HP LaserJet 600 M601n', 'HP LaserJet P4015x', 'HP Color LaserJet CP6015xh', 'HP LaserJet 600 M602dn', 'HP LaserJet P4515n', 'HP Color LaserJet Enterprise Flow MFP M680dn', 'HP LaserJet 600 M602n', 'HP LaserJet P4515tn', 'HP Color LaserJet Enterprise Flow MFP M680f', 'HP LaserJet 600 M602x', 'HP LaserJet P4515x', 'HP Color LaserJet Enterprise Flow MFP M680z', 'HP LaserJet 600 M603dn', 'HP LaserJet P4515xm', 'HP Color LaserJet Enterprise M651dn', 'HP LaserJet 600 M603n', 'HP LaserJet Pro 500 color MFP M570dn', 'HP Color LaserJet Enterprise M651n', 'HP LaserJet 600 M603xh', 'HP LaserJet Pro 500 color MFP M570dw', 'HP Color LaserJet Enterprise M651xh', 'HP LaserJet 700 M712dn', 'HP LaserJet Pro M701a', 'HP Color LaserJet Enterprise M855dn', 'HP LaserJet 700 M712n', 'HP LaserJet Pro M701n', 'HP Color LaserJet Enterprise M855x+', 'HP LaserJet 700 M712xh', 'HP LaserJet Pro M706n', 'HP Color LaserJet Enterprise M855x+ NFC', 'HP LaserJet 700 color MFP M775dn', 'HP LaserJet Pro MFP M435nw', 'HP Color LaserJet Enterprise M855xh', 'HP LaserJet 700 color MFP M775f', 'HP LaserJet color flow MFP M575c', 'HP Color LaserJet flow MFP M880z', 'HP LaserJet 700 color MFP M775z', 'Canon i-SENSYS LBP351x', 'HP Color LaserJet flow MFP M880z+', 'HP LaserJet 700 color MFP M775z+', 'Canon i-SENSYS LBP352x', 'HP Color LaserJet flow MFP M880z+ NFC', 'HP LaserJet Enterprise Flow MFP M630z', 'HP Color LaserJet 4700', 'HP LaserJet 4200', 'HP LaserJet Enterprise M604dn', 'HP Color LaserJet 4700dn', 'HP LaserJet 4200L', 'HP LaserJet Enterprise M604n', 'HP Color LaserJet 4700dtn', 'HP LaserJet 4200Ln', 'HP LaserJet Enterprise M605dn', 'HP Color LaserJet 4700n', 'HP LaserJet 4200dtn', 'HP LaserJet Enterprise M605n', 'HP Color LaserJet 4700ph+', 'HP LaserJet 4200dtns', 'HP LaserJet Enterprise M605x', 'HP Color LaserJet 4730 MFP', 'HP LaserJet 4200dtnsL', 'HP LaserJet Enterprise M606dn', 'HP Color LaserJet 4730x MFP', 'HP LaserJet 4200n', 'HP LaserJet Enterprise M606x', 'HP Color LaserJet 4730xm MFP', 'HP LaserJet 4200tn', 'HP LaserJet Enterprise M806dn', 'HP Color LaserJet 4730xs MFP', 'HP LaserJet 4240', 'HP LaserJet Enterprise M806x+', 'HP Color LaserJet CM3530 MFP', 'HP LaserJet 4240n', 'HP LaserJet Enterprise M806x+ NFC', 'HP Color LaserJet CM3530fs MFP', 'HP LaserJet 4250', 'HP LaserJet Enterprise MFP M630dn', 'HP Color LaserJet CM4540 MFP', 'HP LaserJet 4250dtn', 'HP LaserJet Enterprise MFP M630f', 'HP Color LaserJet CM4540f MFP', 'HP LaserJet 4250dtnsl', 'HP LaserJet Enterprise MFP M630h', 'HP Color LaserJet CM4540fskm MFP', 'HP LaserJet 4250n', 'HP LaserJet Enterprise MFP M725dn', 'HP Color LaserJet CM4730 MFP', 'HP LaserJet 4250tn', 'HP LaserJet Enterprise MFP M725f', 'HP Color LaserJet CM4730f MFP', 'HP LaserJet 4300', 'HP LaserJet Enterprise MFP M725z', 'HP Color LaserJet CM4730fm MFP', 'HP LaserJet 4300dtn', 'HP LaserJet Enterprise MFP M725z+', 'HP Color LaserJet CM4730fsk MFP', 'HP LaserJet 4300dtns', 'HP LaserJet Enterprise flow MFP M830z', 'HP Color LaserJet CM6030 MFP', 'HP LaserJet 4300dtnsl', 'HP LaserJet Enterprise flow MFP M830z NFC', 'HP Color LaserJet CM6030f MFP', 'HP LaserJet 4300n', 'HP LaserJet M4345 MFP', 'HP Color LaserJet CM6040 MFP', 'HP LaserJet 4300tn', 'HP LaserJet M4345x MFP', 'HP Color LaserJet CM6040f MFP', 'HP LaserJet 4345 MFP', 'HP LaserJet M4345xm MFP', 'HP Color LaserJet CP3525', 'HP LaserJet 4345x MFP', 'HP LaserJet M4345xs MFP', 'HP Color LaserJet CP3525dn', 'HP LaserJet 4345xm MFP', 'HP LaserJet M4349x MFP', 'HP Color LaserJet CP3525n', 'HP LaserJet 4345xs MFP', 'HP LaserJet M4555 MFP', 'HP Color LaserJet CP3525x', 'HP LaserJet 4350', 'HP LaserJet M4555f MFP', 'HP Color LaserJet CP4005dn', 'HP LaserJet 4350dtn', 'HP LaserJet M4555fskm MFP', 'HP Color LaserJet CP4005n', 'HP LaserJet 4350dtnsl', 'HP LaserJet M4555h MFP', 'HP Color LaserJet CP4025dn', 'HP LaserJet 4350n', 'HP LaserJet M5025 MFP', 'HP Color LaserJet CP4025n', 'HP LaserJet 4350tn', 'HP LaserJet M5035 MFP', 'HP Color LaserJet CP4525dn', 'HP LaserJet 500 color M551dn', 'HP LaserJet M5035 MFP', 'HP Color LaserJet CP4525n', 'HP LaserJet 500 color M551n', 'HP LaserJet M5035x MFP', 'HP Color LaserJet CP4525xh', 'HP LaserJet 500 color M551xh', 'HP LaserJet M5035x MFP', 'HP Color LaserJet CP5225', 'HP LaserJet 500 color MFP M575dn', 'HP LaserJet M5035xs MFP', 'HP Color LaserJet CP5225dn', 'HP LaserJet 500 color MFP M575f', 'HP LaserJet M5035xs MFP', 'HP Color LaserJet CP5225n', 'HP LaserJet 5200', 'HP LaserJet M5039xs MFP', 'HP Color LaserJet CP5525dn', 'HP LaserJet 5200L', 'HP LaserJet P4014', 'HP Color LaserJet CP5525n', 'HP LaserJet 5200Lx', 'HP LaserJet P4014dn', 'HP Color LaserJet CP5525xh', 'HP LaserJet 5200dtn', 'HP LaserJet P4014n', 'HP Color LaserJet CP6015de', 'HP LaserJet 5200n', 'HP LaserJet P4015dn', 'HP Color LaserJet CP6015dn', 'HP LaserJet 5200tn', 'HP LaserJet P4015n', 'HP Color LaserJet CP6015n', 'HP LaserJet 600 M601dn', 'HP LaserJet P4015tn', 'HP Color LaserJet CP6015x', 'HP LaserJet 600 M601n', 'HP LaserJet P4015x', 'HP Color LaserJet CP6015xh', 'HP LaserJet 600 M602dn', 'HP LaserJet P4515n', 'HP Color LaserJet Enterprise Flow MFP M680dn', 'HP LaserJet 600 M602n', 'HP LaserJet P4515tn', 'HP Color LaserJet Enterprise Flow MFP M680f', 'HP LaserJet 600 M602x', 'HP LaserJet P4515x', 'HP Color LaserJet Enterprise Flow MFP M680z', 'HP LaserJet 600 M603dn', 'HP LaserJet P4515xm', 'HP Color LaserJet Enterprise M651dn', 'HP LaserJet 600 M603n', 'HP LaserJet Pro 500 color MFP M570dn', 'HP Color LaserJet Enterprise M651n', 'HP LaserJet 600 M603xh', 'HP LaserJet Pro 500 color MFP M570dw', 'HP Color LaserJet Enterprise M651xh', 'HP LaserJet 700 M712dn', 'HP LaserJet Pro M701a', 'HP Color LaserJet Enterprise M855dn', 'HP LaserJet 700 M712n', 'HP LaserJet Pro M701n', 'HP Color LaserJet Enterprise M855x+', 'HP LaserJet 700 M712xh', 'HP LaserJet Pro M706n', 'HP Color LaserJet Enterprise M855x+ NFC', 'HP LaserJet 700 color MFP M775dn', 'HP LaserJet Pro MFP M435nw', 'HP Color LaserJet Enterprise M855xh', 'HP LaserJet 700 color MFP M775f', 'HP LaserJet color flow MFP M575c', 'HP Color LaserJet flow MFP M880z', 'HP LaserJet 700 color MFP M775z'];E:\Projects\PycharmProjects\parser_profit\images\hp\RM1-0037-020CN.jpg
Подача и захват бумаги;RM1-5919-000CN;RM1-5919-000CN - Узел захвата бумаги из кассеты, в сборе;['HP Color LaserJet Enterprise Flow MFP M680z', 'HP LaserJet Enterprise MFP M630dn', 'HP Color LaserJet CM4540f MFP', 'HP Color LaserJet Enterprise M651dn', 'HP LaserJet Enterprise MFP M630f', 'HP Color LaserJet CM4540fskm MFP', 'HP Color LaserJet Enterprise M651n', 'HP LaserJet Enterprise MFP M630h', 'HP Color LaserJet CP4025dn', 'HP Color LaserJet Enterprise M651xh', 'HP LaserJet M4555 MFP', 'HP Color LaserJet CP4025n', 'HP LaserJet 500 color M551dn', 'HP LaserJet M4555f MFP', 'HP Color LaserJet CP4525dn', 'HP LaserJet 500 color M551n', 'HP LaserJet M4555fskm MFP', 'HP Color LaserJet CP4525n', 'HP LaserJet 500 color M551xh', 'HP LaserJet M4555h MFP', 'HP Color LaserJet CP4525xh', 'HP LaserJet 500 color MFP M575dn', 'HP LaserJet Pro 500 color MFP M570dn', 'HP Color LaserJet Enterprise Flow MFP M680dn', 'HP LaserJet 500 color MFP M575f', 'HP LaserJet Pro 500 color MFP M570dw', 'HP Color LaserJet Enterprise Flow MFP M680f', 'HP LaserJet Enterprise Flow MFP M630z', 'HP LaserJet color flow MFP M575c'];E:\Projects\PycharmProjects\parser_profit\images\hp\RM1-5919-000CN.jpg
Подача и захват бумаги;RM1-6198-010CN;RM1-6198-010CN - Кассета на 500 листов, в сборе (лоток 3);['HP Color LaserJet CP3525x', 'HP LaserJet 500 color MFP M575f', 'HP Color LaserJet CM3530fs MFP', 'HP LaserJet 500 color M551dn', 'HP LaserJet Pro 500 color MFP M570dn', 'HP Color LaserJet CP3525', 'HP LaserJet 500 color M551n', 'HP LaserJet Pro 500 color MFP M570dw', 'HP Color LaserJet CP3525dn', 'HP LaserJet 500 color M551xh', 'HP LaserJet color flow MFP M575c', 'HP Color LaserJet CP3525n', 'HP LaserJet 500 color MFP M575dn'];E:\Projects\PycharmProjects\parser_profit\images\hp\RM1-6198-010CN.jpg
Подача и захват бумаги;RM1-8125-000CN;RM1-8125-000CN - Кассета на 500 листов, в сборе (лоток 2);['HP LaserJet 500 color M551n', 'HP LaserJet 500 color M551xh'];
Подача и захват бумаги;RM1-8129-000;RM1-8129-000 - Ролик отделения бумаги из кассеты, в сборе (лоток 2);['HP LaserJet 500 color M551dn', 'HP LaserJet 500 color MFP M575dn', 'Canon imageCLASS LBP7780Cdn', 'HP LaserJet 500 color M551n', 'HP LaserJet 500 color MFP M575f', 'Canon imageCLASS LBP7780Cx', 'HP LaserJet 500 color M551xh', 'HP LaserJet color flow MFP M575c'];E:\Projects\PycharmProjects\parser_profit\images\hp\RM1-8129-000.jpg
Подача и захват бумаги;RM1-8131-000;RM1-8131-000 - Ролик захвата бумаги из кассеты (лоток 2);['HP LaserJet 500 color M551dn', 'HP LaserJet 500 color MFP M575dn', 'Canon imageCLASS LBP7780Cdn', 'HP LaserJet 500 color M551n', 'HP LaserJet 500 color MFP M575f', 'Canon imageCLASS LBP7780Cx', 'HP LaserJet 500 color M551xh', 'HP LaserJet color flow MFP M575c'];E:\Projects\PycharmProjects\parser_profit\images\hp\RM1-8131-000.jpg
Внутренние компоненты;CE254A;CE254A - Контейнер для отработанного тонера;['HP Color LaserJet CP3525x', 'HP LaserJet 500 color MFP M575f', 'HP Color LaserJet CM3530fs MFP', 'HP LaserJet 500 color M551dn', 'HP LaserJet Pro 500 color MFP M570dn', 'HP Color LaserJet CP3525', 'HP LaserJet 500 color M551n', 'HP LaserJet Pro 500 color MFP M570dw', 'HP Color LaserJet CP3525dn', 'HP LaserJet 500 color M551xh', 'HP Color LaserJet CP3525n', 'HP LaserJet 500 color MFP M575dn'];E:\Projects\PycharmProjects\parser_profit\images\hp\CE254A.jpg
Внутренние компоненты;CE254A;CET | CE254A - (CET6907) Контейнер для отработанного тонера;['HP Color LaserJet CP3525x', 'HP LaserJet 500 color MFP M575f', 'HP Color LaserJet CM3530fs MFP', 'HP LaserJet 500 color M551dn', 'HP LaserJet Pro 500 color MFP M570dn', 'HP Color LaserJet CP3525', 'HP LaserJet 500 color M551n', 'HP LaserJet Pro 500 color MFP M570dw', 'HP Color LaserJet CP3525dn', 'HP LaserJet 500 color M551xh', 'HP Color LaserJet CP3525n', 'HP LaserJet 500 color MFP M575dn'];E:\Projects\PycharmProjects\parser_profit\images\hp\CE254A.jpg
Внутренние компоненты;CF081-67910;CF081-67910 - Главный редуктор, в сборе;['HP LaserJet 500 color M551n', 'HP LaserJet 500 color M551xh'];E:\Projects\PycharmProjects\parser_profit\images\hp\CF081-67910.jpg
Внутренние компоненты;RK2-2416-000CN;RK2-2416-000CN - Вентилятор (правый);['HP Color LaserJet Enterprise M553n', 'HP LaserJet Enterprise MFP M725dn', 'Canon i-SENSYS LBP712Cx', 'HP Color LaserJet Enterprise M553x', 'HP LaserJet Enterprise MFP M725f', 'HP Color LaserJet CM3530 MFP', 'HP Color LaserJet Enterprise MFP M577dn', 'HP LaserJet Enterprise MFP M725z', 'HP Color LaserJet CM3530fs MFP', 'HP Color LaserJet Enterprise MFP M577f', 'HP LaserJet Enterprise MFP M725z+', 'HP Color LaserJet CP3525', 'HP LaserJet 500 MFP M525c', 'HP LaserJet Pro 500 color MFP M570dn', 'HP Color LaserJet CP3525dn', 'HP LaserJet 500 MFP M525dn', 'HP LaserJet Pro 500 color MFP M570dw', 'HP Color LaserJet CP3525n', 'HP LaserJet 500 MFP M525f', 'HP LaserJet Pro MFP M521dn', 'HP Color LaserJet CP3525x', 'HP LaserJet 500 color M551dn', 'HP LaserJet Pro MFP M521dw', 'HP Color LaserJet Enterprise Flow MFP M577c', 'HP LaserJet 500 color M551n', 'HP LaserJet color flow MFP M575c', 'HP Color LaserJet Enterprise Flow MFP M577z', 'HP LaserJet 500 color M551xh', 'HP LaserJet flow MFP M525c', 'HP Color LaserJet Enterprise M552dn', 'HP LaserJet 500 color MFP M575dn', 'HP Color LaserJet Enterprise M553dn', 'HP LaserJet 500 color MFP M575f'];E:\Projects\PycharmProjects\parser_profit\images\hp\RK2-2416-000CN.jpg
Внутренние компоненты;RK2-2418-000CN;RK2-2418-000CN - Вентилятор;['HP Color LaserJet CP4025dn', 'HP Color LaserJet Enterprise MFP M577dn', 'Canon i-SENSYS LBP712Cx', 'HP Color LaserJet CP4025n', 'HP Color LaserJet Enterprise MFP M577f', 'HP Color LaserJet CM3530 MFP', 'HP Color LaserJet CP4525dn', 'HP LaserJet 500 color M551dn', 'HP Color LaserJet CM3530fs MFP', 'HP Color LaserJet CP4525n', 'HP LaserJet 500 color M551n', 'HP Color LaserJet CM4540 MFP', 'HP Color LaserJet CP4525xh', 'HP LaserJet 500 color M551xh', 'HP Color LaserJet CM4540f MFP', 'HP Color LaserJet Enterprise Flow MFP M577c', 'HP LaserJet 500 color MFP M575dn', 'HP Color LaserJet CM4540fskm MFP', 'HP Color LaserJet Enterprise Flow MFP M577z', 'HP LaserJet 500 color MFP M575f', 'HP Color LaserJet CP3525', 'HP Color LaserJet Enterprise M552dn', 'HP LaserJet Pro 500 color MFP M570dn', 'HP Color LaserJet CP3525dn', 'HP Color LaserJet Enterprise M553dn', 'HP LaserJet Pro 500 color MFP M570dw', 'HP Color LaserJet CP3525n', 'HP Color LaserJet Enterprise M553n', 'HP LaserJet color flow MFP M575c', 'HP Color LaserJet CP3525x', 'HP Color LaserJet Enterprise M553x'];E:\Projects\PycharmProjects\parser_profit\images\hp\RK2-2418-000CN.jpg
Внутренние компоненты;RM1-8135-000CN;RM1-8135-000CN - Редуктор захвата бумаги из кассеты, в сборе (лоток 2 / мотор в комплекте);['HP LaserJet 500 color MFP M575dn', 'HP LaserJet color flow MFP M575c', 'HP LaserJet 500 color M551n', 'HP LaserJet 500 color MFP M575f', 'P LaserJet Pro 500 color MFP M570dw', 'HP LaserJet 500 color M551xh', 'HP LaserJet Pro 500 color MFP M570dn'];
Внутренние компоненты;RM1-8136-000CN;RM1-8136-000CN - Привод подъёмника, в сборе;['HP LaserJet 500 color M551n', 'HP LaserJet 500 color M551xh'];
Внутренние компоненты;RM1-8138-010CN;RM1-8138-010CN - Узел отвода отработанного тонера, в сборе;['HP LaserJet 500 color M551n', 'HP LaserJet Pro 500 color MFP M570dn', 'Canon imageCLASS LBP7780Cdn', 'HP LaserJet 500 color M551xh', 'HP LaserJet Pro 500 color MFP M570dw', 'Canon imageCLASS LBP7780Cx', 'HP LaserJet 500 color MFP M575dn', 'HP LaserJet color flow MFP M575c', 'HP LaserJet 500 color M551dn', 'HP LaserJet 500 color MFP M575f'];E:\Projects\PycharmProjects\parser_profit\images\hp\RM1-8138-010CN.jpg
Внутренние компоненты;WG8-5935-000CN;WG8-5935-000CN - Датчик;['Canon imageRUNNER ADVANCE C356P', 'HP Color LaserJet Pro MFP M377dw', 'Canon i-SENSYS LBP654Cx', 'Canon imageRUNNER ADVANCE C356i', 'HP Color LaserJet Pro MFP M477fdn', 'Canon i-SENSYS LBP710Cx', 'Canon imageRUNNER ADVANCE C5235', 'HP Color LaserJet Pro MFP M477fdw', 'Canon i-SENSYS LBP712Cx', 'Canon imageRUNNER ADVANCE C5235i', 'HP Color LaserJet Pro MFP M477fnw', 'Canon i-SENSYS LBP7210Cdn', 'Canon imageRUNNER ADVANCE C5240', 'HP Color LaserJet Pro MFP M479dw', 'Canon i-SENSYS LBP7660Cdn', 'Canon imageRUNNER ADVANCE C5240i', 'HP Color LaserJet Pro MFP M479fdn', 'Canon i-SENSYS LBP7680Cx', 'Canon imageRUNNER ADVANCE C5250', 'HP Color LaserJet Pro MFP M479fdw', 'Canon i-SENSYS LBP7780Cx', 'Canon imageRUNNER ADVANCE C5250i', 'HP Color LaserJet Pro MFP M479fnw', 'Canon i-SENSYS MF732Cdw', 'Canon imageRUNNER ADVANCE C5255', 'HP Color LaserJet flow MFP M880z', 'Canon i-SENSYS MF734Cdw', 'Canon imageRUNNER ADVANCE C5255i', 'HP Color LaserJet flow MFP M880z+', 'Canon i-SENSYS MF735Cx', 'Canon imageRUNNER C1325', 'HP Color LaserJet flow MFP M880z+ NFC', 'Canon imageCLASS LBP7660Cdn', 'Canon imageRUNNER C1325iF', 'HP LaserJet 500 MFP M525c', 'Canon imageCLASS LBP7780Cdn', 'Canon imageRUNNER C1325iF', 'HP LaserJet 500 MFP M525d', 'Canon imageCLASS LBP7780Cx', 'HP Color LaserJet Enterprise Flow MFP M680dn', 'HP LaserJet 500 MFP M525f', 'Canon imageRUNNER ADVANCE C2220', 'HP Color LaserJet Enterprise Flow MFP M680f', 'HP LaserJet 500 color M551dn', 'Canon imageRUNNER ADVANCE C2220L', 'HP Color LaserJet Enterprise Flow MFP M680z', 'HP LaserJet 500 color M551n', 'Canon imageRUNNER ADVANCE C2220i', 'HP Color LaserJet Enterprise M651dn', 'HP LaserJet 500 color M551xh', 'Canon imageRUNNER ADVANCE C2225', 'HP Color LaserJet Enterprise M651n', 'HP LaserJet 500 color MFP M575dn', 'Canon imageRUNNER ADVANCE C2225i', 'HP Color LaserJet Enterprise M651xh', 'HP LaserJet 500 color MFP M575f', 'Canon imageRUNNER ADVANCE C2230', 'HP Color LaserJet Enterprise M750dn', 'HP LaserJet 700 M712dn', 'Canon imageRUNNER ADVANCE C2230i', 'HP Color LaserJet Enterprise M750n', 'HP LaserJet 700 M712n', 'Canon imageRUNNER ADVANCE C250i', 'HP Color LaserJet Enterprise M750xh', 'HP LaserJet 700 M712xh', 'Canon imageRUNNER ADVANCE C250iF', 'HP Color LaserJet Enterprise M855dn', 'HP LaserJet Enterprise MFP M725dn', 'Canon imageRUNNER ADVANCE C256i', 'HP Color LaserJet Enterprise M855x+', 'HP LaserJet Enterprise MFP M725f', 'Canon imageRUNNER ADVANCE C3320', 'HP Color LaserJet Enterprise M855x+ NFC', 'HP LaserJet Enterprise MFP M725z', 'Canon imageRUNNER ADVANCE C3320i', 'HP Color LaserJet Enterprise M855xh', 'HP LaserJet Enterprise MFP M725z+', 'Canon imageRUNNER ADVANCE C3325', 'HP Color LaserJet Pro M452dn', 'HP LaserJet Pro 500 color MFP M570dn', 'Canon imageRUNNER ADVANCE C3325i', 'HP Color LaserJet Pro M452dw', 'HP LaserJet Pro 500 color MFP M570dw', 'Canon imageRUNNER ADVANCE C3330i', 'HP Color LaserJet Pro M452nw', 'HP LaserJet Pro MFP M521dn', 'Canon imageRUNNER ADVANCE C350i', 'HP Color LaserJet Pro M454dn', 'HP LaserJet Pro MFP M521dw', 'Canon imageRUNNER ADVANCE C350iF', 'HP Color LaserJet Pro M454dw', 'HP LaserJet color flow MFP M575c', 'Canon imageRUNNER ADVANCE C351iF', 'HP Color LaserJet Pro M454nw', 'HP LaserJet flow MFP M525c'];E:\Projects\PycharmProjects\parser_profit\images\hp\WG8-5935-000CN.jpg
Внутренние компоненты;RC2-4734-000;RC2-4734-000 - Пружина;['HP LaserJet 500 color M551n', 'HP LaserJet Pro 500 color MFP M570dn', 'Canon imageCLASS LBP7780Cdn', 'HP LaserJet 500 color M551xh', 'HP LaserJet Pro 500 color MFP M570dw', 'Canon imageCLASS LBP7780Cx', 'HP LaserJet 500 color MFP M575dn', 'HP LaserJet color flow MFP M575c', 'HP LaserJet 500 color M551dn', 'HP LaserJet 500 color MFP M575f'];
Внутренние компоненты;RC3-1231-000CN;RC3-1231-000CN - Держатель;['Canon imageCLASS LBP7780Cx', 'HP LaserJet 500 color M551n', 'Canon imageCLASS LBP7780Cdn', 'HP LaserJet 500 color M551dn'];
Внутренние компоненты;RC2-4831-000CN;RC2-4831-000CN - Ролик;['Canon imageCLASS LBP7780Cx', 'HP LaserJet 500 color M551n', 'Canon imageCLASS LBP7780Cdn', 'HP LaserJet 500 color M551dn', 'HP LaserJet 500 color M551xh'];
Внутренние компоненты;RU7-2192-000CN;RU7-2192-000CN - Натяжная пружина;['HP LaserJet 500 color M551dn', 'HP LaserJet 500 color MFP M575d', 'Canon imageCLASS LBP7780Cdn', 'HP LaserJet 500 color M551n', 'HP LaserJet 500 color MFP M575f', 'Canon imageCLASS LBP7780Cx', 'HP LaserJet 500 color M551xh', 'HP LaserJet color flow MFP M575c'];
Внутренние компоненты;RU6-2237-000CN;RU6-2237-000CN - Пружина;['HP Color LaserJet CP3525', 'HP Color LaserJet CP4525xh', 'Canon imageCLASS LBP7780Cdn', 'HP Color LaserJet CP3525dn', 'HP LaserJet 500 color M551dn', 'Canon imageCLASS LBP7780Cx', 'HP Color LaserJet CP3525n', 'HP LaserJet 500 color M551n', 'HP Color LaserJet CM3530 MFP', 'HP Color LaserJet CP3525x', 'HP LaserJet 500 color M551xh', 'HP Color LaserJet CM3530fs MFP', 'HP Color LaserJet CP4025dn', 'HP LaserJet 500 color MFP M575d', 'HP Color LaserJet CM4540 MFP', 'HP Color LaserJet CP4025n', 'HP LaserJet 500 color MFP M575f', 'HP Color LaserJet CM4540f MFP', 'HP Color LaserJet CP4525dn', 'HP LaserJet color flow MFP M575c', 'HP Color LaserJet CM4540fskm MFP', 'HP Color LaserJet CP4525n'];
Внутренние компоненты;RC2-3983-030CN;RC2-3983-030CN - Передний рычаг прижима картриджа;['HP Color LaserJet CP3525', 'HP Color LaserJet CP4525xh', 'Canon imageCLASS LBP7780Cdn', 'HP Color LaserJet CP3525dn', 'HP LaserJet 500 color M551dn', 'Canon imageCLASS LBP7780Cx', 'HP Color LaserJet CP3525n', 'HP LaserJet 500 color M551n', 'HP Color LaserJet CM3530 MFP', 'HP Color LaserJet CP3525x', 'HP LaserJet 500 color M551xh', 'HP Color LaserJet CM3530fs MFP', 'HP Color LaserJet CP4025dn', 'HP LaserJet 500 color MFP M575d', 'HP Color LaserJet CM4540 MFP', 'HP Color LaserJet CP4025n', 'HP LaserJet 500 color MFP M575f', 'HP Color LaserJet CM4540f MFP', 'HP Color LaserJet CP4525dn', 'HP LaserJet color flow MFP M575c', 'HP Color LaserJet CM4540fskm MFP', 'HP Color LaserJet CP4525n'];
Внутренние компоненты;RC2-5951-000CN;RC2-5951-000CN - Рычаг;['HP Color LaserJet CP3525', 'HP LaserJet 500 color M551n', 'Canon imageCLASS LBP7780Cdn', 'HP Color LaserJet CP3525dn', 'HP LaserJet 500 color M551xh', 'Canon imageCLASS LBP7780Cx', 'HP Color LaserJet CP3525n', 'HP LaserJet 500 color MFP M575dn', 'HP Color LaserJet CM3530 MFP', 'HP Color LaserJet CP3525x', 'HP LaserJet 500 color MFP M575f', 'HP Color LaserJet CM3530fs MFP', 'HP LaserJet 500 color M551dn', 'HP LaserJet color flow MFP M575c'];
Внутренние компоненты;RM1-5746-000CN;RM1-5746-000CN - Кабель вентиляторов, в сборе;['HP Color LaserJet CP3525dn', 'HP LaserJet 500 color MFP M575dn', 'Canon imageCLASS LBP7780Cdn', 'HP Color LaserJet CP3525n', 'HP LaserJet 500 color MFP M575f', 'Canon imageCLASS LBP7780Cx', 'HP Color LaserJet CP3525x', 'HP LaserJet Pro 500 color MFP M570dn', 'HP Color LaserJet CM3530 MFP', 'HP LaserJet 500 color M551dn', 'HP LaserJet Pro 500 color MFP M570dw', 'HP Color LaserJet CM3530fs MFP', 'HP LaserJet 500 color M551n', 'HP LaserJet color flow MFP M575c', 'HP Color LaserJet CP3525', 'HP LaserJet 500 color M551xh'];
Узел переноса;CF081-67904;CF081-67904 - Узел переноса изображения;['HP LaserJet 500 color M551n', 'HP LaserJet 500 color M551xh'];E:\Projects\PycharmProjects\parser_profit\images\hp\CF081-67904.jpg
Узел переноса;CF081-67908;CF081-67908 - Узел вторичного переноса заряда (для моделей без двухсторонней печати);[];E:\Projects\PycharmProjects\parser_profit\images\hp\CF081-67908.jpg
Электронные компоненты;CC468-67917;CC468-67917 - Блок лазера;['HP Color LaserJet CP3525dn', 'HP LaserJet 500 color M551dn', 'HP Color LaserJet CM3530fs MFP', 'HP Color LaserJet CP3525n', 'HP LaserJet 500 color M551n', 'HP Color LaserJet CP3525', 'HP Color LaserJet CP3525x', 'HP LaserJet 500 color M551xh'];
Электронные компоненты;CF081-69002;CF081-69002 - Плата форматтера;['HP LaserJet 500 color M551n', 'HP LaserJet 500 color M551xh'];E:\Projects\PycharmProjects\parser_profit\images\hp\CF081-69002.jpg
Электронные компоненты;RK2-2415-000CN;RK2-2415-000CN - Мотор переключения картриджей;['HP Color LaserJet CP3525x', 'HP Color LaserJet Enterprise M651xh', 'Canon imageCLASS LBP7780Cdn', 'HP Color LaserJet CP4025dn', 'HP LaserJet 500 color M551dn', 'Canon imageCLASS LBP7780Cx', 'HP Color LaserJet CP4025n', 'HP LaserJet 500 color M551n', 'HP Color LaserJet CM3530 MFP', 'HP Color LaserJet CP4525dn', 'HP LaserJet 500 color M551xh', 'HP Color LaserJet CM3530fs MFP', 'HP Color LaserJet CP4525n', 'HP LaserJet 500 color MFP M575dn', 'HP Color LaserJet CM4540 MFP', 'HP Color LaserJet CP4525xh', 'HP LaserJet 500 color MFP M575f', 'HP Color LaserJet CM4540f MFP', 'HP Color LaserJet Enterprise Flow MFP M680dn', 'HP LaserJet Pro 500 color MFP M570dn', 'HP Color LaserJet CM4540fskm MFP', 'HP Color LaserJet Enterprise Flow MFP M680f', 'HP LaserJet Pro 500 color MFP M570dw', 'HP Color LaserJet CP3525', 'HP Color LaserJet Enterprise Flow MFP M680z', 'HP LaserJet color flow MFP M575c', 'HP Color LaserJet CP3525dn', 'HP Color LaserJet Enterprise M651dn', 'HP Color LaserJet CP3525n', 'HP Color LaserJet Enterprise M651n'];
Электронные компоненты;RM1-4983-000CN;RM1-4983-000CN - Мотор привода печки;['HP Color LaserJet Enterprise M651dn', 'HP LaserJet 500 color MFP M575dn', 'HP Color LaserJet CM4540f MFP', 'HP Color LaserJet Enterprise M651n', 'HP LaserJet 500 color MFP M575f', 'HP Color LaserJet CM4540fskm MFP', 'HP Color LaserJet Enterprise M651xh', 'HP LaserJet Pro 500 color MFP M570dn', 'HP Color LaserJet Enterprise Flow MFP M680dn', 'HP LaserJet 500 color M551dn', 'HP LaserJet Pro 500 color MFP M570dw', 'HP Color LaserJet Enterprise Flow MFP M680f', 'HP LaserJet 500 color M551n', 'HP Color LaserJet Enterprise Flow MFP M680z', 'HP LaserJet 500 color M551xh'];E:\Projects\PycharmProjects\parser_profit\images\hp\RM1-4983-000CN.jpg
Электронные компоненты;RM1-5773-000CN;RM1-5773-000CN - Мотор привода узла захвата бумаги;['HP LaserJet 500 color MFP M575dn', 'HP LaserJet Pro 500 color MFP M570dw', 'HP LaserJet 500 color M551n', 'HP LaserJet 500 color MFP M575f', 'HP LaserJet color flow MFP M575c', 'HP LaserJet 500 color M551xh', 'HP LaserJet Pro 500 color MFP M570dn'];
Электронные компоненты;RM1-8087-000CN;RM1-8087-000CN - Плата высоковольтного питания (нижняя);['HP LaserJet 500 color M551xh', 'HP LaserJet Pro 500 color MFP M570dw', 'Canon imageCLASS LBP7780Cdn', 'HP LaserJet 500 color MFP M575dn', 'HP LaserJet Pro 500 color MFP M570dw', 'Canon imageCLASS LBP7780Cx', 'HP LaserJet 500 color MFP M575f', 'HP LaserJet color flow MFP M575c', 'HP LaserJet 500 color M551dn', 'HP LaserJet Pro 500 color MFP M570dn', 'HP LaserJet 500 color M551n', 'HP LaserJet Pro 500 color MFP M570dn'];E:\Projects\PycharmProjects\parser_profit\images\hp\RM1-8087-000CN.jpg
Электронные компоненты;RM1-8089-000CN;RM1-8089-000CN - Плата высоковольтного питания (верхняя / для моделей без двухсторонней печати);[];E:\Projects\PycharmProjects\parser_profit\images\hp\RM1-8089-000CN.jpg
Электронные компоненты;RM1-8096-000CN;RM1-8096-000CN - Панель управления, в сборе;['HP LaserJet 500 color M551n', 'HP LaserJet 500 color M551xh'];
Электронные компоненты;RM1-8104-000CN;RM1-8104-000CN - Плата управления питанием;['HP LaserJet 500 color M551n', 'HP LaserJet 500 color M551xh'];E:\Projects\PycharmProjects\parser_profit\images\hp\RM1-8104-000CN.jpg
Электронные компоненты;RM1-8105-000CN;RM1-8105-000CN - Главный мотор (1 шт. / в аппарате 3 шт.);['HP LaserJet 500 color M551n', 'HP LaserJet Pro 500 color MFP M570dn', 'Canon imageCLASS LBP7780Cdn', 'HP LaserJet 500 color M551xh', 'HP LaserJet Pro 500 color MFP M570dw', 'Canon imageCLASS LBP7780Cx', 'HP LaserJet 500 color MFP M575dn', 'HP LaserJet color flow MFP M575c', 'HP LaserJet 500 color M551dn', 'HP LaserJet 500 color MFP M575f'];E:\Projects\PycharmProjects\parser_profit\images\hp\RM1-8105-000CN.jpg
Электронные компоненты;RM1-5696-000CN;RM1-5696-000CN - Датчик контейнера отработанного тонера;['HP Color LaserJet CP3525dn', 'HP LaserJet 500 color MFP M575dn', 'Canon imageCLASS LBP7780Cdn', 'HP Color LaserJet CP3525n', 'HP LaserJet 500 color MFP M575f', 'Canon imageCLASS LBP7780Cx', 'HP Color LaserJet CP3525x', 'HP LaserJet Pro 500 color MFP M570dn', 'HP Color LaserJet CM3530 MFP', 'HP LaserJet 500 color M551dn', 'HP LaserJet Pro 500 color MFP M570dw', 'HP Color LaserJet CM3530fs MFP', 'HP LaserJet 500 color M551n', 'HP LaserJet color flow MFP M575c', 'HP Color LaserJet CP3525', 'HP LaserJet 500 color M551xh'];
Электронные компоненты;RM1-8093-020CN;RM1-8093-020CN - Плата низковольтного питания (220В);['HP LaserJet 500 color M551n', 'HP LaserJet 500 color M551xh'];
Электронные компоненты;RK2-3267-000CN;RK2-3267-000CN - Датчик температуры, в сборе;['Canon i-SENSYS MF729Cx', 'HP Color LaserJet CP3525n', 'Canon LASER SHOT LBP7200Cdn', 'Canon i-SENSYS MF8050Cn', 'HP Color LaserJet CP3525x', 'Canon Satera LBP7200Cd', 'Canon i-SENSYS MF8330Cdn', 'HP LaserJet 500 color M551dn', 'Canon Satera LBP7200Cdn', 'Canon i-SENSYS MF8540Cdn', 'HP LaserJet 500 color M551n', 'Canon i-SENSYS LBP7200Cd', 'Canon imageCLASS LBP7200Cdn', 'HP LaserJet 500 color M551xh', 'Canon i-SENSYS LBP7200Cdn', 'Canon imageCLASS LBP7660Cdn', 'HP LaserJet 500 color MFP M575dn', 'Canon i-SENSYS LBP7210Cdn', 'Canon imageCLASS MF8050Cn', 'HP LaserJet 500 color MFP M575f', 'Canon i-SENSYS LBP7660Cdn', 'HP Color LaserJet CM3530 MFP', 'HP LaserJet Pro 500 color MFP M570dn', 'Canon i-SENSYS LBP7680Cx', 'HP Color LaserJet CM3530fs MFP', 'HP LaserJet Pro 500 color MFP M570dw', 'Canon i-SENSYS MF724Cdw', 'HP Color LaserJet CP3525', 'HP LaserJet color flow MFP M575c', 'Canon i-SENSYS MF728Cdw', 'HP Color LaserJet CP3525dn'];
Узел термозакрепления;CE506A;CE506A - Печь, в сборе (220В / Ресурс: до 150,000 стр.);['HP Color LaserJet CP3525x', 'HP LaserJet 500 color MFP M575f', 'HP Color LaserJet CM3530fs MFP', 'HP LaserJet 500 color M551dn', 'HP LaserJet Pro 500 color MFP M570dn', 'HP Color LaserJet CP3525', 'HP LaserJet 500 color M551n', 'HP LaserJet Pro 500 color MFP M570dw', 'HP Color LaserJet CP3525dn', 'HP LaserJet 500 color M551xh', 'HP LaserJet color flow MFP M575c', 'HP Color LaserJet CP3525n', 'HP LaserJet 500 color MFP M575dn'];E:\Projects\PycharmProjects\parser_profit\images\hp\CE506A.jpg
Узел термозакрепления;RM1-3146-FILM;RM1-3146-FILM - Термоплёнка;['HP Color LaserJet CM4730 MFP', 'HP Color LaserJet CP4525xh', 'HP Color LaserJet 4700dn', 'HP Color LaserJet CM4730f MFP', 'HP Color LaserJet Enterprise Flow MFP M680dn', 'HP Color LaserJet 4700dtn', 'HP Color LaserJet CM4730fm MFP', 'HP Color LaserJet Enterprise Flow MFP M680f', 'HP Color LaserJet 4700n', 'HP Color LaserJet CM4730fsk MFP', 'HP Color LaserJet Enterprise Flow MFP M680z', 'HP Color LaserJet 4700ph+', 'HP Color LaserJet CP3525', 'HP Color LaserJet Enterprise M651dn', 'HP Color LaserJet 4730 MFP', 'HP Color LaserJet CP3525dn', 'HP Color LaserJet Enterprise M651n', 'HP Color LaserJet 4730x MFP', 'HP Color LaserJet CP3525n', 'HP Color LaserJet Enterprise M651xh', 'HP Color LaserJet 4730xm MFP', 'HP Color LaserJet CP3525x', 'HP LaserJet 500 color M551dn', 'HP Color LaserJet 4730xs MFP', 'HP Color LaserJet CP4005dn', 'HP LaserJet 500 color M551n', 'HP Color LaserJet CM3530 MFP', 'HP Color LaserJet CP4005n', 'HP LaserJet 500 color M551xh', 'HP Color LaserJet CM3530fs MFP', 'HP Color LaserJet CP4025dn', 'HP LaserJet 500 color MFP M575dn', 'HP Color LaserJet CM4540 MFP', 'HP Color LaserJet CP4025n', 'HP LaserJet 500 color MFP M575f', 'HP Color LaserJet CM4540f MFP', 'HP Color LaserJet CP4525dn', 'HP LaserJet Pro 500 color MFP M570dn', 'HP Color LaserJet CM4540fskm MFP', 'HP Color LaserJet CP4525n', 'HP LaserJet Pro 500 color MFP M570dw'];
Узел термозакрепления;RM1-3146-HEAT;RM1-3146-HEAT - Нагревательный элемент узла термозакрепления (220В);['HP Color LaserJet CM4730 MFP', 'HP Color LaserJet CP4525xh', 'HP Color LaserJet 4700dn', 'HP Color LaserJet CM4730f MFP', 'HP Color LaserJet Enterprise Flow MFP M680dn', 'HP Color LaserJet 4700dtn', 'HP Color LaserJet CM4730fm MFP', 'HP Color LaserJet Enterprise Flow MFP M680f', 'HP Color LaserJet 4700n', 'HP Color LaserJet CM4730fsk MFP', 'HP Color LaserJet Enterprise Flow MFP M680z', 'HP Color LaserJet 4700ph+', 'HP Color LaserJet CP3525', 'HP Color LaserJet Enterprise M651dn', 'HP Color LaserJet 4730 MFP', 'HP Color LaserJet CP3525dn', 'HP Color LaserJet Enterprise M651n', 'HP Color LaserJet 4730x MFP', 'HP Color LaserJet CP3525n', 'HP Color LaserJet Enterprise M651xh', 'HP Color LaserJet 4730xm MFP', 'HP Color LaserJet CP3525x', 'HP LaserJet 500 color M551dn', 'HP Color LaserJet 4730xs MFP', 'HP Color LaserJet CP4005dn', 'HP LaserJet 500 color M551n', 'HP Color LaserJet CM3530 MFP', 'HP Color LaserJet CP4005n', 'HP LaserJet 500 color M551xh', 'HP Color LaserJet CM3530fs MFP', 'HP Color LaserJet CP4025dn', 'HP LaserJet 500 color MFP M575dn', 'HP Color LaserJet CM4540 MFP', 'HP Color LaserJet CP4025n', 'HP LaserJet 500 color MFP M575f', 'HP Color LaserJet CM4540f MFP', 'HP Color LaserJet CP4525dn', 'HP LaserJet Pro 500 color MFP M570dn', 'HP Color LaserJet CM4540fskm MFP', 'HP Color LaserJet CP4525n', 'HP LaserJet Pro 500 color MFP M570dw'];
Узел термозакрепления;RM1-3131-FILM;RM1-3131-FILM - (CET1559) Термоплёнка *смазка в комплекте;['HP Color LaserJet CM4730 MFP', 'HP Color LaserJet CP4525xh', 'HP Color LaserJet 4700dn', 'HP Color LaserJet CM4730f MFP', 'HP Color LaserJet Enterprise Flow MFP M680dn', 'HP Color LaserJet 4700dtn', 'HP Color LaserJet CM4730fm MFP', 'HP Color LaserJet Enterprise Flow MFP M680f', 'HP Color LaserJet 4700n', 'HP Color LaserJet CM4730fsk MFP', 'HP Color LaserJet Enterprise Flow MFP M680z', 'HP Color LaserJet 4700ph+', 'HP Color LaserJet CP3525', 'HP Color LaserJet Enterprise M651dn', 'HP Color LaserJet 4730 MFP', 'HP Color LaserJet CP3525dn', 'HP Color LaserJet Enterprise M651n', 'HP Color LaserJet 4730x MFP', 'HP Color LaserJet CP3525n', 'HP Color LaserJet Enterprise M651xh', 'HP Color LaserJet 4730xm MFP', 'HP Color LaserJet CP3525x', 'HP LaserJet 500 color M551dn', 'HP Color LaserJet 4730xs MFP', 'HP Color LaserJet CP4005dn', 'HP LaserJet 500 color M551n', 'HP Color LaserJet CM3530 MFP', 'HP Color LaserJet CP4005n', 'HP LaserJet 500 color M551xh', 'HP Color LaserJet CM3530fs MFP', 'HP Color LaserJet CP4025dn', 'HP LaserJet 500 color MFP M575dn', 'HP Color LaserJet CM4540 MFP', 'HP Color LaserJet CP4025n', 'HP LaserJet 500 color MFP M575f', 'HP Color LaserJet CM4540f MFP', 'HP Color LaserJet CP4525dn', 'HP LaserJet Pro 500 color MFP M570dn', 'HP Color LaserJet CM4540fskm MFP', 'HP Color LaserJet CP4525n', 'HP LaserJet Pro 500 color MFP M570dw'];E:\Projects\PycharmProjects\parser_profit\images\hp\RM1-3131-FILM.jpg
Узел термозакрепления;LPR-CP3525;LPR-CP3525 - (CET6772) Прижимной вал;['HP Color LaserJet CP4025n', 'HP LaserJet 500 color M551dn', 'HP Color LaserJet CM3530fs MFP', 'HP Color LaserJet CP4525dn', 'HP LaserJet 500 color M551n', 'HP Color LaserJet CM4540 MFP', 'HP Color LaserJet CP4525n', 'HP LaserJet 500 color M551xh', 'HP Color LaserJet CM4540f MFP', 'HP Color LaserJet CP4525xh', 'HP LaserJet 500 color MFP M575dn', 'HP Color LaserJet CM4540fskm MFP', 'HP Color LaserJet Enterprise Flow MFP M680dn', 'HP LaserJet 500 color MFP M575f', 'HP Color LaserJet CP3525', 'HP Color LaserJet Enterprise Flow MFP M680f', 'HP LaserJet Pro 500 color MFP M570dn', 'HP Color LaserJet CP3525dn', 'HP Color LaserJet Enterprise Flow MFP M680z', 'HP LaserJet Pro 500 color MFP M570dw', 'HP Color LaserJet CP3525n', 'HP Color LaserJet Enterprise M651dn', 'HP LaserJet color flow MFP M575c', 'HP Color LaserJet CP3525x', 'HP Color LaserJet Enterprise M651n', 'HP Color LaserJet CP4025dn', 'HP Color LaserJet Enterprise M651xh'];E:\Projects\PycharmProjects\parser_profit\images\hp\LPR-CP3525.jpg
Узел термозакрепления;LPR-CP3525;Hi-Black | LPR-CP3525 - Прижимной вал;['HP Color LaserJet CP4025n', 'HP LaserJet 500 color M551dn', 'HP Color LaserJet CM3530fs MFP', 'HP Color LaserJet CP4525dn', 'HP LaserJet 500 color M551n', 'HP Color LaserJet CM4540 MFP', 'HP Color LaserJet CP4525n', 'HP LaserJet 500 color M551xh', 'HP Color LaserJet CM4540f MFP', 'HP Color LaserJet CP4525xh', 'HP LaserJet 500 color MFP M575dn', 'HP Color LaserJet CM4540fskm MFP', 'HP Color LaserJet Enterprise Flow MFP M680dn', 'HP LaserJet 500 color MFP M575f', 'HP Color LaserJet CP3525', 'HP Color LaserJet Enterprise Flow MFP M680f', 'HP LaserJet Pro 500 color MFP M570dn', 'HP Color LaserJet CP3525dn', 'HP Color LaserJet Enterprise Flow MFP M680z', 'HP LaserJet Pro 500 color MFP M570dw', 'HP Color LaserJet CP3525n', 'HP Color LaserJet Enterprise M651dn', 'HP LaserJet color flow MFP M575c', 'HP Color LaserJet CP3525x', 'HP Color LaserJet Enterprise M651n', 'HP Color LaserJet CP4025dn', 'HP Color LaserJet Enterprise M651xh'];E:\Projects\PycharmProjects\parser_profit\images\hp\LPR-CP3525.jpg
Детали корпуса;RC3-1070-000CN;RC3-1070-000CN - Верхняя передняя крышка (внутренняя);['HP LaserJet 500 color M551n', 'HP LaserJet Pro 500 color MFP M570dn', 'Canon imageCLASS LBP7780Cdn', 'HP LaserJet 500 color M551xh', 'HP LaserJet Pro 500 color MFP M570dw', 'Canon imageCLASS LBP7780Cx', 'HP LaserJet 500 color MFP M575dn', 'HP LaserJet color flow MFP M575c', 'HP LaserJet 500 color M551dn', 'HP LaserJet 500 color MFP M575f'];
Детали корпуса;RC2-5937-000CN;RC2-5937-000CN - Замок крышки доступа к картриджам;['HP Color LaserJet CP3525', 'HP LaserJet 500 color M551n', 'Canon imageCLASS LBP7780Cdn', 'HP Color LaserJet CP3525dn', 'HP LaserJet 500 color M551xh', 'Canon imageCLASS LBP7780Cx', 'HP Color LaserJet CP3525n', 'HP LaserJet 500 color MFP M575dn', 'HP Color LaserJet CM3530 MFP', 'HP Color LaserJet CP3525x', 'HP LaserJet 500 color MFP M575f', 'HP Color LaserJet CM3530fs MFP', 'HP LaserJet 500 color M551dn', 'HP LaserJet color flow MFP M575c'];
Документация;CF079-90942;"CF079-90942 - Сервисная документация (Английский язык; 10/2011)";['HP LaserJet 500 color M551n', 'HP LaserJet 500 color M551xh'];
