Подача и захват бумаги;RC2-6133-000;RC2-6133-000 - Ось привода ролика захвата бумаги из кассеты (лоток 2);['HP LaserJet P2055', 'HP LaserJet Pro 400 M401dn', 'Canon i-SENSYS MF416dw', 'HP LaserJet P2055d', 'HP LaserJet Pro 400 M401dne', 'Canon i-SENSYS MF418x', 'HP LaserJet P2055dn', 'HP LaserJet Pro 400 M401dw', 'Canon i-SENSYS MF419x', 'HP LaserJet P2055x', 'HP LaserJet Pro 400 M401n', 'HP LaserJet P2035', 'HP LaserJet Pro 400 M401a', 'HP LaserJet Pro 400 MFP M425dn', 'HP LaserJet P2035n', 'HP LaserJet Pro 400 M401d', 'HP LaserJet Pro 400 MFP M425dw'];E:\Projects\PycharmProjects\parser_profit\images\hp\RC2-6133-000.jpg
Подача и захват бумаги;RK2-2729-000;RK2-2729-000 - Соленоид узла захвата бумаги из кассеты (лоток 2);['Canon i-SENSYS MF6680dn', 'HP LaserJet P2055', 'Canon LASER SHOT LBP6650dn', 'Canon imageCLASS D1120', 'HP LaserJet P2055d', 'Canon Satera LBP6300', 'Canon imageCLASS D1150', 'HP LaserJet P2055dn', 'Canon i-SENSYS LBP251dw', 'Canon imageCLASS D1170', 'HP LaserJet P2055x', 'Canon i-SENSYS LBP252dw', 'Canon imageCLASS D1180', 'HP LaserJet Pro 400 M401a', 'Canon i-SENSYS LBP253x', 'Canon imageCLASS LBP6300dn', 'HP LaserJet Pro 400 M401d', 'Canon i-SENSYS LBP6300dn', 'Canon imageCLASS LBP6650dn', 'HP LaserJet Pro 400 M401dn', 'Canon i-SENSYS LBP6650dn', 'Canon imageCLASS LBP6670dn', 'HP LaserJet Pro 400 M401dne', 'Canon i-SENSYS LBP6670dn', 'Canon imageCLASS LBP6680x', 'HP LaserJet Pro 400 M401dw', 'Canon i-SENSYS LBP6680x', 'Canon imageRUNNER 1133', 'HP LaserJet Pro 400 M401n', 'Canon i-SENSYS MF411dw', 'Canon imageRUNNER 1133A', 'HP LaserJet Pro 400 MFP M425dn', 'Canon i-SENSYS MF416dw', 'Canon imageRUNNER 1133iF', 'HP LaserJet Pro 400 MFP M425dw', 'Canon i-SENSYS MF418x', 'HP LaserJet P2035', 'Canon i-SENSYS MF419x', 'HP LaserJet P2035n'];E:\Projects\PycharmProjects\parser_profit\images\hp\RK2-2729-000.jpg
Подача и захват бумаги;RK2-2731-000CN;RK2-2731-000CN - Соленоид узла захвата бумаги из лотка ручной подачи (лоток 1);['Canon i-SENSYS MF6680dn', 'HP LaserJet P2035n', 'Canon LASER SHOT LBP6650dn', 'Canon imageCLASS D1120', 'HP LaserJet P2055', 'Canon i-SENSYS LBP251dw', 'Canon imageCLASS D1150', 'HP LaserJet P2055d', 'Canon i-SENSYS LBP252dw', 'Canon imageCLASS D1170', 'HP LaserJet P2055dn', 'Canon i-SENSYS LBP253x', 'Canon imageCLASS D1180', 'HP LaserJet P2055x', 'Canon i-SENSYS LBP6300dn', 'Canon imageCLASS LBP6300dn', 'HP LaserJet Pro 400 M401a', 'Canon i-SENSYS LBP6650dn', 'Canon imageCLASS LBP6650dn', 'HP LaserJet Pro 400 M401d', 'Canon i-SENSYS LBP6670dn', 'Canon imageCLASS LBP6670dn', 'HP LaserJet Pro 400 M401dn', 'Canon i-SENSYS LBP6680x', 'Canon imageCLASS LBP6680x', 'HP LaserJet Pro 400 M401dw', 'Canon i-SENSYS MF411dw', 'Canon imageRUNNER 1133', 'HP LaserJet Pro 400 M401n', 'Canon i-SENSYS MF416dw', 'Canon imageRUNNER 1133A', 'HP LaserJet Pro 400 MFP M425dn', 'Canon i-SENSYS MF418x', 'Canon imageRUNNER 1133iF', 'HP LaserJet Pro 400 MFP M425dw', 'Canon i-SENSYS MF419x', 'HP LaserJet P2035'];E:\Projects\PycharmProjects\parser_profit\images\hp\RK2-2731-000CN.jpg
Подача и захват бумаги;RK2-2733-000CN;RK2-2733-000CN - Соленоид узла двухсторонней печати;['Canon i-SENSYS MF418x', 'HP LaserJet P2055d', 'Canon i-SENSYS LBP251dw', 'Canon i-SENSYS MF419x', 'HP LaserJet P2055dn', 'Canon i-SENSYS LBP252dw', 'Canon i-SENSYS MF6680dn', 'HP LaserJet P2055x', 'Canon i-SENSYS LBP253x', 'Canon imageCLASS LBP6300dn', 'HP LaserJet Pro 400 M401d', 'Canon i-SENSYS LBP6300dn', 'Canon imageCLASS LBP6650dn', 'HP LaserJet Pro 400 M401dn', 'Canon i-SENSYS LBP6650dn', 'Canon imageCLASS LBP6670dn', 'HP LaserJet Pro 400 M401dne', 'Canon i-SENSYS LBP6670dn', 'Canon imageCLASS LBP6680x', 'HP LaserJet Pro 400 M401dw', 'Canon i-SENSYS LBP6680x', 'Canon imageRUNNER 1133', 'HP LaserJet Pro 400 MFP M425dn', 'Canon i-SENSYS MF411dw', 'Canon imageRUNNER 1133A', 'HP LaserJet Pro 400 MFP M425dw', 'Canon i-SENSYS MF416dw', 'Canon imageRUNNER 1133iF'];E:\Projects\PycharmProjects\parser_profit\images\hp\RK2-2733-000CN.jpg
Подача и захват бумаги;RL1-2115-000CN;RL1-2115-000CN - Площадка отделения бумаги из лотка ручной подачи (лоток 1);['Canon i-SENSYS MF6680dn', 'HP LaserJet P2035n', 'Canon LASER SHOT LBP6650dn', 'Canon imageCLASS D1120', 'HP LaserJet P2055d', 'Canon i-SENSYS LBP251dw', 'Canon imageCLASS D1150', 'HP LaserJet P2055dn', 'Canon i-SENSYS LBP252dw', 'Canon imageCLASS D1170', 'HP LaserJet P2055x', 'Canon i-SENSYS LBP253x', 'Canon imageCLASS D1180', 'HP LaserJet Pro 400 M401a', 'Canon i-SENSYS LBP6300dn', 'Canon imageCLASS LBP6300dn', 'HP LaserJet Pro 400 M401d', 'Canon i-SENSYS LBP6650dn', 'Canon imageCLASS LBP6650dn', 'HP LaserJet Pro 400 M401dn', 'Canon i-SENSYS LBP6670dn', 'Canon imageCLASS LBP6670dn', 'HP LaserJet Pro 400 M401dw', 'Canon i-SENSYS LBP6680x', 'Canon imageCLASS LBP6680x', 'HP LaserJet Pro 400 M401n', 'Canon i-SENSYS MF411dw', 'Canon imageRUNNER 1133', 'HP LaserJet Pro 400 MFP M425dn', 'Canon i-SENSYS MF416dw', 'Canon imageRUNNER 1133A', 'HP LaserJet Pro 400 MFP M425dw', 'Canon i-SENSYS MF418x', 'Canon imageRUNNER 1133iF', 'Canon i-SENSYS MF419x', 'HP LaserJet P2035'];E:\Projects\PycharmProjects\parser_profit\images\hp\RL1-2115-000CN.jpg
Подача и захват бумаги;RL1-2115-000CN;CN | RL1-2115-000CN - Площадка отделения бумаги из лотка ручной подачи (лоток 1);['Canon i-SENSYS MF6680dn', 'HP LaserJet P2035n', 'Canon LASER SHOT LBP6650dn', 'Canon imageCLASS D1120', 'HP LaserJet P2055d', 'Canon i-SENSYS LBP251dw', 'Canon imageCLASS D1150', 'HP LaserJet P2055dn', 'Canon i-SENSYS LBP252dw', 'Canon imageCLASS D1170', 'HP LaserJet P2055x', 'Canon i-SENSYS LBP253x', 'Canon imageCLASS D1180', 'HP LaserJet Pro 400 M401a', 'Canon i-SENSYS LBP6300dn', 'Canon imageCLASS LBP6300dn', 'HP LaserJet Pro 400 M401d', 'Canon i-SENSYS LBP6650dn', 'Canon imageCLASS LBP6650dn', 'HP LaserJet Pro 400 M401dn', 'Canon i-SENSYS LBP6670dn', 'Canon imageCLASS LBP6670dn', 'HP LaserJet Pro 400 M401dw', 'Canon i-SENSYS LBP6680x', 'Canon imageCLASS LBP6680x', 'HP LaserJet Pro 400 M401n', 'Canon i-SENSYS MF411dw', 'Canon imageRUNNER 1133', 'HP LaserJet Pro 400 MFP M425dn', 'Canon i-SENSYS MF416dw', 'Canon imageRUNNER 1133A', 'HP LaserJet Pro 400 MFP M425dw', 'Canon i-SENSYS MF418x', 'Canon imageRUNNER 1133iF', 'Canon i-SENSYS MF419x', 'HP LaserJet P2035'];E:\Projects\PycharmProjects\parser_profit\images\hp\RL1-2115-000CN.jpg
Подача и захват бумаги;RL1-2120-000CN;RL1-2120-000CN - Ролик захвата бумаги из лотка ручной подачи (лоток 1);['Canon i-SENSYS MF6680dn', 'HP LaserJet P2035n', 'Canon LASER SHOT LBP6650dn', 'Canon imageCLASS D1120', 'HP LaserJet P2055', 'Canon i-SENSYS LBP251dw', 'Canon imageCLASS D1150', 'HP LaserJet P2055d', 'Canon i-SENSYS LBP252dw', 'Canon imageCLASS D1170', 'HP LaserJet P2055dn', 'Canon i-SENSYS LBP253x', 'Canon imageCLASS D1180', 'HP LaserJet P2055x', 'Canon i-SENSYS LBP6300dn', 'Canon imageCLASS LBP6300dn', 'HP LaserJet Pro 400 M401a', 'Canon i-SENSYS LBP6650dn', 'Canon imageCLASS LBP6650dn', 'HP LaserJet Pro 400 M401d', 'Canon i-SENSYS LBP6670dn', 'Canon imageCLASS LBP6670dn', 'HP LaserJet Pro 400 M401dn', 'Canon i-SENSYS LBP6680x', 'Canon imageCLASS LBP6680x', 'HP LaserJet Pro 400 M401dw', 'Canon i-SENSYS MF411dw', 'Canon imageRUNNER 1133', 'HP LaserJet Pro 400 M401n', 'Canon i-SENSYS MF416dw', 'Canon imageRUNNER 1133A', 'HP LaserJet Pro 400 MFP M425dn', 'Canon i-SENSYS MF418x', 'Canon imageRUNNER 1133iF', 'HP LaserJet Pro 400 MFP M425dw', 'Canon i-SENSYS MF419x', 'HP LaserJet P2035'];E:\Projects\PycharmProjects\parser_profit\images\hp\RL1-2120-000CN.jpg
Подача и захват бумаги;RL1-2120-000CN;CN | RL1-2120-000CN - Ролик захвата бумаги из лотка ручной подачи (лоток 1);['Canon i-SENSYS MF6680dn', 'HP LaserJet P2035n', 'Canon LASER SHOT LBP6650dn', 'Canon imageCLASS D1120', 'HP LaserJet P2055', 'Canon i-SENSYS LBP251dw', 'Canon imageCLASS D1150', 'HP LaserJet P2055d', 'Canon i-SENSYS LBP252dw', 'Canon imageCLASS D1170', 'HP LaserJet P2055dn', 'Canon i-SENSYS LBP253x', 'Canon imageCLASS D1180', 'HP LaserJet P2055x', 'Canon i-SENSYS LBP6300dn', 'Canon imageCLASS LBP6300dn', 'HP LaserJet Pro 400 M401a', 'Canon i-SENSYS LBP6650dn', 'Canon imageCLASS LBP6650dn', 'HP LaserJet Pro 400 M401d', 'Canon i-SENSYS LBP6670dn', 'Canon imageCLASS LBP6670dn', 'HP LaserJet Pro 400 M401dn', 'Canon i-SENSYS LBP6680x', 'Canon imageCLASS LBP6680x', 'HP LaserJet Pro 400 M401dw', 'Canon i-SENSYS MF411dw', 'Canon imageRUNNER 1133', 'HP LaserJet Pro 400 M401n', 'Canon i-SENSYS MF416dw', 'Canon imageRUNNER 1133A', 'HP LaserJet Pro 400 MFP M425dn', 'Canon i-SENSYS MF418x', 'Canon imageRUNNER 1133iF', 'HP LaserJet Pro 400 MFP M425dw', 'Canon i-SENSYS MF419x', 'HP LaserJet P2035', 'Canon LASER SHOT LBP6300', 'Canon imageCLASS D1170', 'HP LaserJet P2055d', 'Canon LASER SHOT LBP6650dn', 'Canon imageCLASS D1180', 'HP LaserJet P2055dn', 'Canon i-SENSYS LBP251dw', 'Canon imageCLASS LBP6300dn', 'HP LaserJet P2055x', 'Canon i-SENSYS LBP252dw', 'Canon imageCLASS LBP6650dn', 'HP LaserJet Pro 400 M401a', 'Canon i-SENSYS LBP253x', 'Canon imageCLASS LBP6670dn', 'HP LaserJet Pro 400 M401d', 'Canon i-SENSYS LBP6300dn', 'Canon imageCLASS LBP6680x', 'HP LaserJet Pro 400 M401dn', 'Canon i-SENSYS LBP6650dn', 'Canon imageRUNNER 1133', 'HP LaserJet Pro 400 M401dw', 'Canon i-SENSYS LBP6670dn', 'Canon imageRUNNER 1133A', 'HP LaserJet Pro 400 M401n', 'Canon i-SENSYS LBP6680x', 'Canon imageRUNNER 1133iF', 'HP LaserJet Pro 400 MFP M425dn', 'Canon i-SENSYS MF6680dn', 'HP LaserJet P2035', 'HP LaserJet Pro 400 MFP M425dw', 'Canon imageCLASS D1120', 'HP LaserJet P2035n', 'Canon imageCLASS D1150', 'HP LaserJet P2055'];E:\Projects\PycharmProjects\parser_profit\images\hp\RL1-2120-000CN.jpg
Подача и захват бумаги;RM1-1267-000CN;RM1-1267-000CN - Датчик наличия бумаги в кассете на 500 листов (лоток 3);['HP LaserJet P2055x', 'HP LaserJet Pro 400 M401n', 'HP LaserJet P2035n', 'HP LaserJet Pro 400 M401a', 'HP LaserJet Pro 400 MFP M425dn', 'HP LaserJet P2055', 'HP LaserJet Pro 400 M401d', 'HP LaserJet Pro 400 MFP M425dw', 'HP LaserJet P2055d', 'HP LaserJet Pro 400 M401dn', 'HP LaserJet P2055dn', 'HP LaserJet Pro 400 M401dw'];
Подача и захват бумаги;RM1-1301-000CN;RM1-1301-000CN - Шестерня (в сборе) привода оси узла захвата из кассеты на 250 листов (лоток 2);['Canon i-SENSYS MF416dw', 'HP LaserJet 1320t', 'Canon LASER SHOT LBP3310', 'Canon i-SENSYS MF418x', 'HP LaserJet 1320tn', 'Canon LASER SHOT LBP3360', 'Canon i-SENSYS MF419x', 'HP LaserJet 3390', 'Canon LASER SHOT LBP3370', 'Canon i-SENSYS MF6680dn', 'HP LaserJet 3392', 'Canon LASER SHOT LBP6300', 'Canon imageCLASS D1120', 'HP LaserJet M2727nf', 'Canon LASER SHOT LBP6650dn', 'Canon imageCLASS D1150', 'HP LaserJet M2727nfs', 'Canon Satera LBP3300', 'Canon imageCLASS D1170', 'HP LaserJet P2014', 'Canon Satera LBP3310', 'Canon imageCLASS D1180', 'HP LaserJet P2014n', 'Canon i-SENSYS LBP251dw', 'Canon imageCLASS LBP6300dn', 'HP LaserJet P2015', 'Canon i-SENSYS LBP252dw', 'Canon imageCLASS LBP6650dn', 'HP LaserJet P2015d', 'Canon i-SENSYS LBP253x', 'Canon imageCLASS LBP6670dn', 'HP LaserJet P2015dn', 'Canon i-SENSYS LBP3300', 'Canon imageCLASS LBP6680x', 'HP LaserJet P2015n', 'Canon i-SENSYS LBP3310', 'Canon imageRUNNER 1133', 'HP LaserJet P2015x', 'Canon i-SENSYS LBP3360', 'Canon imageRUNNER 1133A', 'HP LaserJet P2035', 'Canon i-SENSYS LBP3370', 'Canon imageRUNNER 1133iF', 'HP LaserJet P2035n', 'Canon i-SENSYS LBP6300dn', 'HP LaserJet 1160', 'HP LaserJet P2055', 'Canon i-SENSYS LBP6650dn', 'HP LaserJet 1160Le', 'HP LaserJet P2055d', 'Canon i-SENSYS LBP6670dn', 'HP LaserJet 1320', 'HP LaserJet P2055dn', 'Canon i-SENSYS LBP6680x', 'HP LaserJet 1320n', 'HP LaserJet P2055x', 'Canon i-SENSYS MF411dw', 'HP LaserJet 1320nw'];E:\Projects\PycharmProjects\parser_profit\images\hp\RM1-1301-000CN.jpg
Подача и захват бумаги;RM1-4275-020CN;RM1-4275-020CN - Шестерня привода оси узла захвата из лотка ручной подачи, в сборе (лоток 1);['Canon i-SENSYS MF411dw', 'HP LaserJet P2014n', 'Canon LASER SHOT LBP3370', 'Canon i-SENSYS MF416dw', 'HP LaserJet P2015', 'Canon LASER SHOT LBP6300', 'Canon i-SENSYS MF418x', 'HP LaserJet P2015d', 'Canon LASER SHOT LBP6650dn', 'Canon i-SENSYS MF419x', 'HP LaserJet P2015dn', 'Canon Satera LBP3310', 'Canon imageCLASS LBP6300dn', 'HP LaserJet P2015n', 'Canon i-SENSYS LBP251dw', 'Canon imageCLASS LBP6650dn', 'HP LaserJet P2015x', 'Canon i-SENSYS LBP252dw', 'Canon imageCLASS LBP6670dn', 'HP LaserJet P2035', 'Canon i-SENSYS LBP253x', 'Canon imageCLASS LBP6680x', 'HP LaserJet P2035n', 'Canon i-SENSYS LBP3310', 'Canon imageRUNNER 1133', 'HP LaserJet P2055', 'Canon i-SENSYS LBP3370', 'Canon imageRUNNER 1133A', 'HP LaserJet P2055d', 'Canon i-SENSYS LBP6300dn', 'Canon imageRUNNER 1133iF', 'HP LaserJet P2055dn', 'Canon i-SENSYS LBP6650dn', 'HP LaserJet M2727nf', 'HP LaserJet P2055x', 'Canon i-SENSYS LBP6670dn', 'HP LaserJet M2727nfs', 'Canon i-SENSYS LBP6680x', 'HP LaserJet P2014'];
Подача и захват бумаги;RM1-6350-000CN;RM1-6350-000CN - Датчик наличия бумаги в лотке ручной подачи (лоток 1);['Canon i-SENSYS MF411dw', 'Canon imageRUNNER 1133A', 'Canon LASER SHOT LBP6650dn', 'Canon i-SENSYS MF416dw', 'Canon imageRUNNER 1133iF', 'Canon i-SENSYS LBP251dw', 'Canon i-SENSYS MF418x', 'HP LaserJet P2035', 'Canon i-SENSYS LBP252dw', 'Canon i-SENSYS MF419x', 'HP LaserJet P2035n', 'Canon i-SENSYS LBP253x', 'Canon imageCLASS LBP6300dn', 'HP LaserJet P2055', 'Canon i-SENSYS LBP6300dn', 'Canon imageCLASS LBP6650dn', 'HP LaserJet P2055d', 'Canon i-SENSYS LBP6650dn', 'Canon imageCLASS LBP6670dn', 'HP LaserJet P2055dn', 'Canon i-SENSYS LBP6670dn', 'Canon imageCLASS LBP6680x', 'HP LaserJet P2055x', 'Canon i-SENSYS LBP6680x', 'Canon imageRUNNER 1133'];
Подача и захват бумаги;RM1-6394-000CN;"RM1-6394-000CN - Кассета на 250 листов (лоток 2)
Снято с производства";['HP LaserJet P2055dn', 'HP LaserJet P2055d', 'HP LaserJet P2055x'];E:\Projects\PycharmProjects\parser_profit\images\hp\RM1-6394-000CN.jpg
Подача и захват бумаги;RM1-6394-000CN;ProfIT | RM1-6394-000CN - Кассета на 250 листов (восстановленная / лоток 2);['HP LaserJet P2055dn', 'HP LaserJet P2055d', 'HP LaserJet P2055x'];E:\Projects\PycharmProjects\parser_profit\images\hp\RM1-6394-000CN.jpg
Подача и захват бумаги;RM1-6397-000CN;RM1-6397-000CN - Площадка отделения бумаги из кассеты на 250 листов (лоток 2);['Canon i-SENSYS LBP6670dn', 'HP LaserJet P2035n', 'Canon LASER SHOT LBP6650dn', 'Canon i-SENSYS LBP6680x', 'HP LaserJet P2055', 'Canon i-SENSYS LBP251dw', 'Canon i-SENSYS MF416dw', 'HP LaserJet P2055d', 'Canon i-SENSYS LBP252dw', 'Canon imageCLASS LBP6300dn', 'HP LaserJet P2055dn', 'Canon i-SENSYS LBP253x', 'Canon imageCLASS LBP6670dn', 'HP LaserJet P2055x', 'Canon i-SENSYS LBP6300dn', 'Canon imageCLASS LBP6680x', 'Canon i-SENSYS LBP6650dn', 'HP LaserJet P2035'];E:\Projects\PycharmProjects\parser_profit\images\hp\RM1-6397-000CN.jpg
Подача и захват бумаги;RM1-6397-000CN;CN | RM1-6397-000CN - Площадка отделения бумаги из кассеты на 250 листов (лоток 2);['Canon i-SENSYS LBP6670dn', 'HP LaserJet P2035n', 'Canon LASER SHOT LBP6650dn', 'Canon i-SENSYS LBP6680x', 'HP LaserJet P2055', 'Canon i-SENSYS LBP251dw', 'Canon i-SENSYS MF416dw', 'HP LaserJet P2055d', 'Canon i-SENSYS LBP252dw', 'Canon imageCLASS LBP6300dn', 'HP LaserJet P2055dn', 'Canon i-SENSYS LBP253x', 'Canon imageCLASS LBP6670dn', 'HP LaserJet P2055x', 'Canon i-SENSYS LBP6300dn', 'Canon imageCLASS LBP6680x', 'Canon i-SENSYS LBP6650dn', 'HP LaserJet P2035'];E:\Projects\PycharmProjects\parser_profit\images\hp\RM1-6397-000CN.jpg
Подача и захват бумаги;RM1-6414-000CN;RM1-6414-000CN - Ролик захвата бумаги из кассеты на 250 листов (лоток 2);['Canon i-SENSYS MF411dw', 'Canon imageRUNNER 1133A', 'Canon LASER SHOT LBP6650dn', 'Canon i-SENSYS MF416dw', 'Canon imageRUNNER 1133iF', 'Canon i-SENSYS LBP251dw', 'Canon i-SENSYS MF418x', 'HP LaserJet P2035', 'Canon i-SENSYS LBP252dw', 'Canon i-SENSYS MF419x', 'HP LaserJet P2035n', 'Canon i-SENSYS LBP253x', 'Canon imageCLASS LBP6300dn', 'HP LaserJet P2055', 'Canon i-SENSYS LBP6300dn', 'Canon imageCLASS LBP6650dn', 'HP LaserJet P2055d', 'Canon i-SENSYS LBP6650dn', 'Canon imageCLASS LBP6670dn', 'HP LaserJet P2055dn', 'Canon i-SENSYS LBP6670dn', 'Canon imageCLASS LBP6680x', 'HP LaserJet P2055x', 'Canon i-SENSYS LBP6680x', 'Canon imageRUNNER 1133'];E:\Projects\PycharmProjects\parser_profit\images\hp\RM1-6414-000CN.jpg
Подача и захват бумаги;RM1-6414-000CN;CN | RM1-6414-000CN - Ролик захвата бумаги из кассеты на 250 листов (лоток 2);['Canon i-SENSYS MF411dw', 'Canon imageRUNNER 1133A', 'Canon LASER SHOT LBP6650dn', 'Canon i-SENSYS MF416dw', 'Canon imageRUNNER 1133iF', 'Canon i-SENSYS LBP251dw', 'Canon i-SENSYS MF418x', 'HP LaserJet P2035', 'Canon i-SENSYS LBP252dw', 'Canon i-SENSYS MF419x', 'HP LaserJet P2035n', 'Canon i-SENSYS LBP253x', 'Canon imageCLASS LBP6300dn', 'HP LaserJet P2055', 'Canon i-SENSYS LBP6300dn', 'Canon imageCLASS LBP6650dn', 'HP LaserJet P2055d', 'Canon i-SENSYS LBP6650dn', 'Canon imageCLASS LBP6670dn', 'HP LaserJet P2055dn', 'Canon i-SENSYS LBP6670dn', 'Canon imageCLASS LBP6680x', 'HP LaserJet P2055x', 'Canon i-SENSYS LBP6680x', 'Canon imageRUNNER 1133'];E:\Projects\PycharmProjects\parser_profit\images\hp\RM1-6414-000CN.jpg
Подача и захват бумаги;RM1-6452-000CN;RM1-6452-000CN - Дополнительная кассета на 500 листов (лоток 3);['HP LaserJet P2055', 'HP LaserJet P2055dn', 'HP LaserJet P2035n', 'HP LaserJet P2055d', 'HP LaserJet P2055x'];
Подача и захват бумаги;RM1-6454-000CN;"RM1-6454-000CN - Площадка отделения бумаги из кассеты на 500 листов (лоток 2*, лоток 3**)
* Canon MF-411 / 418 / 419 / iR 1133
** HP LaserJet P2035 / P2055";['Canon imageRUNNER 1133A', 'HP LaserJet P2055', 'Canon i-SENSYS MF418x', 'Canon imageRUNNER 1133iF', 'HP LaserJet P2055d', 'Canon i-SENSYS MF419x', 'HP LaserJet P2035', 'HP LaserJet P2055dn', 'Canon imageRUNNER 1133', 'HP LaserJet P2035n', 'HP LaserJet P2055x'];E:\Projects\PycharmProjects\parser_profit\images\hp\RM1-6454-000CN.jpg
Подача и захват бумаги;RM1-6467-000CN;RM1-6467-000CN - Ролик захвата бумаги из кассеты на 500 листов (лоток 3);['HP LaserJet P2055', 'HP LaserJet P2055dn', 'HP LaserJet P2035n', 'HP LaserJet P2055d', 'HP LaserJet P2055x'];E:\Projects\PycharmProjects\parser_profit\images\hp\RM1-6467-000CN.jpg
Подача и захват бумаги;RM1-6467-000CN;CN | RM1-6467-000CN - Ролик захвата бумаги из кассеты на 500 листов (лоток 3);['HP LaserJet P2055', 'HP LaserJet P2055dn', 'HP LaserJet P2035n', 'HP LaserJet P2055d', 'HP LaserJet P2055x'];E:\Projects\PycharmProjects\parser_profit\images\hp\RM1-6467-000CN.jpg
Подача и захват бумаги;RC2-6130-000;RC2-6130-000 - Вспомогательный ролик протяжки бумаги из кассеты (лоток 2);['Canon i-SENSYS MF416dw', 'HP LaserJet P2035n', 'Canon i-SENSYS LBP252dw', 'Canon i-SENSYS MF418x', 'HP LaserJet P2055', 'Canon i-SENSYS LBP253x', 'Canon i-SENSYS MF419x', 'HP LaserJet P2055d', 'Canon i-SENSYS LBP6670dn', 'Canon imageCLASS LBP6670dn', 'HP LaserJet P2055dn', 'Canon i-SENSYS LBP6680x', 'Canon imageCLASS LBP6680x', 'HP LaserJet P2055x', 'Canon i-SENSYS MF411dw', 'HP LaserJet P2035'];E:\Projects\PycharmProjects\parser_profit\images\hp\RC2-6130-000.jpg
Подача и захват бумаги;RC2-6136-000;RC2-6136-000 - Ось привода ролика захвата бумаги из лотка ручной подачи (лоток 1);['Canon imageCLASS LBP6670dn', 'HP LaserJet Pro 400 M401d', 'Canon i-SENSYS LBP252dw', 'Canon imageCLASS LBP6680x', 'HP LaserJet Pro 400 M401dn', 'Canon i-SENSYS LBP253x', 'HP LaserJet P2035', 'HP LaserJet Pro 400 M401dne', 'Canon i-SENSYS LBP6670dn', 'HP LaserJet P2035n', 'HP LaserJet Pro 400 M401dw', 'Canon i-SENSYS LBP6680x', 'HP LaserJet P2055', 'HP LaserJet Pro 400 M401n', 'Canon i-SENSYS MF411dw', 'HP LaserJet P2055d', 'HP LaserJet Pro 400 MFP M425dn', 'Canon i-SENSYS MF416dw', 'HP LaserJet P2055dn', 'HP LaserJet Pro 400 MFP M425dw', 'Canon i-SENSYS MF418x', 'HP LaserJet P2055x', 'Canon i-SENSYS MF419x', 'HP LaserJet Pro 400 M401a'];E:\Projects\PycharmProjects\parser_profit\images\hp\RC2-6136-000.jpg
Подача и захват бумаги;RM1-6414-000CN;RM1-6414-000CN - (CET3690) Ролик захвата бумаги из кассеты на 250 листов *лоток 2;['Canon i-SENSYS MF419x', 'HP LaserJet P2055dn', 'Canon LASER SHOT LBP6650dn', 'Canon imageCLASS LBP6300dn', 'HP LaserJet P2055x', 'Canon i-SENSYS LBP251dw', 'Canon imageCLASS LBP6650dn', 'HP LaserJet Pro 400 M401a', 'Canon i-SENSYS LBP252dw', 'Canon imageCLASS LBP6670dn', 'HP LaserJet Pro 400 M401d', 'Canon i-SENSYS LBP253x', 'Canon imageCLASS LBP6680x', 'HP LaserJet Pro 400 M401dn', 'Canon i-SENSYS LBP6300dn', 'Canon imageRUNNER 1133', 'HP LaserJet Pro 400 M401dne', 'Canon i-SENSYS LBP6650dn', 'Canon imageRUNNER 1133A', 'HP LaserJet Pro 400 M401dw', 'Canon i-SENSYS LBP6670dn', 'Canon imageRUNNER 1133iF', 'HP LaserJet Pro 400 M401n', 'Canon i-SENSYS LBP6680x', 'HP LaserJet P2035', 'HP LaserJet Pro 400 MFP M425dn', 'Canon i-SENSYS MF411dw', 'HP LaserJet P2035n', 'HP LaserJet Pro 400 MFP M425dw', 'Canon i-SENSYS MF416dw', 'HP LaserJet P2055', 'Canon i-SENSYS MF418x', 'HP LaserJet P2055d'];E:\Projects\PycharmProjects\parser_profit\images\hp\RM1-6414-000CN.jpg
Внутренние компоненты;RC2-6039-000CN;RC2-6039-000CN - Направляющая картриджа (правая, нижняя);['HP LaserJet P2055x', 'HP LaserJet Pro 400 M401dw', 'HP LaserJet P2035n', 'HP LaserJet Pro 400 M401a', 'HP LaserJet Pro 400 M401n', 'HP LaserJet P2055', 'HP LaserJet Pro 400 M401d', 'HP LaserJet Pro 400 MFP M425dn', 'HP LaserJet P2055d', 'HP LaserJet Pro 400 M401dn', 'HP LaserJet Pro 400 MFP M425dw', 'HP LaserJet P2055dn', 'HP LaserJet Pro 400 M401dne'];
Внутренние компоненты;RC2-6237-000;RC2-6237-000 - Подшипник вала выхода бумаги;['Canon imageCLASS D1170', 'HP LaserJet P2055dn', 'Canon LASER SHOT LBP6650dn', 'Canon imageCLASS D1180', 'HP LaserJet P2055x', 'Canon i-SENSYS LBP6300dn', 'Canon imageCLASS LBP6300dn', 'HP LaserJet Pro 400 M401a', 'Canon i-SENSYS LBP6650dn', 'Canon imageCLASS LBP6650dn', 'HP LaserJet Pro 400 M401d', 'Canon i-SENSYS MF411dw', 'Canon imageRUNNER 1133', 'HP LaserJet Pro 400 M401dn', 'Canon i-SENSYS MF416dw', 'Canon imageRUNNER 1133A', 'HP LaserJet Pro 400 M401dw', 'Canon i-SENSYS MF418x', 'Canon imageRUNNER 1133iF', 'HP LaserJet Pro 400 M401n', 'Canon i-SENSYS MF419x', 'HP LaserJet P2035', 'HP LaserJet Pro 400 MFP M425dn', 'Canon i-SENSYS MF6680dn', 'HP LaserJet P2035n', 'HP LaserJet Pro 400 MFP M425dw', 'Canon imageCLASS D1120', 'HP LaserJet P2055', 'Canon imageCLASS D1150', 'HP LaserJet P2055d'];E:\Projects\PycharmProjects\parser_profit\images\hp\RC2-6237-000.jpg
Внутренние компоненты;RC2-6237-000;CN | RC2-6237-000 - Подшипник вала выхода бумаги;['Canon imageCLASS D1170', 'HP LaserJet P2055dn', 'Canon LASER SHOT LBP6650dn', 'Canon imageCLASS D1180', 'HP LaserJet P2055x', 'Canon i-SENSYS LBP6300dn', 'Canon imageCLASS LBP6300dn', 'HP LaserJet Pro 400 M401a', 'Canon i-SENSYS LBP6650dn', 'Canon imageCLASS LBP6650dn', 'HP LaserJet Pro 400 M401d', 'Canon i-SENSYS MF411dw', 'Canon imageRUNNER 1133', 'HP LaserJet Pro 400 M401dn', 'Canon i-SENSYS MF416dw', 'Canon imageRUNNER 1133A', 'HP LaserJet Pro 400 M401dw', 'Canon i-SENSYS MF418x', 'Canon imageRUNNER 1133iF', 'HP LaserJet Pro 400 M401n', 'Canon i-SENSYS MF419x', 'HP LaserJet P2035', 'HP LaserJet Pro 400 MFP M425dn', 'Canon i-SENSYS MF6680dn', 'HP LaserJet P2035n', 'HP LaserJet Pro 400 MFP M425dw', 'Canon imageCLASS D1120', 'HP LaserJet P2055', 'Canon imageCLASS D1150', 'HP LaserJet P2055d'];E:\Projects\PycharmProjects\parser_profit\images\hp\RC2-6237-000.jpg
Внутренние компоненты;RK2-2728-000CN;RK2-2728-000CN - Вентилятор;['Canon i-SENSYS LBP712Cx', 'HP Color LaserJet Enterprise M750dn', 'Canon LASER SHOT LBP6650dn', 'Canon imageCLASS LBP6300dn', 'HP Color LaserJet Enterprise M750n', 'Canon Satera LBP6300', 'Canon imageCLASS LBP6650dn', 'HP Color LaserJet Enterprise M750xh', 'Canon i-SENSYS LBP251dw', 'Canon imageCLASS LBP6670dn', 'HP LaserJet P2035', 'Canon i-SENSYS LBP252dw', 'Canon imageCLASS LBP6680x', 'HP LaserJet P2035n', 'Canon i-SENSYS LBP253x', 'HP Color LaserJet CP5225', 'HP LaserJet P2055', 'Canon i-SENSYS LBP6300dn', 'HP Color LaserJet CP5225dn', 'HP LaserJet P2055d', 'Canon i-SENSYS LBP6650dn', 'HP Color LaserJet CP5225n', 'HP LaserJet P2055dn', 'Canon i-SENSYS LBP6670dn', 'HP Color LaserJet CP5525dn', 'HP LaserJet P2055x', 'Canon i-SENSYS LBP6680x', 'HP Color LaserJet CP5525n', 'Canon i-SENSYS LBP710Cx', 'HP Color LaserJet CP5525xh'];E:\Projects\PycharmProjects\parser_profit\images\hp\RK2-2728-000CN.jpg
Внутренние компоненты;RK2-2728-000CN;ProfIT | RK2-2728-000CN - Вентилятор (восстановленный);['Canon i-SENSYS LBP710Cx', 'HP Color LaserJet CP5525xh', 'Canon LASER SHOT LBP6300', 'Canon i-SENSYS LBP712Cx', 'HP Color LaserJet Enterprise M750dn', 'Canon LASER SHOT LBP6650dn', 'Canon imageCLASS LBP6300dn', 'HP Color LaserJet Enterprise M750n', 'Canon Satera LBP6300', 'Canon imageCLASS LBP6650dn', 'HP Color LaserJet Enterprise M750xh', 'Canon i-SENSYS LBP251dw', 'Canon imageCLASS LBP6670dn', 'HP LaserJet P2035', 'Canon i-SENSYS LBP252dw', 'Canon imageCLASS LBP6680x', 'HP LaserJet P2035n', 'Canon i-SENSYS LBP253x', 'HP Color LaserJet CP5225', 'HP LaserJet P2055', 'Canon i-SENSYS LBP6300dn', 'HP Color LaserJet CP5225dn', 'HP LaserJet P2055d', 'Canon i-SENSYS LBP6650dn', 'HP Color LaserJet CP5225n', 'HP LaserJet P2055dn', 'Canon i-SENSYS LBP6670dn', 'HP Color LaserJet CP5525dn', 'HP LaserJet P2055x', 'Canon i-SENSYS LBP6680x', 'HP Color LaserJet CP5525n'];E:\Projects\PycharmProjects\parser_profit\images\hp\RK2-2728-000CN.jpg
Внутренние компоненты;RL1-2111-000;RL1-2111-000 - Ролик выхода бумаги (направляющий / 1 шт. / в узле 2 шт.);['Canon i-SENSYS MF418x', 'HP LaserJet P2035', 'Canon i-SENSYS LBP252dw', 'Canon i-SENSYS MF419x', 'HP LaserJet P2035n', 'Canon i-SENSYS LBP253x', 'Canon imageCLASS LBP6670dn', 'HP LaserJet P2055', 'Canon i-SENSYS LBP6670dn', 'Canon imageCLASS LBP6680x', 'HP LaserJet P2055d', 'Canon i-SENSYS LBP6680x', 'Canon imageRUNNER 1133', 'HP LaserJet P2055dn', 'Canon i-SENSYS MF411dw', 'Canon imageRUNNER 1133A', 'HP LaserJet P2055x', 'Canon i-SENSYS MF416dw', 'Canon imageRUNNER 1133iF'];E:\Projects\PycharmProjects\parser_profit\images\hp\RL1-2111-000.jpg
Внутренние компоненты;RM1-7691-000CN;RM1-7691-000CN - Узел выхода бумаги, в сборе;['Canon i-SENSYS LBP6680x', 'HP LaserJet P2035', 'Canon LASER SHOT LBP6650dn', 'Canon imageCLASS LBP6300dn', 'HP LaserJet P2035n', 'Canon i-SENSYS LBP251dw', 'Canon imageCLASS LBP6650dn', 'HP LaserJet P2055', 'Canon i-SENSYS LBP252dw', 'Canon imageCLASS LBP6670dn', 'HP LaserJet P2055d', 'Canon i-SENSYS LBP253x', 'Canon imageCLASS LBP6680x', 'HP LaserJet P2055dn', 'Canon i-SENSYS LBP6300dn', 'Canon imageRUNNER 1133', 'HP LaserJet P2055x', 'Canon i-SENSYS LBP6650dn', 'Canon imageRUNNER 1133A', 'Canon i-SENSYS LBP6670dn', 'Canon imageRUNNER 1133iF'];E:\Projects\PycharmProjects\parser_profit\images\hp\RM1-7691-000CN.jpg
Внутренние компоненты;RM1-7691-000CN;ProfIT | RM1-7691-000CN - Узел выхода бумаги, в сборе (восстановленный);['Canon i-SENSYS LBP6680x', 'HP LaserJet P2035', 'Canon LASER SHOT LBP6650dn', 'Canon imageCLASS LBP6300dn', 'HP LaserJet P2035n', 'Canon i-SENSYS LBP251dw', 'Canon imageCLASS LBP6650dn', 'HP LaserJet P2055', 'Canon i-SENSYS LBP252dw', 'Canon imageCLASS LBP6670dn', 'HP LaserJet P2055d', 'Canon i-SENSYS LBP253x', 'Canon imageCLASS LBP6680x', 'HP LaserJet P2055dn', 'Canon i-SENSYS LBP6300dn', 'Canon imageRUNNER 1133', 'HP LaserJet P2055x', 'Canon i-SENSYS LBP6650dn', 'Canon imageRUNNER 1133A', 'Canon i-SENSYS LBP6670dn', 'Canon imageRUNNER 1133iF'];E:\Projects\PycharmProjects\parser_profit\images\hp\RM1-7691-000CN.jpg
Внутренние компоненты;RM1-6402-000CN;RM1-6402-000CN - Направляющая бумаги от узла подачи к узлу термозакрепления, в сборе (металлическая пластина с ребристыми пластиковыми рамками);['Canon i-SENSYS LBP6680x', 'HP LaserJet P2035', 'Canon LASER SHOT LBP6650dn', 'Canon imageCLASS LBP6300dn', 'HP LaserJet P2035n', 'Canon i-SENSYS LBP251dw', 'Canon imageCLASS LBP6650dn', 'HP LaserJet P2055', 'Canon i-SENSYS LBP252dw', 'Canon imageCLASS LBP6670dn', 'HP LaserJet P2055d', 'Canon i-SENSYS LBP253x', 'Canon imageCLASS LBP6680x', 'HP LaserJet P2055dn', 'Canon i-SENSYS LBP6300dn', 'Canon imageRUNNER 1133', 'HP LaserJet P2055x', 'Canon i-SENSYS LBP6650dn', 'Canon imageRUNNER 1133A', 'Canon i-SENSYS LBP6670dn', 'Canon imageRUNNER 1133iF'];
Внутренние компоненты;RM1-6402-000CN;ProfIT | RM1-6402-000CN - Направляющая бумаги от узла подачи к узлу термозакрепления, в сборе (восстановленная / металлическая пластина с ребристыми пластиковыми рамками);['Canon i-SENSYS LBP6680x', 'HP LaserJet P2035', 'Canon LASER SHOT LBP6650dn', 'Canon imageCLASS LBP6300dn', 'HP LaserJet P2035n', 'Canon i-SENSYS LBP251dw', 'Canon imageCLASS LBP6650dn', 'HP LaserJet P2055', 'Canon i-SENSYS LBP252dw', 'Canon imageCLASS LBP6670dn', 'HP LaserJet P2055d', 'Canon i-SENSYS LBP253x', 'Canon imageCLASS LBP6680x', 'HP LaserJet P2055dn', 'Canon i-SENSYS LBP6300dn', 'Canon imageRUNNER 1133', 'HP LaserJet P2055x', 'Canon i-SENSYS LBP6650dn', 'Canon imageRUNNER 1133A', 'Canon i-SENSYS LBP6670dn', 'Canon imageRUNNER 1133iF'];
Внутренние компоненты;RM1-6419-000CN;RM1-6419-000CN - Узел регистрации, в сборе;['Canon i-SENSYS LBP6680x', 'HP LaserJet P2035', 'Canon LASER SHOT LBP6650dn', 'Canon imageCLASS LBP6300dn', 'HP LaserJet P2035n', 'Canon i-SENSYS LBP251dw', 'Canon imageCLASS LBP6650dn', 'HP LaserJet P2055', 'Canon i-SENSYS LBP252dw', 'Canon imageCLASS LBP6670dn', 'HP LaserJet P2055d', 'Canon i-SENSYS LBP253x', 'Canon imageCLASS LBP6680x', 'HP LaserJet P2055dn', 'Canon i-SENSYS LBP6300dn', 'Canon imageRUNNER 1133', 'HP LaserJet P2055x', 'Canon i-SENSYS LBP6650dn', 'Canon imageRUNNER 1133A', 'Canon i-SENSYS LBP6670dn', 'Canon imageRUNNER 1133iF'];E:\Projects\PycharmProjects\parser_profit\images\hp\RM1-6419-000CN.jpg
Внутренние компоненты;RM1-6419-000CN;ProfIT | RM1-6419-000CN - Узел регистрации, в сборе (восстановленный);['Canon i-SENSYS LBP6680x', 'HP LaserJet P2035', 'Canon LASER SHOT LBP6650dn', 'Canon imageCLASS LBP6300dn', 'HP LaserJet P2035n', 'Canon i-SENSYS LBP251dw', 'Canon imageCLASS LBP6650dn', 'HP LaserJet P2055', 'Canon i-SENSYS LBP252dw', 'Canon imageCLASS LBP6670dn', 'HP LaserJet P2055d', 'Canon i-SENSYS LBP253x', 'Canon imageCLASS LBP6680x', 'HP LaserJet P2055dn', 'Canon i-SENSYS LBP6300dn', 'Canon imageRUNNER 1133', 'HP LaserJet P2055x', 'Canon i-SENSYS LBP6650dn', 'Canon imageRUNNER 1133A', 'Canon i-SENSYS LBP6670dn', 'Canon imageRUNNER 1133iF'];E:\Projects\PycharmProjects\parser_profit\images\hp\RM1-6419-000CN.jpg
Внутренние компоненты;RM1-6421-000;RM1-6421-000 - Главный редуктор, в сборе (без мотора);['Canon i-SENSYS LBP6650dn', 'Canon imageCLASS LBP6680x', 'Canon LASER SHOT LBP6650dn', 'Canon i-SENSYS LBP6670dn', 'HP LaserJet P2035', 'Canon Satera LBP6300', 'Canon i-SENSYS LBP6680x', 'HP LaserJet P2035n', 'Canon i-SENSYS LBP251dw', 'Canon i-SENSYS MF416dw', 'HP LaserJet P2055', 'Canon i-SENSYS LBP252dw', 'Canon imageCLASS LBP6300dn', 'HP LaserJet P2055d', 'Canon i-SENSYS LBP253x', 'Canon imageCLASS LBP6650dn', 'HP LaserJet P2055dn', 'Canon i-SENSYS LBP6300dn', 'Canon imageCLASS LBP6670dn', 'HP LaserJet P2055x'];E:\Projects\PycharmProjects\parser_profit\images\hp\RM1-6421-000.jpg
Внутренние компоненты;RM1-6423-000CN;RM1-6423-000CN - Привод узла двухсторонней печати, в сборе;['Canon i-SENSYS LBP6670dn', 'Canon imageCLASS LBP6670dn', 'Canon LASER SHOT LBP6650dn', 'Canon i-SENSYS LBP6680x', 'Canon imageCLASS LBP6680x', 'Canon Satera LBP6300', 'Canon i-SENSYS MF411dw', 'Canon imageRUNNER 1133', 'Canon i-SENSYS LBP251dw', 'Canon i-SENSYS MF416dw', 'Canon imageRUNNER 1133A', 'Canon i-SENSYS LBP252dw', 'Canon i-SENSYS MF418x', 'Canon imageRUNNER 1133iF', 'Canon i-SENSYS LBP253x', 'Canon i-SENSYS MF419x', 'HP LaserJet P2055d', 'Canon i-SENSYS LBP6300dn', 'Canon imageCLASS LBP6300dn', 'HP LaserJet P2055dn', 'Canon i-SENSYS LBP6650dn', 'Canon imageCLASS LBP6650dn', 'HP LaserJet P2055x'];E:\Projects\PycharmProjects\parser_profit\images\hp\RM1-6423-000CN.jpg
Внутренние компоненты;RM1-6441-000CN;RM1-6441-000CN - Узел подачи бумаги для двухсторонней печати, в сборе;['Canon i-SENSYS LBP6670dn', 'Canon imageCLASS LBP6670dn', 'Canon LASER SHOT LBP6650dn', 'Canon i-SENSYS LBP6680x', 'Canon imageCLASS LBP6680x', 'Canon Satera LBP6300', 'Canon i-SENSYS MF411dw', 'Canon imageRUNNER 1133', 'Canon i-SENSYS LBP251dw', 'Canon i-SENSYS MF416dw', 'Canon imageRUNNER 1133A', 'Canon i-SENSYS LBP252dw', 'Canon i-SENSYS MF418x', 'Canon imageRUNNER 1133iF', 'Canon i-SENSYS LBP253x', 'Canon i-SENSYS MF419x', 'HP LaserJet P2055d', 'Canon i-SENSYS LBP6300dn', 'Canon imageCLASS LBP6300dn', 'HP LaserJet P2055dn', 'Canon i-SENSYS LBP6650dn', 'Canon imageCLASS LBP6650dn', 'HP LaserJet P2055x'];
Внутренние компоненты;RM1-6441-000CN;ProfIT | RM1-6441-000CN - Узел подачи бумаги для двухсторонней печати, в сборе (восстановленный);['Canon i-SENSYS LBP6670dn', 'Canon imageCLASS LBP6670dn', 'Canon LASER SHOT LBP6650dn', 'Canon i-SENSYS LBP6680x', 'Canon imageCLASS LBP6680x', 'Canon Satera LBP6300', 'Canon i-SENSYS MF411dw', 'Canon imageRUNNER 1133', 'Canon i-SENSYS LBP251dw', 'Canon i-SENSYS MF416dw', 'Canon imageRUNNER 1133A', 'Canon i-SENSYS LBP252dw', 'Canon i-SENSYS MF418x', 'Canon imageRUNNER 1133iF', 'Canon i-SENSYS LBP253x', 'Canon i-SENSYS MF419x', 'HP LaserJet P2055d', 'Canon i-SENSYS LBP6300dn', 'Canon imageCLASS LBP6300dn', 'HP LaserJet P2055dn', 'Canon i-SENSYS LBP6650dn', 'Canon imageCLASS LBP6650dn', 'HP LaserJet P2055x'];
Внутренние компоненты;RM1-6445-000CN;RM1-6445-000CN - Датчик наличия бумаги в узле двухсторонней печати;['Canon i-SENSYS MF411dw', 'Canon imageCLASS LBP6650dn', 'Canon LASER SHOT LBP6650dn', 'Canon i-SENSYS MF416dw', 'Canon imageCLASS LBP6670dn', 'Canon Satera LBP6300', 'Canon i-SENSYS MF418x', 'Canon imageCLASS LBP6680x', 'Canon i-SENSYS LBP251dw', 'Canon i-SENSYS MF419x', 'Canon imageRUNNER 1133', 'Canon i-SENSYS LBP252dw', 'Canon i-SENSYS MF6680dn', 'Canon imageRUNNER 1133A', 'Canon i-SENSYS LBP253x', 'Canon imageCLASS D1120', 'Canon imageRUNNER 1133iF', 'Canon i-SENSYS LBP6300dn', 'Canon imageCLASS D1150', 'HP LaserJet P2055d', 'Canon i-SENSYS LBP6650dn', 'Canon imageCLASS D1170', 'HP LaserJet P2055dn', 'Canon i-SENSYS LBP6670dn', 'Canon imageCLASS D1180', 'HP LaserJet P2055x', 'Canon i-SENSYS LBP6680x', 'Canon imageCLASS LBP6300dn'];E:\Projects\PycharmProjects\parser_profit\images\hp\RM1-6445-000CN.jpg
Внутренние компоненты;RM1-6445-000CN;ProfIT | RM1-6445-000CN - Датчик наличия бумаги в узле двухсторонней печати (восстановленный);['Canon i-SENSYS MF411dw', 'Canon imageCLASS LBP6650dn', 'Canon LASER SHOT LBP6650dn', 'Canon i-SENSYS MF416dw', 'Canon imageCLASS LBP6670dn', 'Canon Satera LBP6300', 'Canon i-SENSYS MF418x', 'Canon imageCLASS LBP6680x', 'Canon i-SENSYS LBP251dw', 'Canon i-SENSYS MF419x', 'Canon imageRUNNER 1133', 'Canon i-SENSYS LBP252dw', 'Canon i-SENSYS MF6680dn', 'Canon imageRUNNER 1133A', 'Canon i-SENSYS LBP253x', 'Canon imageCLASS D1120', 'Canon imageRUNNER 1133iF', 'Canon i-SENSYS LBP6300dn', 'Canon imageCLASS D1150', 'HP LaserJet P2055d', 'Canon i-SENSYS LBP6650dn', 'Canon imageCLASS D1170', 'HP LaserJet P2055dn', 'Canon i-SENSYS LBP6670dn', 'Canon imageCLASS D1180', 'HP LaserJet P2055x', 'Canon i-SENSYS LBP6680x', 'Canon imageCLASS LBP6300dn'];E:\Projects\PycharmProjects\parser_profit\images\hp\RM1-6445-000CN.jpg
Внутренние компоненты;RU5-0304-000;RU5-0304-000 - Шестерня главного редуктора (24 зуба);['HP LaserJet P2015d', 'HP LaserJet Pro 400 M401a', 'Canon LASER SHOT LBP3370', 'HP LaserJet P2015dn', 'HP LaserJet Pro 400 M401d', 'Canon Satera LBP3310', 'HP LaserJet P2015n', 'HP LaserJet Pro 400 M401dn', 'Canon i-SENSYS LBP3310', 'HP LaserJet P2015x', 'HP LaserJet Pro 400 M401dne', 'Canon i-SENSYS LBP3370', 'HP LaserJet P2035', 'HP LaserJet Pro 400 M401dw', 'HP LaserJet M2727nf', 'HP LaserJet P2035n', 'HP LaserJet Pro 400 M401n', 'HP LaserJet M2727nfs', 'HP LaserJet P2055', 'HP LaserJet Pro 400 MFP M425dn', 'HP LaserJet P2014', 'HP LaserJet P2055d', 'HP LaserJet Pro 400 MFP M425dw', 'HP LaserJet P2014n', 'HP LaserJet P2055dn', 'HP LaserJet P2015', 'HP LaserJet P2055x'];
Внутренние компоненты;RU5-0929-000;RU5-0929-000 - Шестерня привода узла регистрации (14 зубов);['HP LaserJet P2055x', 'HP LaserJet Pro 400 M401dw', 'HP LaserJet P2035n', 'HP LaserJet Pro 400 M401a', 'HP LaserJet Pro 400 M401n', 'HP LaserJet P2055', 'HP LaserJet Pro 400 M401d', 'HP LaserJet Pro 400 MFP M425dn', 'HP LaserJet P2055d', 'HP LaserJet Pro 400 M401dn', 'HP LaserJet Pro 400 MFP M425dw', 'HP LaserJet P2055dn', 'HP LaserJet Pro 400 M401dne'];
Внутренние компоненты;RU5-0932-000;RU5-0932-000 - Шестерня главного редуктора;['HP LaserJet P2055x', 'HP LaserJet Pro 400 M401dw', 'HP LaserJet P2035n', 'HP LaserJet Pro 400 M401a', 'HP LaserJet Pro 400 M401n', 'HP LaserJet P2055', 'HP LaserJet Pro 400 M401d', 'HP LaserJet Pro 400 MFP M425dn', 'HP LaserJet P2055d', 'HP LaserJet Pro 400 M401dn', 'HP LaserJet Pro 400 MFP M425dw', 'HP LaserJet P2055dn', 'HP LaserJet Pro 400 M401dne'];
Внутренние компоненты;RU6-0675-000;RU6-0675-000 - Шестерня главного редуктора;['HP LaserJet P2055x', 'HP LaserJet Pro 400 M401dw', 'HP LaserJet P2035n', 'HP LaserJet Pro 400 M401a', 'HP LaserJet Pro 400 M401n', 'HP LaserJet P2055', 'HP LaserJet Pro 400 M401d', 'HP LaserJet Pro 400 MFP M425dn', 'HP LaserJet P2055d', 'HP LaserJet Pro 400 M401dn', 'HP LaserJet Pro 400 MFP M425dw', 'HP LaserJet P2055dn', 'HP LaserJet Pro 400 M401dne'];
Внутренние компоненты;RU6-0677-000;RU6-0677-000 - Шестерня главного редуктора;['HP LaserJet P2055x', 'HP LaserJet Pro 400 M401dw', 'HP LaserJet P2035n', 'HP LaserJet Pro 400 M401a', 'HP LaserJet Pro 400 M401n', 'HP LaserJet P2055', 'HP LaserJet Pro 400 M401d', 'HP LaserJet Pro 400 MFP M425dn', 'HP LaserJet P2055d', 'HP LaserJet Pro 400 M401dn', 'HP LaserJet Pro 400 MFP M425dw', 'HP LaserJet P2055dn', 'HP LaserJet Pro 400 M401dne'];
Внутренние компоненты;RU6-0678-000;RU6-0678-000 - Шестерня главного редуктора;['HP LaserJet P2055x', 'HP LaserJet Pro 400 M401dw', 'HP LaserJet P2035n', 'HP LaserJet Pro 400 M401a', 'HP LaserJet Pro 400 M401n', 'HP LaserJet P2055', 'HP LaserJet Pro 400 M401d', 'HP LaserJet Pro 400 MFP M425dn', 'HP LaserJet P2055d', 'HP LaserJet Pro 400 M401dn', 'HP LaserJet Pro 400 MFP M425dw', 'HP LaserJet P2055dn', 'HP LaserJet Pro 400 M401dne'];
Внутренние компоненты;RU6-0680-000;RU6-0680-000 - Шестерня редуктора (96/21 зуб);['Canon i-SENSYS LBP6670dn', 'HP LaserJet P2035n', 'Canon LASER SHOT LBP6650dn', 'Canon imageCLASS LBP6300dn', 'HP LaserJet P2055', 'Canon Satera LBP6300', 'Canon imageCLASS LBP6650dn', 'HP LaserJet P2055d', 'Canon i-SENSYS LBP6300dn', 'Canon imageCLASS LBP6670dn', 'HP LaserJet P2055dn', 'Canon i-SENSYS LBP6650dn', 'HP LaserJet P2035', 'HP LaserJet P2055x'];E:\Projects\PycharmProjects\parser_profit\images\hp\RU6-0680-000.jpg
Внутренние компоненты;RU6-0686-000;RU6-0686-000 - Шестерня в редукторе ручной подачи бумаги (19 зубов);['HP LaserJet P2055x', 'HP LaserJet Pro 400 M401dw', 'HP LaserJet P2035n', 'HP LaserJet Pro 400 M401a', 'HP LaserJet Pro 400 M401n', 'HP LaserJet P2055', 'HP LaserJet Pro 400 M401d', 'HP LaserJet Pro 400 MFP M425dn', 'HP LaserJet P2055d', 'HP LaserJet Pro 400 M401dn', 'HP LaserJet Pro 400 MFP M425dw', 'HP LaserJet P2055dn', 'HP LaserJet Pro 400 M401dne'];
Внутренние компоненты;RU6-0687-000;RU6-0687-000 - Шестерня в редукторе ручной подачи бумаги (26 зубов);['HP LaserJet P2055', 'HP LaserJet P2055dn', 'HP LaserJet P2035n', 'HP LaserJet P2055d', 'HP LaserJet P2055x'];
Внутренние компоненты;RC2-8349-000;RC2-8349-000 - Штырь шестерни привода фотовала;['Canon i-SENSYS LBP6650dn', 'HP LaserJet P2035', 'Canon LASER SHOT LBP6650dn', 'Canon i-SENSYS LBP6670dn', 'HP LaserJet P2035n', 'Canon Satera LBP6300', 'Canon i-SENSYS LBP6680x', 'HP LaserJet P2055', 'Canon i-SENSYS LBP251dw', 'Canon imageCLASS LBP6300dn', 'HP LaserJet P2055d', 'Canon i-SENSYS LBP252dw', 'Canon imageCLASS LBP6650dn', 'HP LaserJet P2055dn', 'Canon i-SENSYS LBP253x', 'Canon imageCLASS LBP6670dn', 'HP LaserJet P2055x', 'Canon i-SENSYS LBP6300dn', 'Canon imageCLASS LBP6680x'];
Внутренние компоненты;RC2-8349-000;ProfIT | RC2-8349-000 - Штырь шестерни привода фотовала;['Canon i-SENSYS LBP6650dn', 'HP LaserJet P2035', 'Canon LASER SHOT LBP6650dn', 'Canon i-SENSYS LBP6670dn', 'HP LaserJet P2035n', 'Canon Satera LBP6300', 'Canon i-SENSYS LBP6680x', 'HP LaserJet P2055', 'Canon i-SENSYS LBP251dw', 'Canon imageCLASS LBP6300dn', 'HP LaserJet P2055d', 'Canon i-SENSYS LBP252dw', 'Canon imageCLASS LBP6650dn', 'HP LaserJet P2055dn', 'Canon i-SENSYS LBP253x', 'Canon imageCLASS LBP6670dn', 'HP LaserJet P2055x', 'Canon i-SENSYS LBP6300dn', 'Canon imageCLASS LBP6680x'];
Внутренние компоненты;RU6-2610-000;RU6-2610-000 - Пружина сжатия ролика выхода бумаги;['Canon i-SENSYS MF418x', 'HP LaserJet P2035', 'Canon i-SENSYS LBP252dw', 'Canon i-SENSYS MF419x', 'HP LaserJet P2035n', 'Canon i-SENSYS LBP253x', 'Canon imageCLASS LBP6670dn', 'HP LaserJet P2055', 'Canon i-SENSYS LBP6670dn', 'Canon imageCLASS LBP6680x', 'HP LaserJet P2055d', 'Canon i-SENSYS LBP6680x', 'Canon imageRUNNER 1133', 'HP LaserJet P2055dn', 'Canon i-SENSYS MF411dw', 'Canon imageRUNNER 1133A', 'HP LaserJet P2055x', 'Canon i-SENSYS MF416dw', 'Canon imageRUNNER 1133iF'];
Внутренние компоненты;RC2-6198-000;RC2-6198-000 - Рычаг крышки доступа к картриджу;['Canon i-SENSYS MF416dw', 'HP LaserJet P2035n', 'Canon i-SENSYS LBP252dw', 'Canon i-SENSYS MF418x', 'HP LaserJet P2055', 'Canon i-SENSYS LBP253x', 'Canon i-SENSYS MF419x', 'HP LaserJet P2055d', 'Canon i-SENSYS LBP6670dn', 'Canon imageCLASS LBP6670dn', 'HP LaserJet P2055dn', 'Canon i-SENSYS LBP6680x', 'Canon imageCLASS LBP6680x', 'HP LaserJet P2055x', 'Canon i-SENSYS MF411dw', 'HP LaserJet P2035'];
Внутренние компоненты;RU6-0674-000;RU6-0674-000 - Шестерня привода фотовала (145 зубов);['Canon i-SENSYS MF416dw', 'HP LaserJet P2035n', 'Canon i-SENSYS LBP252dw', 'Canon i-SENSYS MF418x', 'HP LaserJet P2055', 'Canon i-SENSYS LBP253x', 'Canon i-SENSYS MF419x', 'HP LaserJet P2055d', 'Canon i-SENSYS LBP6670dn', 'Canon imageCLASS LBP6670dn', 'HP LaserJet P2055dn', 'Canon i-SENSYS LBP6680x', 'Canon imageCLASS LBP6680x', 'HP LaserJet P2055x', 'Canon i-SENSYS MF411dw', 'HP LaserJet P2035'];
Внутренние компоненты;RC2-6217-000;RC2-6217-000 - Крышка шестерни привода фотовала;['Canon i-SENSYS MF418x', 'HP LaserJet P2055d', 'Canon i-SENSYS LBP252dw', 'Canon i-SENSYS MF419x', 'HP LaserJet P2055dn', 'Canon i-SENSYS LBP253x', 'HP LaserJet P2035', 'HP LaserJet P2055x', 'Canon i-SENSYS MF411dw', 'HP LaserJet P2035n', 'Canon i-SENSYS MF416dw', 'HP LaserJet P2055'];
Внутренние компоненты;RC2-6042-000;RC2-6042-000 - Рама шестерни привода фотовала;['Canon i-SENSYS MF418x', 'HP LaserJet P2055d', 'Canon i-SENSYS LBP252dw', 'Canon i-SENSYS MF419x', 'HP LaserJet P2055dn', 'Canon i-SENSYS LBP253x', 'HP LaserJet P2035', 'HP LaserJet P2055x', 'Canon i-SENSYS MF411dw', 'HP LaserJet P2035n', 'Canon i-SENSYS MF416dw', 'HP LaserJet P2055'];
Внутренние компоненты;RM1-6375-000CN;RM1-6375-000CN - Разъём подключения кабеля питания, в сборе;['Canon i-SENSYS LBP6650dn', 'HP LaserJet P2055', 'Canon LASER SHOT LBP6300', 'Canon imageCLASS LBP6300dn', 'HP LaserJet P2055d', 'Canon LASER SHOT LBP6650dn', 'Canon imageCLASS LBP6650dn', 'HP LaserJet P2055dn', 'Canon Satera LBP6300', 'HP LaserJet P2035', 'HP LaserJet P2055x', 'Canon i-SENSYS LBP6300dn', 'HP LaserJet P2035n'];
Внутренние компоненты;RM1-6375-000CN;ProfIT | RM1-6375-000CN - Разъём подключения кабеля питания, в сборе;['Canon imageCLASS LBP6300dn', 'HP LaserJet P2055d', 'Canon LASER SHOT LBP6650dn', 'Canon imageCLASS LBP6650dn', 'HP LaserJet P2055dn', 'Canon Satera LBP6300', 'HP LaserJet P2035', 'HP LaserJet P2055x', 'Canon i-SENSYS LBP6300dn', 'HP LaserJet P2035n', 'Canon i-SENSYS LBP6650dn', 'HP LaserJet P2055'];
Узел переноса;RM1-6450-000CN;RM1-6450-000CN - Вал переноса заряда;['Canon i-SENSYS LBP6680x', 'HP LaserJet P2035', 'Canon LASER SHOT LBP6650dn', 'Canon imageCLASS LBP6300dn', 'HP LaserJet P2035n', 'Canon i-SENSYS LBP251dw', 'Canon imageCLASS LBP6650dn', 'HP LaserJet P2055', 'Canon i-SENSYS LBP252dw', 'Canon imageCLASS LBP6670dn', 'HP LaserJet P2055d', 'Canon i-SENSYS LBP253x', 'Canon imageCLASS LBP6680x', 'HP LaserJet P2055dn', 'Canon i-SENSYS LBP6300dn', 'Canon imageRUNNER 1133', 'HP LaserJet P2055x', 'Canon i-SENSYS LBP6650dn', 'Canon imageRUNNER 1133A', 'Canon i-SENSYS LBP6670dn', 'Canon imageRUNNER 1133iF'];E:\Projects\PycharmProjects\parser_profit\images\hp\RM1-6450-000CN.jpg
Узел переноса;RM1-6450-000CN;ProfIT | RM1-6450-000CN - Вал переноса заряда (восстановленный);['Canon i-SENSYS LBP6680x', 'HP LaserJet P2035', 'Canon LASER SHOT LBP6650dn', 'Canon imageCLASS LBP6300dn', 'HP LaserJet P2035n', 'Canon i-SENSYS LBP251dw', 'Canon imageCLASS LBP6650dn', 'HP LaserJet P2055', 'Canon i-SENSYS LBP252dw', 'Canon imageCLASS LBP6670dn', 'HP LaserJet P2055d', 'Canon i-SENSYS LBP253x', 'Canon imageCLASS LBP6680x', 'HP LaserJet P2055dn', 'Canon i-SENSYS LBP6300dn', 'Canon imageRUNNER 1133', 'HP LaserJet P2055x', 'Canon i-SENSYS LBP6650dn', 'Canon imageRUNNER 1133A', 'Canon i-SENSYS LBP6670dn', 'Canon imageRUNNER 1133iF'];E:\Projects\PycharmProjects\parser_profit\images\hp\RM1-6450-000CN.jpg
Электронные компоненты;C6518A;"C6518A - Интерфейсный кабель USB (тип A/B; 2 метра)";['HP Color LaserJet CP6015xh', 'HP LaserJet M5035 MFP', 'HP Color LaserJet 3800dn', 'HP Color LaserJet Enterprise M750dn', 'HP LaserJet M5035x MFP', 'HP Color LaserJet 3800dtn', 'HP Color LaserJet Enterprise M750n', 'HP LaserJet M5035xs MFP', 'HP Color LaserJet 3800n', 'HP Color LaserJet Enterprise M750xh', 'HP LaserJet M5039xs MFP', 'HP Color LaserJet CP1215', 'HP Color LaserJet Pro M452dn', 'HP LaserJet P2035', 'HP Color LaserJet CP1515n', 'HP Color LaserJet Pro M452dw', 'HP LaserJet P2035n', 'HP Color LaserJet CP1518ni', 'HP Color LaserJet Pro M452nw', 'HP LaserJet P2055', 'HP Color LaserJet CP3525', 'HP Color LaserJet Pro MFP M377dw', 'HP LaserJet P2055d', 'HP Color LaserJet CP3525dn', 'HP Color LaserJet Pro MFP M477fdn', 'HP LaserJet P2055dn', 'HP Color LaserJet CP3525n', 'HP Color LaserJet Pro MFP M477fdw', 'HP LaserJet P2055x', 'HP Color LaserJet CP3525x', 'HP Color LaserJet Pro MFP M477fnw', 'HP LaserJet Pro 400 M401a', 'HP Color LaserJet CP5525dn', 'HP LaserJet 3050', 'HP LaserJet Pro 400 M401d', 'HP Color LaserJet CP5525n', 'HP LaserJet 3050z', 'HP LaserJet Pro 400 M401dn', 'HP Color LaserJet CP5525xh', 'HP LaserJet 3390', 'HP LaserJet Pro 400 M401dw', 'HP Color LaserJet CP6015de', 'HP LaserJet 3392', 'HP LaserJet Pro 400 MFP M425dn', 'HP Color LaserJet CP6015dn', 'HP LaserJet 4240', 'HP LaserJet Pro 400 MFP M425dw', 'HP Color LaserJet CP6015n', 'HP LaserJet 4240n', 'HP Color LaserJet CP6015x', 'HP LaserJet M5025 MFP'];
Электронные компоненты;CB420A;CB420A - Модуль памяти (32MB, 144-pin, DDR2 SDRAM DIMM);['HP LaserJet P2035n', 'HP LaserJet P3005d', 'HP LaserJet P2015d', 'HP LaserJet P2055', 'HP LaserJet P3005dn', 'HP LaserJet P2015dn', 'HP LaserJet P2055d', 'HP LaserJet P3005n', 'HP LaserJet P2015n', 'HP LaserJet P2055dn', 'HP LaserJet P3005x', 'HP LaserJet P2015x', 'HP LaserJet P2055x', 'HP LaserJet P2035', 'HP LaserJet P3005'];
Электронные компоненты;CB421A;CB421A - Модуль памяти (64MB, 144-pin, DDR2 SDRAM DIMM);['HP Color LaserJet CP2025x', 'HP LaserJet P2055', 'HP Color LaserJet CM2320fxi MFP', 'HP LaserJet M2727nf', 'HP LaserJet P2055d', 'HP Color LaserJet CM2320nf MFP', 'HP LaserJet M2727nfs', 'HP LaserJet P2055dn', 'HP Color LaserJet CP1215', 'HP LaserJet P2015', 'HP LaserJet P2055x', 'HP Color LaserJet CP1217', 'HP LaserJet P2015d', 'HP LaserJet P3005', 'HP Color LaserJet CP1515n', 'HP LaserJet P2015dn', 'HP LaserJet P3005d', 'HP Color LaserJet CP1518ni', 'HP LaserJet P2015n', 'HP LaserJet P3005dn', 'HP Color LaserJet CP2025', 'HP LaserJet P2015x', 'HP LaserJet P3005n', 'HP Color LaserJet CP2025dn', 'HP LaserJet P2035', 'HP LaserJet P3005x', 'HP Color LaserJet CP2025n', 'HP LaserJet P2035n'];
Электронные компоненты;CB422A;CB422A - Модуль памяти (128MB, 144-pin, DDR2 SDRAM DIMM);['HP Color LaserJet CP2025x', 'HP LaserJet P2055', 'HP Color LaserJet CM2320fxi MFP', 'HP LaserJet M2727nf', 'HP LaserJet P2055d', 'HP Color LaserJet CM2320nf MFP', 'HP LaserJet M2727nfs', 'HP LaserJet P2055dn', 'HP Color LaserJet CP1215', 'HP LaserJet P2015', 'HP LaserJet P2055x', 'HP Color LaserJet CP1217', 'HP LaserJet P2015d', 'HP LaserJet P3005', 'HP Color LaserJet CP1515n', 'HP LaserJet P2015dn', 'HP LaserJet P3005d', 'HP Color LaserJet CP1518ni', 'HP LaserJet P2015n', 'HP LaserJet P3005dn', 'HP Color LaserJet CP2025', 'HP LaserJet P2015x', 'HP LaserJet P3005n', 'HP Color LaserJet CP2025dn', 'HP LaserJet P2035', 'HP LaserJet P3005x', 'HP Color LaserJet CP2025n', 'HP LaserJet P2035n'];
Электронные компоненты;CB423A;"CB423A - Модуль памяти (256MB, 144-pin, DDR2 SDRAM DIMM)
Снято с производства";['HP LaserJet M2727nf', 'HP LaserJet P2055dn', 'HP Color LaserJet CM2320fxi MFP', 'HP LaserJet M2727nfs', 'HP LaserJet P2055x', 'HP Color LaserJet CM2320nf MFP', 'HP LaserJet P2015', 'HP LaserJet P3005', 'HP Color LaserJet CP1215', 'HP LaserJet P2015d', 'HP LaserJet P3005d', 'HP Color LaserJet CP1217', 'HP LaserJet P2015dn', 'HP LaserJet P3005dn', 'HP Color LaserJet CP1515n', 'HP LaserJet P2015n', 'HP LaserJet P3005n', 'HP Color LaserJet CP1518ni', 'HP LaserJet P2015x', 'HP LaserJet P3005x', 'HP Color LaserJet CP2025', 'HP LaserJet P2035', 'HP LaserJet Pro 300 color M351a', 'HP Color LaserJet CP2025dn', 'HP LaserJet P2035n', 'HP LaserJet Pro 400 color M451dn', 'HP Color LaserJet CP2025n', 'HP LaserJet P2055', 'HP LaserJet Pro 400 color M451dw', 'HP Color LaserJet CP2025x', 'HP LaserJet P2055d', 'HP LaserJet Pro 400 color M451nw'];E:\Projects\PycharmProjects\parser_profit\images\hp\CB423A.jpg
Электронные компоненты;TS256MHP423A;Transcend | TS256MHP423A - Модуль памяти (256MB, 144-pin, DDR2 SDRAM DIMM);['HP Color LaserJet CP1217', 'HP Color LaserJet CP2025dn', 'HP Color LaserJet CM2320fxi MFP', 'HP Color LaserJet CP1515n', 'HP Color LaserJet CP2025n', 'HP Color LaserJet CM2320nf MFP', 'HP Color LaserJet CP1518ni', 'HP Color LaserJet CP2025x', 'HP Color LaserJet CP1215', 'HP Color LaserJet CP2025'];
Электронные компоненты;CC528-69002;CC528-69002 - Плата форматтера (сетевая);['HP LaserJet P2055x'];E:\Projects\PycharmProjects\parser_profit\images\hp\CC528-69002.jpg
Электронные компоненты;CC528-69002;CET | CC528-69002 - (CLS0228) Плата форматтера восстановленная *сетевая;['HP LaserJet P2055x'];E:\Projects\PycharmProjects\parser_profit\images\hp\CC528-69002.jpg
Электронные компоненты;J6035G;"J6035G - Внешний сервер печати (Jetdirect 175x; 	Fast Ethernet, 802.3, RJ-45, 10/100Base-TX, USB)
Снято с производства";['HP LaserJet 2410', 'HP LaserJet M3027 MFP', 'HP Color LaserJet 2700n', 'HP LaserJet 2420', 'HP LaserJet M3027x MFP', 'HP Color LaserJet 3600', 'HP LaserJet 2420d', 'HP LaserJet M3035 MFP', 'HP Color LaserJet 3600dn', 'HP LaserJet 2420dn', 'HP LaserJet M3035xs MFP', 'HP Color LaserJet 3600n', 'HP LaserJet 2420n', 'HP LaserJet M4345 MFP', 'HP Color LaserJet 3700', 'HP LaserJet 2430dtn', 'HP LaserJet M4345x MFP', 'HP Color LaserJet 3700dn', 'HP LaserJet 2430n', 'HP LaserJet M4345xm MFP', 'HP Color LaserJet 3700dtn', 'HP LaserJet 2430t', 'HP LaserJet M4345xs MFP', 'HP Color LaserJet 3700n', 'HP LaserJet 2430tn', 'HP LaserJet M5025 MFP', 'HP Color LaserJet 4700', 'HP LaserJet 3050', 'HP LaserJet M5035 MFP', 'HP Color LaserJet 4700dn', 'HP LaserJet 3050z', 'HP LaserJet M5035x MFP', 'HP Color LaserJet 4700dtn', 'HP LaserJet 3052', 'HP LaserJet M5035xs MFP', 'HP Color LaserJet 4700n', 'HP LaserJet 3055', 'HP LaserJet P2035', 'HP Color LaserJet 4700ph+', 'HP LaserJet 3390', 'HP LaserJet P2035n', 'HP Color LaserJet 4730 MFP', 'HP LaserJet 5200', 'HP LaserJet P2055', 'HP Color LaserJet 4730x MFP', 'HP LaserJet 5200L', 'HP LaserJet P2055d', 'HP Color LaserJet 4730xm MFP', 'HP LaserJet 5200Lx', 'HP LaserJet P2055dn', 'HP Color LaserJet 4730xs MFP', 'HP LaserJet 5200dtn', 'HP LaserJet P2055x', 'HP Color LaserJet CP4005dn', 'HP LaserJet 5200n', 'HP Color LaserJet CP4005n', 'HP LaserJet 5200tn'];
Электронные компоненты;J7942G;"J7942G - Внешний сервер печати (Jetdirect en3700; Ethernet, Fast Ethernet, 802.3, RJ-45, 10/100Base-TX, USB)";['HP LaserJet 1022nw', 'HP LaserJet 5200n', 'HP Color LaserJet 2700n', 'HP LaserJet 1160', 'HP LaserJet 5200tn', 'HP Color LaserJet 2820', 'HP LaserJet 1160Le', 'HP LaserJet 9040', 'HP Color LaserJet 2840', 'HP LaserJet 1320', 'HP LaserJet 9040dn', 'HP Color LaserJet 3600', 'HP LaserJet 1320n', 'HP LaserJet 9040n', 'HP Color LaserJet 3600dn', 'HP LaserJet 1320nw', 'HP LaserJet 9050', 'HP Color LaserJet 3600n', 'HP LaserJet 1320t', 'HP LaserJet 9050dn', 'HP Color LaserJet 3700', 'HP LaserJet 1320tn', 'HP LaserJet 9050n', 'HP Color LaserJet 3700dn', 'HP LaserJet 2410', 'HP LaserJet M3027 MFP', 'HP Color LaserJet 3700dtn', 'HP LaserJet 2420', 'HP LaserJet M3027x MFP', 'HP Color LaserJet 3700n', 'HP LaserJet 2420d', 'HP LaserJet M3035 MFP', 'HP Color LaserJet 4700', 'HP LaserJet 2420dn', 'HP LaserJet M3035xs MFP', 'HP Color LaserJet 4700dn', 'HP LaserJet 2420n', 'HP LaserJet M4345 MFP', 'HP Color LaserJet 4700dtn', 'HP LaserJet 2430dtn', 'HP LaserJet M4345x MFP', 'HP Color LaserJet 4700n', 'HP LaserJet 2430n', 'HP LaserJet M4345xm MFP', 'HP Color LaserJet 4700ph+', 'HP LaserJet 2430t', 'HP LaserJet M4345xs MFP', 'HP Color LaserJet 4730 MFP', 'HP LaserJet 2430tn', 'HP LaserJet M5025 MFP', 'HP Color LaserJet 4730x MFP', 'HP LaserJet 3050', 'HP LaserJet M5035 MFP', 'HP Color LaserJet 4730xm MFP', 'HP LaserJet 3050z', 'HP LaserJet M5035x MFP', 'HP Color LaserJet 4730xs MFP', 'HP LaserJet 3052', 'HP LaserJet M5035xs MFP', 'HP Color LaserJet 5550', 'HP LaserJet 3055', 'HP LaserJet P2014', 'HP Color LaserJet 5550dn', 'HP LaserJet 3390', 'HP LaserJet P2014n', 'HP Color LaserJet 5550dtn', 'HP LaserJet 3392', 'HP LaserJet P2015', 'HP Color LaserJet 5550hdn', 'HP LaserJet 4240', 'HP LaserJet P2015d', 'HP Color LaserJet 5550n', 'HP LaserJet 4240n', 'HP LaserJet P2015dn', 'HP Color LaserJet 9500mfp', 'HP LaserJet 4250', 'HP LaserJet P2015n', 'HP Color LaserJet CM1015 MFP', 'HP LaserJet 4250dtn', 'HP LaserJet P2015x', 'HP Color LaserJet CM1017 MFP', 'HP LaserJet 4250dtnsl', 'HP LaserJet P2035', 'HP Color LaserJet CP1215', 'HP LaserJet 4250n', 'HP LaserJet P2035n', 'HP Color LaserJet CP1515n', 'HP LaserJet 4250tn', 'HP LaserJet P2055', 'HP Color LaserJet CP1518ni', 'HP LaserJet 4350', 'HP LaserJet P2055d', 'HP Color LaserJet CP3505', 'HP LaserJet 4350dtn', 'HP LaserJet P2055dn', 'HP Color LaserJet CP3505dn', 'HP LaserJet 4350dtnsl', 'HP LaserJet P2055x', 'HP Color LaserJet CP3505n', 'HP LaserJet 4350n', 'HP LaserJet P3005', 'HP Color LaserJet CP3505x', 'HP LaserJet 4350tn', 'HP LaserJet P3005d', 'HP Color LaserJet CP4005dn', 'HP LaserJet 5200', 'HP LaserJet P3005dn', 'HP Color LaserJet CP4005n', 'HP LaserJet 5200L', 'HP LaserJet P3005n', 'HP LaserJet 1022', 'HP LaserJet 5200Lx', 'HP LaserJet P3005x', 'HP LaserJet 1022n', 'HP LaserJet 5200dtn'];E:\Projects\PycharmProjects\parser_profit\images\hp\J7942G.jpg
Электронные компоненты;J7951G;"J7951G - Внешний сервер печати (Jetdirect ew2400; 802.11g/802.11b Wireless Ethernet, 802.3 Fast Ethernet, RJ-45, 10/100Base-TX, USB)";['HP Color LaserJet CM1017 MFP', 'HP LaserJet 4250n', 'HP Color LaserJet 2700n', 'HP Color LaserJet CP1215', 'HP LaserJet 4250tn', 'HP Color LaserJet 2820', 'HP Color LaserJet CP1515n', 'HP LaserJet 4350', 'HP Color LaserJet 2840', 'HP Color LaserJet CP1518ni', 'HP LaserJet 4350dtn', 'HP Color LaserJet 3000', 'HP Color LaserJet CP3505', 'HP LaserJet 4350dtnsl', 'HP Color LaserJet 3000dn', 'HP Color LaserJet CP3505dn', 'HP LaserJet 4350n', 'HP Color LaserJet 3000dtn', 'HP Color LaserJet CP3505n', 'HP LaserJet 4350tn', 'HP Color LaserJet 3000n', 'HP Color LaserJet CP3505x', 'HP LaserJet 5200', 'HP Color LaserJet 3600', 'HP Color LaserJet CP4005dn', 'HP LaserJet 5200L', 'HP Color LaserJet 3600dn', 'HP Color LaserJet CP4005n', 'HP LaserJet 5200Lx', 'HP Color LaserJet 3600n', 'HP LaserJet 1022', 'HP LaserJet 5200dtn', 'HP Color LaserJet 3700', 'HP LaserJet 1022n', 'HP LaserJet 5200n', 'HP Color LaserJet 3700dn', 'HP LaserJet 1022nw', 'HP LaserJet 5200tn', 'HP Color LaserJet 3700dtn', 'HP LaserJet 1160', 'HP LaserJet M3027 MFP', 'HP Color LaserJet 3700n', 'HP LaserJet 1160Le', 'HP LaserJet M3027x MFP', 'HP Color LaserJet 3800', 'HP LaserJet 1320', 'HP LaserJet M3035 MFP', 'HP Color LaserJet 3800dn', 'HP LaserJet 1320n', 'HP LaserJet M3035xs MFP', 'HP Color LaserJet 3800dtn', 'HP LaserJet 1320nw', 'HP LaserJet M4345 MFP', 'HP Color LaserJet 3800n', 'HP LaserJet 1320t', 'HP LaserJet M4345x MFP', 'HP Color LaserJet 4610n', 'HP LaserJet 1320tn', 'HP LaserJet M4345xm MFP', 'HP Color LaserJet 4650', 'HP LaserJet 2100', 'HP LaserJet M4345xs MFP', 'HP Color LaserJet 4650dn', 'HP LaserJet 2100m', 'HP LaserJet M5025 MFP', 'HP Color LaserJet 4650dtn', 'HP LaserJet 2100se', 'HP LaserJet M5035 MFP', 'HP Color LaserJet 4650hdn', 'HP LaserJet 2100tn', 'HP LaserJet M5035x MFP', 'HP Color LaserJet 4650n', 'HP LaserJet 2100xi', 'HP LaserJet M5035xs MFP', 'HP Color LaserJet 4700', 'HP LaserJet 2410', 'HP LaserJet P2014', 'HP Color LaserJet 4700dn', 'HP LaserJet 2420', 'HP LaserJet P2014n', 'HP Color LaserJet 4700dtn', 'HP LaserJet 2420d', 'HP LaserJet P2015', 'HP Color LaserJet 4700n', 'HP LaserJet 2420dn', 'HP LaserJet P2015d', 'HP Color LaserJet 4700ph+', 'HP LaserJet 2420n', 'HP LaserJet P2015dn', 'HP Color LaserJet 4730 MFP', 'HP LaserJet 2430dtn', 'HP LaserJet P2015n', 'HP Color LaserJet 4730x MFP', 'HP LaserJet 2430n', 'HP LaserJet P2015x', 'HP Color LaserJet 4730xm MFP', 'HP LaserJet 2430t', 'HP LaserJet P2035', 'HP Color LaserJet 4730xs MFP', 'HP LaserJet 2430tn', 'HP LaserJet P2035n', 'HP Color LaserJet 5550', 'HP LaserJet 3050', 'HP LaserJet P2055', 'HP Color LaserJet 5550dn', 'HP LaserJet 3050z', 'HP LaserJet P2055d', 'HP Color LaserJet 5550dtn', 'HP LaserJet 3052', 'HP LaserJet P2055dn', 'HP Color LaserJet 5550hdn', 'HP LaserJet 3055', 'HP LaserJet P2055x', 'HP Color LaserJet 5550n', 'HP LaserJet 3390', 'HP LaserJet P3005', 'HP Color LaserJet 9500dn', 'HP LaserJet 3392', 'HP LaserJet P3005d', 'HP Color LaserJet 9500gp', 'HP LaserJet 4240', 'HP LaserJet P3005dn', 'HP Color LaserJet 9500hdn', 'HP LaserJet 4240n', 'HP LaserJet P3005n', 'HP Color LaserJet 9500mfp', 'HP LaserJet 4250', 'HP LaserJet P3005x', 'HP Color LaserJet 9500n', 'HP LaserJet 4250dtn', 'HP Color LaserJet CM1015 MFP', 'HP LaserJet 4250dtnsl'];E:\Projects\PycharmProjects\parser_profit\images\hp\J7951G.jpg
Электронные компоненты;Q6264A;"Q6264A - Высокоскоростной интерфейсный кабель USB (тип A/B; 1.8 метра)";['HP LaserJet P1505', 'HP LaserJet P2055', 'HP Color LaserJet CP2025dn', 'HP LaserJet P1505n', 'HP LaserJet P2055d', 'HP Color LaserJet CP2025n', 'HP LaserJet P2035', 'HP LaserJet P2055dn', 'HP Color LaserJet CP2025x', 'HP LaserJet P2035n', 'HP LaserJet P2055x'];
Электронные компоненты;RM1-6346-000CN;RM1-6346-000CN - Соединитель платы контроллера питания;['HP LaserJet P2055', 'HP LaserJet P2055dn', 'HP LaserJet P2035n', 'HP LaserJet P2055d', 'HP LaserJet P2055x'];
Электронные компоненты;RM1-6346-000CN;ProfIT | RM1-6346-000CN - Соединитель платы контроллера питания (восстановленный);['HP LaserJet P2055', 'HP LaserJet P2055dn', 'HP LaserJet P2035n', 'HP LaserJet P2055d', 'HP LaserJet P2055x'];
Электронные компоненты;RM1-6348-000CN;RM1-6348-000CN - Кнопка включения / выключения питания;['HP LaserJet P2055', 'HP LaserJet P2055dn', 'HP LaserJet P2035n', 'HP LaserJet P2055d', 'HP LaserJet P2055x'];E:\Projects\PycharmProjects\parser_profit\images\hp\RM1-6348-000CN.jpg
Электронные компоненты;RM1-6348-000CN;ProfIT | RM1-6348-000CN - Кнопка включения / выключения питания (восстановленная);['HP LaserJet P2055', 'HP LaserJet P2055dn', 'HP LaserJet P2035n', 'HP LaserJet P2055d', 'HP LaserJet P2055x'];E:\Projects\PycharmProjects\parser_profit\images\hp\RM1-6348-000CN.jpg
Электронные компоненты;RM1-6378-000CN;RM1-6378-000CN - Главный мотор;['Canon i-SENSYS MF411dw', 'Canon imageRUNNER 1133A', 'Canon LASER SHOT LBP6650dn', 'Canon i-SENSYS MF416dw', 'Canon imageRUNNER 1133iF', 'Canon i-SENSYS LBP251dw', 'Canon i-SENSYS MF418x', 'HP LaserJet P2035', 'Canon i-SENSYS LBP252dw', 'Canon i-SENSYS MF419x', 'HP LaserJet P2035n', 'Canon i-SENSYS LBP253x', 'Canon imageCLASS LBP6300dn', 'HP LaserJet P2055', 'Canon i-SENSYS LBP6300dn', 'Canon imageCLASS LBP6650dn', 'HP LaserJet P2055d', 'Canon i-SENSYS LBP6650dn', 'Canon imageCLASS LBP6670dn', 'HP LaserJet P2055dn', 'Canon i-SENSYS LBP6670dn', 'Canon imageCLASS LBP6680x', 'HP LaserJet P2055x', 'Canon i-SENSYS LBP6680x', 'Canon imageRUNNER 1133'];E:\Projects\PycharmProjects\parser_profit\images\hp\RM1-6378-000CN.jpg
Электронные компоненты;RM1-6393-050CN;RM1-6393-050CN - Плата контроллера питания (220В);['HP LaserJet P2055', 'HP LaserJet P2055dn', 'HP LaserJet P2035n', 'HP LaserJet P2055d', 'HP LaserJet P2055x'];E:\Projects\PycharmProjects\parser_profit\images\hp\RM1-6393-050CN.jpg
Электронные компоненты;RM1-6393-050CN;ProfIT | RM1-6393-050CN - Плата контроллера питания (восстановленная / 220В);['HP LaserJet P2055', 'HP LaserJet P2055dn', 'HP LaserJet P2035n', 'HP LaserJet P2055d', 'HP LaserJet P2055x'];E:\Projects\PycharmProjects\parser_profit\images\hp\RM1-6393-050CN.jpg
Электронные компоненты;RM1-6424-000CN;RM1-6424-000CN - Блок лазера;['Canon i-SENSYS MF6680dn', 'Canon imageRUNNER 1133', 'Canon LASER SHOT LBP6650dn', 'Canon imageCLASS D1120', 'Canon imageRUNNER 1133A', 'Canon i-SENSYS LBP251dw', 'Canon imageCLASS D1150', 'Canon imageRUNNER 1133iF', 'Canon i-SENSYS LBP252dw', 'Canon imageCLASS D1170', 'HP LaserJet P2035', 'Canon i-SENSYS LBP253x', 'Canon imageCLASS D1180', 'HP LaserJet P2035n', 'Canon i-SENSYS LBP6300dn', 'Canon imageCLASS LBP6300dn', 'HP LaserJet P2055', 'Canon i-SENSYS LBP6650dn', 'Canon imageCLASS LBP6650dn', 'HP LaserJet P2055d', 'Canon i-SENSYS LBP6670dn', 'Canon imageCLASS LBP6670dn', 'HP LaserJet P2055dn', 'Canon i-SENSYS LBP6680x', 'Canon imageCLASS LBP6680x', 'HP LaserJet P2055x'];E:\Projects\PycharmProjects\parser_profit\images\hp\RM1-6424-000CN.jpg
Электронные компоненты;RM1-6424-000CN;ProfIT | RM1-6424-000CN - Блок лазера (восстановленный);['Canon i-SENSYS MF6680dn', 'Canon imageRUNNER 1133', 'Canon LASER SHOT LBP6650dn', 'Canon imageCLASS D1120', 'Canon imageRUNNER 1133A', 'Canon i-SENSYS LBP251dw', 'Canon imageCLASS D1150', 'Canon imageRUNNER 1133iF', 'Canon i-SENSYS LBP252dw', 'Canon imageCLASS D1170', 'HP LaserJet P2035', 'Canon i-SENSYS LBP253x', 'Canon imageCLASS D1180', 'HP LaserJet P2035n', 'Canon i-SENSYS LBP6300dn', 'Canon imageCLASS LBP6300dn', 'HP LaserJet P2055', 'Canon i-SENSYS LBP6650dn', 'Canon imageCLASS LBP6650dn', 'HP LaserJet P2055d', 'Canon i-SENSYS LBP6670dn', 'Canon imageCLASS LBP6670dn', 'HP LaserJet P2055dn', 'Canon i-SENSYS LBP6680x', 'Canon imageCLASS LBP6680x', 'HP LaserJet P2055x'];E:\Projects\PycharmProjects\parser_profit\images\hp\RM1-6424-000CN.jpg
Узел термозакрепления;BUSHING-P2035;BUSHING-P2035 - Подшипник прижимного вала;['Canon imageCLASS D1150', 'HP LaserJet P2055d', 'Canon LASER SHOT LBP6650dn', 'Canon imageCLASS D1170', 'HP LaserJet P2055dn', 'Canon Satera LBP6300', 'Canon imageCLASS D1180', 'HP LaserJet P2055x', 'Canon i-SENSYS LBP6300dn', 'Canon imageCLASS LBP6300dn', 'HP LaserJet Pro 400 M401a', 'Canon i-SENSYS LBP6650dn', 'Canon imageCLASS LBP6650dn', 'HP LaserJet Pro 400 M401d', 'Canon i-SENSYS LBP6670dn', 'Canon imageCLASS LBP6670dn', 'HP LaserJet Pro 400 M401dn', 'Canon i-SENSYS MF411dw', 'Canon imageRUNNER 1133', 'HP LaserJet Pro 400 M401dne', 'Canon i-SENSYS MF416dw', 'Canon imageRUNNER 1133A', 'HP LaserJet Pro 400 M401dw', 'Canon i-SENSYS MF418x', 'Canon imageRUNNER 1133iF', 'HP LaserJet Pro 400 M401n', 'Canon i-SENSYS MF419x', 'HP LaserJet P2035', 'HP LaserJet Pro 400 MFP M425dn', 'Canon i-SENSYS MF6680dn', 'HP LaserJet P2035n', 'HP LaserJet Pro 400 MFP M425dw', 'Canon imageCLASS D1120', 'HP LaserJet P2055'];
Узел термозакрепления;CET3687;CET | CET3687 - Подшипник прижимного вала;['Canon imageCLASS D1180', 'HP LaserJet P2055dn', 'Canon LASER SHOT LBP6300', 'Canon imageCLASS LBP6300dn', 'HP LaserJet P2055x', 'Canon LASER SHOT LBP6650dn', 'Canon imageCLASS LBP6650dn', 'HP LaserJet Pro 400 M401a', 'Canon Satera LBP6300', 'Canon imageCLASS LBP6670dn', 'HP LaserJet Pro 400 M401d', 'Canon i-SENSYS LBP6300dn', 'Canon imageRUNNER 1133', 'HP LaserJet Pro 400 M401dn', 'Canon i-SENSYS LBP6650dn', 'Canon imageRUNNER 1133A', 'HP LaserJet Pro 400 M401dne', 'Canon i-SENSYS LBP6670dn', 'Canon imageRUNNER 1133iF', 'HP LaserJet Pro 400 M401dw', 'Canon i-SENSYS MF6680dn', 'HP LaserJet P2035', 'HP LaserJet Pro 400 M401n', 'Canon imageCLASS D1120', 'HP LaserJet P2035n', 'HP LaserJet Pro 400 MFP M425dn', 'Canon imageCLASS D1150', 'HP LaserJet P2055', 'HP LaserJet Pro 400 MFP M425dw', 'Canon imageCLASS D1170', 'HP LaserJet P2055d'];E:\Projects\PycharmProjects\parser_profit\images\hp\CET3687.jpg
Узел термозакрепления;LPR-P2035;LPR-P2035 - (CET3685N) Прижимной вал;['Canon imageCLASS D1150', 'HP LaserJet P2055dn', 'Canon LASER SHOT LBP6650dn', 'Canon imageCLASS D1170', 'HP LaserJet P2055x', 'Canon i-SENSYS LBP6300dn', 'Canon imageCLASS D1180', 'HP LaserJet Pro 400 M401a', 'Canon i-SENSYS LBP6650dn', 'Canon imageCLASS LBP6670dn', 'HP LaserJet Pro 400 M401d', 'Canon i-SENSYS LBP6670dn', 'Canon imageRUNNER 1133', 'HP LaserJet Pro 400 M401dn', 'Canon i-SENSYS MF411dw', 'Canon imageRUNNER 1133A', 'HP LaserJet Pro 400 M401dne', 'Canon i-SENSYS MF416dw', 'Canon imageRUNNER 1133iF', 'HP LaserJet Pro 400 M401dw', 'Canon i-SENSYS MF418x', 'HP LaserJet P2035', 'HP LaserJet Pro 400 M401n', 'Canon i-SENSYS MF419x', 'HP LaserJet P2035n', 'HP LaserJet Pro 400 MFP M425dn', 'Canon i-SENSYS MF6680dn', 'HP LaserJet P2055', 'HP LaserJet Pro 400 MFP M425dw', 'Canon imageCLASS D1120', 'HP LaserJet P2055d'];E:\Projects\PycharmProjects\parser_profit\images\hp\LPR-P2035.jpg
Узел термозакрепления;LPR-P2035;Hi-Black | LPR-P2035 - Прижимной вал;['Canon imageCLASS D1150', 'HP LaserJet P2055dn', 'Canon LASER SHOT LBP6650dn', 'Canon imageCLASS D1170', 'HP LaserJet P2055x', 'Canon i-SENSYS LBP6300dn', 'Canon imageCLASS D1180', 'HP LaserJet Pro 400 M401a', 'Canon i-SENSYS LBP6650dn', 'Canon imageCLASS LBP6670dn', 'HP LaserJet Pro 400 M401d', 'Canon i-SENSYS LBP6670dn', 'Canon imageRUNNER 1133', 'HP LaserJet Pro 400 M401dn', 'Canon i-SENSYS MF411dw', 'Canon imageRUNNER 1133A', 'HP LaserJet Pro 400 M401dne', 'Canon i-SENSYS MF416dw', 'Canon imageRUNNER 1133iF', 'HP LaserJet Pro 400 M401dw', 'Canon i-SENSYS MF418x', 'HP LaserJet P2035', 'HP LaserJet Pro 400 M401n', 'Canon i-SENSYS MF419x', 'HP LaserJet P2035n', 'HP LaserJet Pro 400 MFP M425dn', 'Canon i-SENSYS MF6680dn', 'HP LaserJet P2055', 'HP LaserJet Pro 400 MFP M425dw', 'Canon imageCLASS D1120', 'HP LaserJet P2055d', 'Canon LASER SHOT LBP6300', 'Canon imageCLASS D1150', 'HP LaserJet P2055dn', 'Canon LASER SHOT LBP6650dn', 'Canon imageCLASS D1170', 'HP LaserJet P2055x', 'Canon i-SENSYS LBP6300dn', 'Canon imageCLASS D1180', 'HP LaserJet Pro 400 M401a', 'Canon i-SENSYS LBP6650dn', 'Canon imageCLASS LBP6670dn', 'HP LaserJet Pro 400 M401d', 'Canon i-SENSYS LBP6670dn', 'Canon imageRUNNER 1133', 'HP LaserJet Pro 400 M401dn', 'Canon i-SENSYS MF411dw', 'Canon imageRUNNER 1133A', 'HP LaserJet Pro 400 M401dne', 'Canon i-SENSYS MF416dw', 'Canon imageRUNNER 1133iF', 'HP LaserJet Pro 400 M401dw', 'Canon i-SENSYS MF418x', 'HP LaserJet P2035', 'HP LaserJet Pro 400 M401n', 'Canon i-SENSYS MF419x', 'HP LaserJet P2035n', 'HP LaserJet Pro 400 MFP M425dn', 'Canon i-SENSYS MF6680dn', 'HP LaserJet P2055', 'HP LaserJet Pro 400 MFP M425dw', 'Canon imageCLASS D1120', 'HP LaserJet P2055d', 'Canon LASER SHOT LBP6300', 'Canon imageCLASS D1150', 'HP LaserJet P2055dn', 'Canon LASER SHOT LBP6650dn', 'Canon imageCLASS D1170', 'HP LaserJet P2055x', 'Canon i-SENSYS LBP6300dn', 'Canon imageCLASS D1180', 'HP LaserJet Pro 400 M401a', 'Canon i-SENSYS LBP6650dn', 'Canon imageCLASS LBP6670dn', 'HP LaserJet Pro 400 M401d', 'Canon i-SENSYS LBP6670dn', 'Canon imageRUNNER 1133', 'HP LaserJet Pro 400 M401dn', 'Canon i-SENSYS MF411dw', 'Canon imageRUNNER 1133A', 'HP LaserJet Pro 400 M401dne', 'Canon i-SENSYS MF416dw', 'Canon imageRUNNER 1133iF', 'HP LaserJet Pro 400 M401dw', 'Canon i-SENSYS MF418x', 'HP LaserJet P2035', 'HP LaserJet Pro 400 M401n', 'Canon i-SENSYS MF419x', 'HP LaserJet P2035n', 'HP LaserJet Pro 400 MFP M425dn', 'Canon i-SENSYS MF6680dn', 'HP LaserJet P2055', 'HP LaserJet Pro 400 MFP M425dw', 'Canon imageCLASS D1120', 'HP LaserJet P2055d', 'Canon LASER SHOT LBP6300', 'Canon imageCLASS D1150', 'HP LaserJet P2055dn', 'Canon LASER SHOT LBP6650dn', 'Canon imageCLASS D1170', 'HP LaserJet P2055x', 'Canon i-SENSYS LBP6300dn', 'Canon imageCLASS D1180', 'HP LaserJet Pro 400 M401a', 'Canon i-SENSYS LBP6650dn', 'Canon imageCLASS LBP6670dn', 'HP LaserJet Pro 400 M401d', 'Canon i-SENSYS LBP6670dn', 'Canon imageRUNNER 1133', 'HP LaserJet Pro 400 M401dn', 'Canon i-SENSYS MF411dw', 'Canon imageRUNNER 1133A', 'HP LaserJet Pro 400 M401dne', 'Canon i-SENSYS MF416dw', 'Canon imageRUNNER 1133iF', 'HP LaserJet Pro 400 M401dw', 'Canon i-SENSYS MF418x', 'HP LaserJet P2035', 'HP LaserJet Pro 400 M401n', 'Canon i-SENSYS MF419x', 'HP LaserJet P2035n', 'HP LaserJet Pro 400 MFP M425dn', 'Canon i-SENSYS MF6680dn', 'HP LaserJet P2055', 'HP LaserJet Pro 400 MFP M425dw', 'Canon imageCLASS D1120', 'HP LaserJet P2055d'];E:\Projects\PycharmProjects\parser_profit\images\hp\LPR-P2035.jpg
Узел термозакрепления;RL1-2112-000;RL1-2112-000 - Вал выхода бумаги из узла термозакрепления;['Canon i-SENSYS MF418x', 'Canon imageRUNNER 1133', 'Canon LASER SHOT LBP6650dn', 'Canon i-SENSYS MF419x', 'Canon imageRUNNER 1133A', 'Canon i-SENSYS LBP251dw', 'Canon i-SENSYS MF6680dn', 'Canon imageRUNNER 1133iF', 'Canon i-SENSYS LBP252dw', 'Canon imageCLASS D1120', 'HP LaserJet P2035', 'Canon i-SENSYS LBP253x', 'Canon imageCLASS D1150', 'HP LaserJet P2035n', 'Canon i-SENSYS LBP6300dn', 'Canon imageCLASS D1170', 'HP LaserJet P2055', 'Canon i-SENSYS LBP6650dn', 'Canon imageCLASS D1180', 'HP LaserJet P2055d', 'Canon i-SENSYS LBP6670dn', 'Canon imageCLASS LBP6300dn', 'HP LaserJet P2055dn', 'Canon i-SENSYS LBP6680x', 'Canon imageCLASS LBP6650dn', 'HP LaserJet P2055x', 'Canon i-SENSYS MF411dw', 'Canon imageCLASS LBP6670dn', 'Canon i-SENSYS MF416dw', 'Canon imageCLASS LBP6680x'];
Узел термозакрепления;RM1-6406-000CN;RM1-6406-000CN - Печь, в сборе (220В);['Canon i-SENSYS MF6680dn', 'Canon imageRUNNER 1133A', 'Canon LASER SHOT LBP6650dn', 'Canon imageCLASS D1120', 'Canon imageRUNNER 1133iF', 'Canon i-SENSYS LBP6300dn', 'Canon imageCLASS D1150', 'HP LaserJet P2035', 'Canon i-SENSYS LBP6650dn', 'Canon imageCLASS D1170', 'HP LaserJet P2035n', 'Canon i-SENSYS LBP6670dn', 'Canon imageCLASS D1180', 'HP LaserJet P2055', 'Canon i-SENSYS LBP6680x', 'Canon imageCLASS LBP6300dn', 'HP LaserJet P2055d', 'Canon i-SENSYS MF411dw', 'Canon imageCLASS LBP6650dn', 'HP LaserJet P2055dn', 'Canon i-SENSYS MF416dw', 'Canon imageCLASS LBP6670dn', 'HP LaserJet P2055x', 'Canon i-SENSYS MF418x', 'Canon imageCLASS LBP6680x', 'Canon i-SENSYS MF419x', 'Canon imageRUNNER 1133'];E:\Projects\PycharmProjects\parser_profit\images\hp\RM1-6406-000CN.jpg
Узел термозакрепления;RM1-6406-000CN;ProfIT | RM1-6406-000CN - Печь, в сборе (восстановленная / 220В);['Canon i-SENSYS MF6680dn', 'Canon imageRUNNER 1133A', 'Canon LASER SHOT LBP6650dn', 'Canon imageCLASS D1120', 'Canon imageRUNNER 1133iF', 'Canon i-SENSYS LBP6300dn', 'Canon imageCLASS D1150', 'HP LaserJet P2035', 'Canon i-SENSYS LBP6650dn', 'Canon imageCLASS D1170', 'HP LaserJet P2035n', 'Canon i-SENSYS LBP6670dn', 'Canon imageCLASS D1180', 'HP LaserJet P2055', 'Canon i-SENSYS LBP6680x', 'Canon imageCLASS LBP6300dn', 'HP LaserJet P2055d', 'Canon i-SENSYS MF411dw', 'Canon imageCLASS LBP6650dn', 'HP LaserJet P2055dn', 'Canon i-SENSYS MF416dw', 'Canon imageCLASS LBP6670dn', 'HP LaserJet P2055x', 'Canon i-SENSYS MF418x', 'Canon imageCLASS LBP6680x', 'Canon i-SENSYS MF419x', 'Canon imageRUNNER 1133', 'Canon LASER SHOT LBP6300', 'Canon i-SENSYS MF6680dn', 'Canon imageRUNNER 1133A', 'Canon LASER SHOT LBP6650dn', 'Canon imageCLASS D1120', 'Canon imageRUNNER 1133iF', 'Canon i-SENSYS LBP6300dn', 'Canon imageCLASS D1150', 'HP LaserJet P2035', 'Canon i-SENSYS LBP6650dn', 'Canon imageCLASS D1170', 'HP LaserJet P2035n', 'Canon i-SENSYS LBP6670dn', 'Canon imageCLASS D1180', 'HP LaserJet P2055', 'Canon i-SENSYS LBP6680x', 'Canon imageCLASS LBP6300dn', 'HP LaserJet P2055d', 'Canon i-SENSYS MF411dw', 'Canon imageCLASS LBP6650dn', 'HP LaserJet P2055dn', 'Canon i-SENSYS MF416dw', 'Canon imageCLASS LBP6670dn', 'HP LaserJet P2055x', 'Canon i-SENSYS MF418x', 'Canon imageCLASS LBP6680x', 'Canon i-SENSYS MF419x', 'Canon imageRUNNER 1133'];E:\Projects\PycharmProjects\parser_profit\images\hp\RM1-6406-000CN.jpg
Узел термозакрепления;RM1-6406-HEAT;RM1-6406-HEAT - Нагревательный элемент узла термозакрепления (220В);['Canon imageCLASS D1150', 'HP LaserJet P2055', 'Canon LASER SHOT LBP6650dn', 'Canon imageCLASS D1170', 'HP LaserJet P2055d', 'Canon i-SENSYS LBP6300dn', 'Canon imageCLASS D1180', 'HP LaserJet P2055dn', 'Canon i-SENSYS LBP6650dn', 'Canon imageCLASS LBP6300dn', 'HP LaserJet P2055x', 'Canon i-SENSYS LBP6670dn', 'Canon imageCLASS LBP6650dn', 'HP LaserJet Pro 400 M401a', 'Canon i-SENSYS LBP6680x', 'Canon imageCLASS LBP6670dn', 'HP LaserJet Pro 400 M401d', 'Canon i-SENSYS MF411dw', 'Canon imageCLASS LBP6680x', 'HP LaserJet Pro 400 M401dn', 'Canon i-SENSYS MF416dw', 'Canon imageRUNNER 1133', 'HP LaserJet Pro 400 M401dw', 'Canon i-SENSYS MF418x', 'Canon imageRUNNER 1133A', 'HP LaserJet Pro 400 M401n', 'Canon i-SENSYS MF419x', 'Canon imageRUNNER 1133iF', 'HP LaserJet Pro 400 MFP M425dn', 'Canon i-SENSYS MF6680dn', 'HP LaserJet P2035', 'HP LaserJet Pro 400 MFP M425dw', 'Canon imageCLASS D1120', 'HP LaserJet P2035n'];
Узел термозакрепления;RU5-0307-000;RU5-0307-000 - Шестерня привода узла термозакрепления (27 зубов);['HP LaserJet 3392', 'HP LaserJet P2015x', 'HP LaserJet 1160', 'HP LaserJet M2727nf', 'HP LaserJet P2035', 'HP LaserJet 1160Le', 'HP LaserJet M2727nfs', 'HP LaserJet P2035n', 'HP LaserJet 1320', 'HP LaserJet P2014', 'HP LaserJet P2055', 'HP LaserJet 1320n', 'HP LaserJet P2014n', 'HP LaserJet P2055d', 'HP LaserJet 1320nw', 'HP LaserJet P2015', 'HP LaserJet P2055dn', 'HP LaserJet 1320t', 'HP LaserJet P2015d', 'HP LaserJet P2055x', 'HP LaserJet 1320tn', 'HP LaserJet P2015dn', 'HP LaserJet 3390', 'HP LaserJet P2015n'];E:\Projects\PycharmProjects\parser_profit\images\hp\RU5-0307-000.jpg
Узел термозакрепления;RU5-0307-000;CN | RU5-0307-000 - Шестерня привода узла термозакрепления (27 зубов);['HP LaserJet 3392', 'HP LaserJet P2015x', 'HP LaserJet 1160', 'HP LaserJet M2727nf', 'HP LaserJet P2035', 'HP LaserJet 1160Le', 'HP LaserJet M2727nfs', 'HP LaserJet P2035n', 'HP LaserJet 1320', 'HP LaserJet P2014', 'HP LaserJet P2055', 'HP LaserJet 1320n', 'HP LaserJet P2014n', 'HP LaserJet P2055d', 'HP LaserJet 1320nw', 'HP LaserJet P2015', 'HP LaserJet P2055dn', 'HP LaserJet 1320t', 'HP LaserJet P2015d', 'HP LaserJet P2055x', 'HP LaserJet 1320tn', 'HP LaserJet P2015dn', 'HP LaserJet 3390', 'HP LaserJet P2015n', 'Canon i-SENSYS MF411dw', 'HP LaserJet 3392', 'HP LaserJet P2015x', 'HP LaserJet 1160', 'HP LaserJet M2727nf', 'HP LaserJet P2035', 'HP LaserJet 1160Le', 'HP LaserJet M2727nfs', 'HP LaserJet P2035n', 'HP LaserJet 1320', 'HP LaserJet P2014', 'HP LaserJet P2055', 'HP LaserJet 1320n', 'HP LaserJet P2014n', 'HP LaserJet P2055d', 'HP LaserJet 1320nw', 'HP LaserJet P2015', 'HP LaserJet P2055dn', 'HP LaserJet 1320t', 'HP LaserJet P2015d', 'HP LaserJet P2055x', 'HP LaserJet 1320tn', 'HP LaserJet P2015dn', 'HP LaserJet 3390', 'HP LaserJet P2015n'];E:\Projects\PycharmProjects\parser_profit\images\hp\RU5-0307-000.jpg
Узел термозакрепления;RU6-0690-000;RU6-0690-000 - Шестерня прижимного вала (27 зубов);['Canon i-SENSYS MF416dw', 'HP LaserJet P2035n', 'Canon i-SENSYS LBP252dw', 'Canon i-SENSYS MF418x', 'HP LaserJet P2055', 'Canon i-SENSYS LBP253x', 'Canon i-SENSYS MF419x', 'HP LaserJet P2055d', 'Canon i-SENSYS LBP6670dn', 'Canon imageCLASS LBP6670dn', 'HP LaserJet P2055dn', 'Canon i-SENSYS LBP6680x', 'Canon imageCLASS LBP6680x', 'HP LaserJet P2055x', 'Canon i-SENSYS MF411dw', 'HP LaserJet P2035'];
Узел термозакрепления;RU6-0690-000;CN | RU6-0690-000 - Шестерня прижимного вала (27 зубов);['Canon i-SENSYS MF416dw', 'HP LaserJet P2035n', 'Canon i-SENSYS LBP252dw', 'Canon i-SENSYS MF418x', 'HP LaserJet P2055', 'Canon i-SENSYS LBP253x', 'Canon i-SENSYS MF419x', 'HP LaserJet P2055d', 'Canon i-SENSYS LBP6670dn', 'Canon imageCLASS LBP6670dn', 'HP LaserJet P2055dn', 'Canon i-SENSYS LBP6680x', 'Canon imageCLASS LBP6680x', 'HP LaserJet P2055x', 'Canon i-SENSYS MF411dw', 'HP LaserJet P2035', 'Canon i-SENSYS LBP251dw', 'Canon i-SENSYS MF416dw', 'HP LaserJet P2035n', 'Canon i-SENSYS LBP252dw', 'Canon i-SENSYS MF418x', 'HP LaserJet P2055', 'Canon i-SENSYS LBP253x', 'Canon i-SENSYS MF419x', 'HP LaserJet P2055d', 'Canon i-SENSYS LBP6670dn', 'Canon imageCLASS LBP6670dn', 'HP LaserJet P2055dn', 'Canon i-SENSYS LBP6680x', 'Canon imageCLASS LBP6680x', 'HP LaserJet P2055x', 'Canon i-SENSYS MF411dw', 'HP LaserJet P2035'];
Узел термозакрепления;RM1-6406-FILM;RM1-6406-FILM - Термоплёнка (смазка в комплекте);['Canon imageRUNNER 1133', 'HP LaserJet Pro M402d', 'Canon LASER SHOT LBP6650dn', 'Canon imageRUNNER 1133A', 'HP LaserJet Pro M402dn', 'Canon i-SENSYS LBP6300dn', 'Canon imageRUNNER 1133iF', 'HP LaserJet Pro M402dw', 'Canon i-SENSYS LBP6650dn', 'HP LaserJet P2035', 'HP LaserJet Pro M402n', 'Canon i-SENSYS LBP6670dn', 'HP LaserJet P2035n', 'HP LaserJet Pro MFP M125a', 'Canon i-SENSYS LBP6680x', 'HP LaserJet P2055', 'HP LaserJet Pro MFP M125r', 'Canon i-SENSYS MF411dw', 'HP LaserJet P2055d', 'HP LaserJet Pro MFP M125ra', 'Canon i-SENSYS MF416dw', 'HP LaserJet P2055dn', 'HP LaserJet Pro MFP M125rnw', 'Canon i-SENSYS MF418x', 'HP LaserJet P2055x', 'HP LaserJet Pro MFP M127fn', 'Canon i-SENSYS MF419x', 'HP LaserJet Pro 400 M401a', 'HP LaserJet Pro MFP M127fp', 'Canon i-SENSYS MF6680dn', 'HP LaserJet Pro 400 M401d', 'HP LaserJet Pro MFP M127fw', 'Canon imageCLASS D1120', 'HP LaserJet Pro 400 M401dn', 'HP LaserJet Pro MFP M225dn', 'Canon imageCLASS D1150', 'HP LaserJet Pro 400 M401dne', 'HP LaserJet Pro MFP M225dw', 'Canon imageCLASS D1170', 'HP LaserJet Pro 400 M401dw', 'HP LaserJet Pro MFP M225rdn', 'Canon imageCLASS D1180', 'HP LaserJet Pro 400 M401n', 'HP LaserJet Pro MFP M426dw', 'Canon imageCLASS LBP6300dn', 'HP LaserJet Pro 400 MFP M425dn', 'HP LaserJet Pro MFP M426fdn', 'Canon imageCLASS LBP6650dn', 'HP LaserJet Pro 400 MFP M425dw', 'HP LaserJet Pro MFP M426fdw', 'Canon imageCLASS LBP6670dn', 'HP LaserJet Pro M201dw', 'Canon imageCLASS LBP6680x', 'HP LaserJet Pro M201n'];
Узел термозакрепления;RM1-6406-FILM;LT | RM1-6406-FILM - Термоплёнка;['Canon imageRUNNER 1133', 'HP LaserJet Pro M402d', 'Canon LASER SHOT LBP6650dn', 'Canon imageRUNNER 1133A', 'HP LaserJet Pro M402dn', 'Canon i-SENSYS LBP6300dn', 'Canon imageRUNNER 1133iF', 'HP LaserJet Pro M402dw', 'Canon i-SENSYS LBP6650dn', 'HP LaserJet P2035', 'HP LaserJet Pro M402n', 'Canon i-SENSYS LBP6670dn', 'HP LaserJet P2035n', 'HP LaserJet Pro MFP M125a', 'Canon i-SENSYS LBP6680x', 'HP LaserJet P2055', 'HP LaserJet Pro MFP M125r', 'Canon i-SENSYS MF411dw', 'HP LaserJet P2055d', 'HP LaserJet Pro MFP M125ra', 'Canon i-SENSYS MF416dw', 'HP LaserJet P2055dn', 'HP LaserJet Pro MFP M125rnw', 'Canon i-SENSYS MF418x', 'HP LaserJet P2055x', 'HP LaserJet Pro MFP M127fn', 'Canon i-SENSYS MF419x', 'HP LaserJet Pro 400 M401a', 'HP LaserJet Pro MFP M127fp', 'Canon i-SENSYS MF6680dn', 'HP LaserJet Pro 400 M401d', 'HP LaserJet Pro MFP M127fw', 'Canon imageCLASS D1120', 'HP LaserJet Pro 400 M401dn', 'HP LaserJet Pro MFP M225dn', 'Canon imageCLASS D1150', 'HP LaserJet Pro 400 M401dne', 'HP LaserJet Pro MFP M225dw', 'Canon imageCLASS D1170', 'HP LaserJet Pro 400 M401dw', 'HP LaserJet Pro MFP M225rdn', 'Canon imageCLASS D1180', 'HP LaserJet Pro 400 M401n', 'HP LaserJet Pro MFP M426dw', 'Canon imageCLASS LBP6300dn', 'HP LaserJet Pro 400 MFP M425dn', 'HP LaserJet Pro MFP M426fdn', 'Canon imageCLASS LBP6650dn', 'HP LaserJet Pro 400 MFP M425dw', 'HP LaserJet Pro MFP M426fdw', 'Canon imageCLASS LBP6670dn', 'HP LaserJet Pro M201dw', 'Canon imageCLASS LBP6680x', 'HP LaserJet Pro M201n', 'Canon LASER SHOT LBP6300', 'Canon imageRUNNER 1133', 'HP LaserJet Pro M402d', 'Canon LASER SHOT LBP6650dn', 'Canon imageRUNNER 1133A', 'HP LaserJet Pro M402dn', 'Canon i-SENSYS LBP6300dn', 'Canon imageRUNNER 1133iF', 'HP LaserJet Pro M402dw', 'Canon i-SENSYS LBP6650dn', 'HP LaserJet P2035', 'HP LaserJet Pro M402n', 'Canon i-SENSYS LBP6670dn', 'HP LaserJet P2035n', 'HP LaserJet Pro MFP M125a', 'Canon i-SENSYS LBP6680x', 'HP LaserJet P2055', 'HP LaserJet Pro MFP M125r', 'Canon i-SENSYS MF411dw', 'HP LaserJet P2055d', 'HP LaserJet Pro MFP M125ra', 'Canon i-SENSYS MF416dw', 'HP LaserJet P2055dn', 'HP LaserJet Pro MFP M125rnw', 'Canon i-SENSYS MF418x', 'HP LaserJet P2055x', 'HP LaserJet Pro MFP M127fn', 'Canon i-SENSYS MF419x', 'HP LaserJet Pro 400 M401a', 'HP LaserJet Pro MFP M127fp', 'Canon i-SENSYS MF6680dn', 'HP LaserJet Pro 400 M401d', 'HP LaserJet Pro MFP M127fw', 'Canon imageCLASS D1120', 'HP LaserJet Pro 400 M401dn', 'HP LaserJet Pro MFP M225dn', 'Canon imageCLASS D1150', 'HP LaserJet Pro 400 M401dne', 'HP LaserJet Pro MFP M225dw', 'Canon imageCLASS D1170', 'HP LaserJet Pro 400 M401dw', 'HP LaserJet Pro MFP M225rdn', 'Canon imageCLASS D1180', 'HP LaserJet Pro 400 M401n', 'HP LaserJet Pro MFP M426dw', 'Canon imageCLASS LBP6300dn', 'HP LaserJet Pro 400 MFP M425dn', 'HP LaserJet Pro MFP M426fdn', 'Canon imageCLASS LBP6650dn', 'HP LaserJet Pro 400 MFP M425dw', 'HP LaserJet Pro MFP M426fdw', 'Canon imageCLASS LBP6670dn', 'HP LaserJet Pro M201dw', 'Canon imageCLASS LBP6680x', 'HP LaserJet Pro M201n', 'Canon LASER SHOT LBP6300', 'Canon imageRUNNER 1133', 'HP LaserJet Pro M402d', 'Canon LASER SHOT LBP6650dn', 'Canon imageRUNNER 1133A', 'HP LaserJet Pro M402dn', 'Canon i-SENSYS LBP6300dn', 'Canon imageRUNNER 1133iF', 'HP LaserJet Pro M402dw', 'Canon i-SENSYS LBP6650dn', 'HP LaserJet P2035', 'HP LaserJet Pro M402n', 'Canon i-SENSYS LBP6670dn', 'HP LaserJet P2035n', 'HP LaserJet Pro MFP M125a', 'Canon i-SENSYS LBP6680x', 'HP LaserJet P2055', 'HP LaserJet Pro MFP M125r', 'Canon i-SENSYS MF411dw', 'HP LaserJet P2055d', 'HP LaserJet Pro MFP M125ra', 'Canon i-SENSYS MF416dw', 'HP LaserJet P2055dn', 'HP LaserJet Pro MFP M125rnw', 'Canon i-SENSYS MF418x', 'HP LaserJet P2055x', 'HP LaserJet Pro MFP M127fn', 'Canon i-SENSYS MF419x', 'HP LaserJet Pro 400 M401a', 'HP LaserJet Pro MFP M127fp', 'Canon i-SENSYS MF6680dn', 'HP LaserJet Pro 400 M401d', 'HP LaserJet Pro MFP M127fw', 'Canon imageCLASS D1120', 'HP LaserJet Pro 400 M401dn', 'HP LaserJet Pro MFP M225dn', 'Canon imageCLASS D1150', 'HP LaserJet Pro 400 M401dne', 'HP LaserJet Pro MFP M225dw', 'Canon imageCLASS D1170', 'HP LaserJet Pro 400 M401dw', 'HP LaserJet Pro MFP M225rdn', 'Canon imageCLASS D1180', 'HP LaserJet Pro 400 M401n', 'HP LaserJet Pro MFP M426dw', 'Canon imageCLASS LBP6300dn', 'HP LaserJet Pro 400 MFP M425dn', 'HP LaserJet Pro MFP M426fdn', 'Canon imageCLASS LBP6650dn', 'HP LaserJet Pro 400 MFP M425dw', 'HP LaserJet Pro MFP M426fdw', 'Canon imageCLASS LBP6670dn', 'HP LaserJet Pro M201dw', 'Canon imageCLASS LBP6680x', 'HP LaserJet Pro M201n'];
Узел термозакрепления;RM1-6405-FILM;RM1-6405-FILM - (CET2471N) Термоплёнка *смазка в комплекте;['Canon i-SENSYS MF4580dn', 'Canon imageRUNNER 1133A', 'Canon LASER SHOT LBP6000', 'Canon i-SENSYS MF4730', 'Canon imageRUNNER 1133iF', 'Canon LASER SHOT LBP6018', 'Canon i-SENSYS MF4870dn', 'HP LaserJet P1102', 'Canon LASER SHOT LBP6200d', 'Canon i-SENSYS MF6680dn', 'HP LaserJet P1102s', 'Canon LASER SHOT LBP6300', 'Canon imageCLASS D1120', 'HP LaserJet P1102w', 'Canon LASER SHOT LBP6650dn', 'Canon imageCLASS D1150', 'HP LaserJet P1566', 'Canon Satera MF216n', 'Canon imageCLASS D1170', 'HP LaserJet P1606dn', 'Canon Satera MF224dw', 'Canon imageCLASS D1180', 'HP LaserJet P2035', 'Canon Satera MF229dw', 'Canon imageCLASS D520', 'HP LaserJet P2035n', 'Canon Satera MF4410', 'Canon imageCLASS D550', 'HP LaserJet P2055', 'Canon Satera MF4420n', 'Canon imageCLASS LBP151dw', 'HP LaserJet P2055d', 'Canon i-SENSYS LBP151dw', 'Canon imageCLASS LBP6000', 'HP LaserJet P2055dn', 'Canon i-SENSYS LBP6000', 'Canon imageCLASS LBP6300dn', 'HP LaserJet P2055x', 'Canon i-SENSYS LBP6000B', 'Canon imageCLASS LBP6650dn', 'HP LaserJet Pro 400 M401a', 'Canon i-SENSYS LBP6020', 'Canon imageCLASS LBP6670dn', 'HP LaserJet Pro 400 M401d', 'Canon i-SENSYS LBP6020B', 'Canon imageCLASS LBP6680x', 'HP LaserJet Pro 400 M401dn', 'Canon i-SENSYS LBP6200d', 'Canon imageCLASS MF211', 'HP LaserJet Pro 400 M401dne', 'Canon i-SENSYS LBP6300dn', 'Canon imageCLASS MF212w', 'HP LaserJet Pro 400 M401dw', 'Canon i-SENSYS LBP6650dn', 'Canon imageCLASS MF215', 'HP LaserJet Pro 400 M401n', 'Canon i-SENSYS LBP6670dn', 'Canon imageCLASS MF216n', 'HP LaserJet Pro 400 MFP M425dn', 'Canon i-SENSYS LBP6680x', 'Canon imageCLASS MF216nz', 'HP LaserJet Pro 400 MFP M425dw', 'Canon i-SENSYS MF211', 'Canon imageCLASS MF217w', 'HP LaserJet Pro M201dw', 'Canon i-SENSYS MF212w', 'Canon imageCLASS MF221d', 'HP LaserJet Pro M201n', 'Canon i-SENSYS MF216n', 'Canon imageCLASS MF223d', 'HP LaserJet Pro M402d', 'Canon i-SENSYS MF217w', 'Canon imageCLASS MF226dn', 'HP LaserJet Pro M402dn', 'Canon i-SENSYS MF226dn', 'Canon imageCLASS MF226dnz', 'HP LaserJet Pro M402dw', 'Canon i-SENSYS MF229dw', 'Canon imageCLASS MF227dw', 'HP LaserJet Pro M402n', 'Canon i-SENSYS MF231', 'Canon imageCLASS MF229dw', 'HP LaserJet Pro MFP M125a', 'Canon i-SENSYS MF232w', 'Canon imageCLASS MF232w', 'HP LaserJet Pro MFP M125r', 'Canon i-SENSYS MF236n', 'Canon imageCLASS MF236n', 'HP LaserJet Pro MFP M125ra', 'Canon i-SENSYS MF237w', 'Canon imageCLASS MF4410', 'HP LaserJet Pro MFP M125rnw', 'Canon i-SENSYS MF244dw', 'Canon imageCLASS MF4412', 'HP LaserJet Pro MFP M127fn', 'Canon i-SENSYS MF247dw', 'Canon imageCLASS MF4420n', 'HP LaserJet Pro MFP M127fp', 'Canon i-SENSYS MF249dw', 'Canon imageCLASS MF4420w', 'HP LaserJet Pro MFP M127fw', 'Canon i-SENSYS MF411dw', 'Canon imageCLASS MF4450', 'HP LaserJet Pro MFP M225dn', 'Canon i-SENSYS MF416dw', 'Canon imageCLASS MF4452', 'HP LaserJet Pro MFP M225dw', 'Canon i-SENSYS MF418x', 'Canon imageCLASS MF4453', 'HP LaserJet Pro MFP M225rdn', 'Canon i-SENSYS MF419x', 'Canon imageCLASS MF4550d', 'HP LaserJet Pro MFP M426dw', 'Canon i-SENSYS MF4410', 'Canon imageCLASS MF4553d', 'HP LaserJet Pro MFP M426fdn', 'Canon i-SENSYS MF4430', 'Canon imageCLASS MF4554d', 'HP LaserJet Pro MFP M426fdw', 'Canon i-SENSYS MF4450', 'Canon imageCLASS MF4570dn', 'HP LaserJet Professional M1536dnf', 'Canon i-SENSYS MF4550d', 'Canon imageCLASS MF4570dw', 'Canon i-SENSYS MF4570dn', 'Canon imageRUNNER 1133'];E:\Projects\PycharmProjects\parser_profit\images\hp\RM1-6405-FILM.jpg
Детали корпуса;7121-8285;"7121-8285 - Логотип производителя
Снято с производства";['HP LaserJet M1120 MFP', 'HP LaserJet M2727nfs', 'HP LaserJet 3050z', 'HP LaserJet M1120n MFP', 'HP LaserJet P2055', 'HP LaserJet 3052', 'HP LaserJet M1522n MFP', 'HP LaserJet P2055d', 'HP LaserJet 3055', 'HP LaserJet M1522nf MFP', 'HP LaserJet P2055dn', 'HP LaserJet M1005 MFP', 'HP LaserJet M2727nf', 'HP LaserJet P2055x'];
Детали корпуса;RC2-6254-000CN;"RC2-6254-000CN - Правая крышка
Снято с производства";['HP LaserJet P2055dn', 'HP LaserJet P2055d', 'HP LaserJet P2055x'];E:\Projects\PycharmProjects\parser_profit\images\hp\RC2-6254-000CN.jpg
Детали корпуса;RC2-6254-000CN;ProfIT | RC2-6254-000CN - Правая крышка (восстановленная);['HP LaserJet P2055dn', 'HP LaserJet P2055d', 'HP LaserJet P2055x'];E:\Projects\PycharmProjects\parser_profit\images\hp\RC2-6254-000CN.jpg
Детали корпуса;RL1-2124-000CN;RL1-2124-000CN - Передняя крышка (находится под крышкой доступа к картриджу);['HP LaserJet P2055', 'HP LaserJet P2055dn', 'HP LaserJet P2035n', 'HP LaserJet P2055d', 'HP LaserJet P2055x'];E:\Projects\PycharmProjects\parser_profit\images\hp\RL1-2124-000CN.jpg
Детали корпуса;RL1-2124-000CN;ProfIT | RL1-2124-000CN - Передняя крышка (восстановленная / находится под крышкой доступа к картриджу);['HP LaserJet P2055', 'HP LaserJet P2055dn', 'HP LaserJet P2035n', 'HP LaserJet P2055d', 'HP LaserJet P2055x'];E:\Projects\PycharmProjects\parser_profit\images\hp\RL1-2124-000CN.jpg
Детали корпуса;RM1-6425-000CN;"RM1-6425-000CN - Крышка доступа к картриджу, в сборе
Снято с производства";['HP LaserJet P2055dn', 'HP LaserJet P2055d', 'HP LaserJet P2055x'];E:\Projects\PycharmProjects\parser_profit\images\hp\RM1-6425-000CN.jpg
Детали корпуса;RM1-6425-000CN;ProfIT | RM1-6425-000CN - Крышка доступа к картриджу, в сборе (восстановленная);['HP LaserJet P2055dn', 'HP LaserJet P2055d', 'HP LaserJet P2055x'];E:\Projects\PycharmProjects\parser_profit\images\hp\RM1-6425-000CN.jpg
Детали корпуса;RM1-6428-000CN;"RM1-6428-000CN - Левая крышка
Снято с производства";['HP LaserJet P2055dn', 'HP LaserJet P2055d', 'HP LaserJet P2055x'];
Детали корпуса;RM1-6428-000CN;ProfIT | RM1-6428-000CN - Левая крышка (восстановленная);['HP LaserJet P2055dn', 'HP LaserJet P2055d', 'HP LaserJet P2055x'];
Детали корпуса;RM1-6429-000CN;RM1-6429-000CN - Верхняя крышка, в сборе;['HP LaserJet P2055dn', 'HP LaserJet P2055d', 'HP LaserJet P2055x'];E:\Projects\PycharmProjects\parser_profit\images\hp\RM1-6429-000CN.jpg
Детали корпуса;RM1-6429-000CN;ProfIT | RM1-6429-000CN - Верхняя крышка, в сборе (восстановленная);['HP LaserJet P2055dn', 'HP LaserJet P2055d', 'HP LaserJet P2055x'];E:\Projects\PycharmProjects\parser_profit\images\hp\RM1-6429-000CN.jpg
Детали корпуса;RM1-6444-000CN;RM1-6444-000CN - Задняя крышка, в сборе;['HP LaserJet P2055dn', 'HP LaserJet P2055d', 'HP LaserJet P2055x'];E:\Projects\PycharmProjects\parser_profit\images\hp\RM1-6444-000CN.jpg
Детали корпуса;RM1-6444-000CN;ProfIT | RM1-6444-000CN - Задняя крышка, в сборе (восстановленная);['HP LaserJet P2055dn', 'HP LaserJet P2055d', 'HP LaserJet P2055x'];E:\Projects\PycharmProjects\parser_profit\images\hp\RM1-6444-000CN.jpg
Детали корпуса;XA9-1671-000;XA9-1671-000 - Винт (M3X8);['Canon i-SENSYS LBP712Cx', 'Canon i-SENSYS MF8540Cdn', 'Canon LASER SHOT LBP6650dn', 'Canon i-SENSYS LBP7200Cd', 'Canon imageCLASS LBP6300dn', 'Canon LASER SHOT LBP7200Cd', 'Canon i-SENSYS LBP7200Cdn', 'Canon imageCLASS LBP6650dn', 'Canon LASER SHOT LBP7200Cdn', 'Canon i-SENSYS LBP7210Cdn', 'Canon imageCLASS LBP6670dn', 'Canon Satera LBP6300', 'Canon i-SENSYS LBP7660Cdn', 'Canon imageCLASS LBP6680x', 'Canon Satera LBP7200Cd', 'Canon i-SENSYS LBP7680Cx', 'Canon imageCLASS LBP7200Cdn', 'Canon Satera LBP7200Cdn', 'Canon i-SENSYS MF411dw', 'Canon imageCLASS LBP7660Cdn', 'Canon i-SENSYS LBP251dw', 'Canon i-SENSYS MF416dw', 'Canon imageRUNNER 1133', 'Canon i-SENSYS LBP252dw', 'Canon i-SENSYS MF418x', 'Canon imageRUNNER 1133A', 'Canon i-SENSYS LBP253x', 'Canon i-SENSYS MF419x', 'Canon imageRUNNER 1133iF', 'Canon i-SENSYS LBP621Cw', 'Canon i-SENSYS MF641Cw', 'HP LaserJet 500 color MFP M575dn', 'Canon i-SENSYS LBP623Cdw', 'Canon i-SENSYS MF643Cdw', 'HP LaserJet 500 color MFP M575f', 'Canon i-SENSYS LBP6300dn', 'Canon i-SENSYS MF645Cx', 'HP LaserJet P2035', 'Canon i-SENSYS LBP653Cdw', 'Canon i-SENSYS MF724Cdw', 'HP LaserJet P2035n', 'Canon i-SENSYS LBP654Cx', 'Canon i-SENSYS MF728Cdw', 'HP LaserJet P2055', 'Canon i-SENSYS LBP6650dn', 'Canon i-SENSYS MF729Cx', 'HP LaserJet P2055d', 'Canon i-SENSYS LBP6670dn', 'Canon i-SENSYS MF732Cdw', 'HP LaserJet P2055dn', 'Canon i-SENSYS LBP6680x', 'Canon i-SENSYS MF734Cdw', 'HP LaserJet P2055x', 'Canon i-SENSYS LBP710Cx', 'Canon i-SENSYS MF735Cx', 'HP LaserJet color flow MFP M575c'];
Детали корпуса;XA9-1503-000;XA9-1503-000 - Винт (M3X6);['Canon i-SENSYS LBP3360', 'Canon imageCLASS LBP312dn', 'Canon LASER SHOT LBP3360', 'Canon i-SENSYS LBP6300dn', 'Canon imageCLASS LBP6300dn', 'Canon LASER SHOT LBP6300', 'Canon i-SENSYS LBP6650dn', 'Canon imageCLASS LBP6650dn', 'Canon LASER SHOT LBP6650dn', 'Canon i-SENSYS LBP6670dn', 'Canon imageCLASS LBP6670dn', 'Canon Satera LBP3300', 'Canon i-SENSYS LBP6680x', 'Canon imageCLASS LBP6680x', 'Canon Satera LBP6300', 'Canon i-SENSYS LBP710Cx', 'HP LaserJet P2035', 'Canon i-SENSYS LBP251dw', 'Canon i-SENSYS LBP712Cx', 'HP LaserJet P2035n', 'Canon i-SENSYS LBP252dw', 'Canon i-SENSYS MF411dw', 'HP LaserJet P2055', 'Canon i-SENSYS LBP253x', 'Canon i-SENSYS MF416dw', 'HP LaserJet P2055d', 'Canon i-SENSYS LBP312x', 'Canon i-SENSYS MF418x', 'HP LaserJet P2055dn', 'Canon i-SENSYS LBP3300', 'Canon i-SENSYS MF419x', 'HP LaserJet P2055x'];
Детали корпуса;XA9-1420-000;XA9-1420-000 - Винт (M3X8);['Canon i-SENSYS LBP6680x', 'HP Color LaserJet 3000dtn', 'Canon LASER SHOT LBP3360', 'Canon i-SENSYS LBP7010C', 'HP Color LaserJet 3000n', 'Canon LASER SHOT LBP6300', 'Canon i-SENSYS LBP7018C', 'HP Color LaserJet 3600', 'Canon LASER SHOT LBP6650dn', 'Canon i-SENSYS LBP710Cx', 'HP Color LaserJet 3600dn', 'Canon LASER SHOT LBP7200Cd', 'Canon i-SENSYS LBP712Cx', 'HP Color LaserJet 3600n', 'Canon LASER SHOT LBP7200Cdn', 'Canon i-SENSYS LBP7200Cd', 'HP Color LaserJet 3800', 'Canon Satera LBP3300', 'Canon i-SENSYS LBP7200Cdn', 'HP Color LaserJet 3800dn', 'Canon Satera LBP6300', 'Canon i-SENSYS MF724Cdw', 'HP Color LaserJet 3800dtn', 'Canon Satera LBP7010C', 'Canon i-SENSYS MF728Cdw', 'HP Color LaserJet 3800n', 'Canon Satera LBP7200Cd', 'Canon i-SENSYS MF729Cx', 'HP Color LaserJet CP3505', 'Canon Satera LBP7200Cdn', 'Canon i-SENSYS MF732Cdw', 'HP Color LaserJet CP3505dn', 'Canon i-SENSYS LBP251dw', 'Canon i-SENSYS MF734Cdw', 'HP Color LaserJet CP3505n', 'Canon i-SENSYS LBP252dw', 'Canon i-SENSYS MF735Cx', 'HP Color LaserJet CP3505x', 'Canon i-SENSYS LBP253x', 'Canon i-SENSYS MF8540Cdn', 'HP LaserJet P1505', 'Canon i-SENSYS LBP312x', 'Canon imageCLASS LBP312dn', 'HP LaserJet P1505n', 'Canon i-SENSYS LBP3300', 'Canon imageCLASS LBP6300dn', 'HP LaserJet P2035', 'Canon i-SENSYS LBP3360', 'Canon imageCLASS LBP6650dn', 'HP LaserJet P2035n', 'Canon i-SENSYS LBP6300dn', 'Canon imageCLASS LBP6670dn', 'HP LaserJet P2055', 'Canon i-SENSYS LBP653Cdw', 'Canon imageCLASS LBP6680x', 'HP LaserJet P2055d', 'Canon i-SENSYS LBP654Cx', 'Canon imageCLASS LBP7200Cdn', 'HP LaserJet P2055dn', 'Canon i-SENSYS LBP6650dn', 'HP Color LaserJet 3000', 'HP LaserJet P2055x', 'Canon i-SENSYS LBP6670dn', 'HP Color LaserJet 3000dn'];
Детали корпуса;WC4-5171-000CN;WC4-5171-000CN - Переключатель;['Canon i-SENSYS MF411dw', 'HP LaserJet P2055', 'Canon LASER SHOT LBP6650dn', 'Canon i-SENSYS MF416dw', 'HP LaserJet P2055d', 'Canon Satera LBP6300', 'Canon i-SENSYS MF418x', 'HP LaserJet P2055dn', 'Canon i-SENSYS LBP251dw', 'Canon i-SENSYS MF419x', 'HP LaserJet P2055x', 'Canon i-SENSYS LBP252dw', 'Canon imageCLASS LBP6300dn', 'HP LaserJet P3015', 'Canon i-SENSYS LBP253x', 'Canon imageCLASS LBP6650dn', 'HP LaserJet P3015d', 'Canon i-SENSYS LBP6300dn', 'Canon imageCLASS LBP6670dn', 'HP LaserJet P3015dn', 'Canon i-SENSYS LBP6650dn', 'Canon imageCLASS LBP6680x', 'HP LaserJet P3015x', 'Canon i-SENSYS LBP6670dn', 'HP LaserJet P2035', 'Canon i-SENSYS LBP6680x', 'HP LaserJet P2035n'];
Детали корпуса;XB4-7401-005CN;XB4-7401-005CN - Винт (M4X10);['HP LaserJet 500 color MFP M575dn', 'HP LaserJet P2055d', 'Canon LASER SHOT LBP3360', 'HP LaserJet 500 color MFP M575f', 'HP LaserJet P2055dn', 'Canon Satera LBP3300', 'HP LaserJet P2035', 'HP LaserJet P2055x', 'Canon i-SENSYS LBP3300', 'HP LaserJet P2035n', 'HP LaserJet color flow MFP M575c', 'Canon i-SENSYS LBP3360', 'HP LaserJet P2055'];
Детали корпуса;XB2-7400-606CN;XB2-7400-606CN - Винт (M4X6);['HP LaserJet P2055', 'HP LaserJet P2055dn', 'HP LaserJet P2035n', 'HP LaserJet P2055d', 'HP LaserJet P2055x'];
Детали корпуса;XB2-7400-606CN;ProfIT | XB2-7400-606CN - Винт (M4X6);['HP LaserJet P2055', 'HP LaserJet P2055dn', 'HP LaserJet P2035n', 'HP LaserJet P2055d', 'HP LaserJet P2055x'];
Детали корпуса;RC2-6275-000CN;RC2-6275-000CN - Корпус вентилятора;['HP LaserJet P2055', 'HP LaserJet P2055dn', 'HP LaserJet P2035n', 'HP LaserJet P2055d', 'HP LaserJet P2055x'];
Документация;CE457-90980;"CE457-90980 - Сервисная документация (Английский язык; 10/2008)";['HP LaserJet P2055', 'HP LaserJet P2055dn', 'HP LaserJet P2035n', 'HP LaserJet P2055d', 'HP LaserJet P2055x'];
