Подача и захват бумаги;C7065-67901;"C7065-67901 - Дополнительный податчик документов (кассета на 500 листов в комплекте)
Снято с производства";['HP LaserJet 2200dt', 'HP LaserJet 2300d', 'HP LaserJet 2200d', 'HP LaserJet 2200dtn', 'HP LaserJet 2300dn', 'HP LaserJet 2200dn', 'HP LaserJet 2300', 'HP LaserJet 2300dtn', 'HP LaserJet 2200dse', 'HP LaserJet 2300L', 'HP LaserJet 2300n'];E:\Projects\PycharmProjects\parser_profit\images\hp\C7065-67901.jpg
Подача и захват бумаги;RB2-2836-000CN;RB2-2836-000CN - Флажок датчика наличия бумаги в узле подачи;['HP LaserJet 2200', 'HP LaserJet 2300', 'HP LaserJet 2100', 'HP LaserJet 2200d', 'HP LaserJet 2300L', 'HP LaserJet 2100m', 'HP LaserJet 2200dn', 'HP LaserJet 2300d', 'HP LaserJet 2100se', 'HP LaserJet 2200dse', 'HP LaserJet 2300dn', 'HP LaserJet 2100tn', 'HP LaserJet 2200dt', 'HP LaserJet 2300dtn', 'HP LaserJet 2100xi', 'HP LaserJet 2200dtn', 'HP LaserJet 2300n'];E:\Projects\PycharmProjects\parser_profit\images\hp\RB2-2836-000CN.jpg
Подача и захват бумаги;RB2-2895-000CN;RB2-2895-000CN - Подшипник ролика захвата бумаги из кассеты (правый, лоток 2);['HP Color LaserJet 2500n', 'HP LaserJet 2200dtn', 'Canon LASER SHOT LBP3310', 'HP Color LaserJet 2500tn', 'HP LaserJet 2300', 'Canon LASER SHOT LBP3360', 'HP LaserJet 1160', 'HP LaserJet 2300L', 'Canon LASER SHOT LBP3370', 'HP LaserJet 1160Le', 'HP LaserJet 2300d', 'Canon LBP-1000', 'HP LaserJet 1320', 'HP LaserJet 2300dn', 'Canon Satera LBP3300', 'HP LaserJet 1320n', 'HP LaserJet 2300dtn', 'Canon Satera LBP3310', 'HP LaserJet 1320nw', 'HP LaserJet 2300n', 'Canon i-SENSYS LBP3300', 'HP LaserJet 1320t', 'HP LaserJet 3390', 'Canon i-SENSYS LBP3310', 'HP LaserJet 1320tn', 'HP LaserJet 3392', 'Canon i-SENSYS LBP3360', 'HP LaserJet 2100', 'HP LaserJet M2727nf', 'Canon i-SENSYS LBP3370', 'HP LaserJet 2100m', 'HP LaserJet M2727nfs', 'Canon imageCLASS MF8170c', 'HP LaserJet 2100se', 'HP LaserJet P2014', 'Canon imageCLASS MF8180c', 'HP LaserJet 2100tn', 'HP LaserJet P2014n', 'HP Color LaserJet 1500', 'HP LaserJet 2100xi', 'HP LaserJet P2015', 'HP Color LaserJet 1500L', 'HP LaserJet 2200', 'HP LaserJet P2015d', 'HP Color LaserJet 1500Lxi', 'HP LaserJet 2200d', 'HP LaserJet P2015dn', 'HP Color LaserJet 2500', 'HP LaserJet 2200dn', 'HP LaserJet P2015n', 'HP Color LaserJet 2500L', 'HP LaserJet 2200dse', 'HP LaserJet P2015x', 'HP Color LaserJet 2500Lse', 'HP LaserJet 2200dt'];
Подача и захват бумаги;RB2-2896-000CN;RB2-2896-000CN - Подшипник ролика захвата бумаги из кассеты (левый, лоток 2);['HP LaserJet 1320n', 'HP LaserJet 2300L', 'Canon LASER SHOT LBP3360', 'HP LaserJet 1320nw', 'HP LaserJet 2300d', 'Canon Satera LBP3300', 'HP LaserJet 1320t', 'HP LaserJet 2300dn', 'Canon i-SENSYS LBP3300', 'HP LaserJet 1320tn', 'HP LaserJet 2300dtn', 'Canon i-SENSYS LBP3360', 'HP LaserJet 2100', 'HP LaserJet 2300n', 'HP Color LaserJet 1500', 'HP LaserJet 2100m', 'HP LaserJet 3390', 'HP Color LaserJet 1500L', 'HP LaserJet 2100se', 'HP LaserJet 3392', 'HP Color LaserJet 1500Lxi', 'HP LaserJet 2100tn', 'HP LaserJet M2727nf', 'HP Color LaserJet 2500', 'HP LaserJet 2100xi', 'HP LaserJet M2727nfs', 'HP Color LaserJet 2500L', 'HP LaserJet 2200', 'HP LaserJet P2014', 'HP Color LaserJet 2500Lse', 'HP LaserJet 2200d', 'HP LaserJet P2014n', 'HP Color LaserJet 2500n', 'HP LaserJet 2200dn', 'HP LaserJet P2015', 'HP Color LaserJet 2500tn', 'HP LaserJet 2200dse', 'HP LaserJet P2015d', 'HP LaserJet 1160', 'HP LaserJet 2200dt', 'HP LaserJet P2015dn', 'HP LaserJet 1160Le', 'HP LaserJet 2200dtn', 'HP LaserJet P2015n', 'HP LaserJet 1320', 'HP LaserJet 2300', 'HP LaserJet P2015x'];
Подача и захват бумаги;RB2-2978-000CN;RB2-2978-000CN - Пружина ролика выхода бумаги из печки;['HP LaserJet 2200d', 'HP LaserJet 2300L', 'HP LaserJet 2100m', 'HP LaserJet 2200dn', 'HP LaserJet 2300d', 'HP LaserJet 2100se', 'HP LaserJet 2200dse', 'HP LaserJet 2300dn', 'HP LaserJet 2100tn', 'HP LaserJet 2200dt', 'HP LaserJet 2300dtn', 'HP LaserJet 2100xi', 'HP LaserJet 2200dtn', 'HP LaserJet 2300n', 'HP LaserJet 2200', 'HP LaserJet 2300'];E:\Projects\PycharmProjects\parser_profit\images\hp\RB2-2978-000CN.jpg
Подача и захват бумаги;RB2-3001-000CN;RB2-3001-000CN - Основание кассеты на 250 листов (лоток 2);['HP LaserJet 2200', 'HP LaserJet 2300', 'HP LaserJet 2100', 'HP LaserJet 2200d', 'HP LaserJet 2300L', 'HP LaserJet 2100m', 'HP LaserJet 2200dn', 'HP LaserJet 2300d', 'HP LaserJet 2100se', 'HP LaserJet 2200dse', 'HP LaserJet 2300dn', 'HP LaserJet 2100tn', 'HP LaserJet 2200dt', 'HP LaserJet 2300dtn', 'HP LaserJet 2100xi', 'HP LaserJet 2200dtn', 'HP LaserJet 2300n'];
Подача и захват бумаги;RB2-6304-000CN;RB2-6304-000CN - Ролик захвата бумаги из кассеты (лоток 2);['HP LaserJet 2100se', 'HP LaserJet 2420n', 'Canon LASER SHOT LBP3360', 'HP LaserJet 2100tn', 'HP LaserJet 2430dtn', 'Canon LASER SHOT LBP3460', 'HP LaserJet 2100xi', 'HP LaserJet 2430n', 'Canon LBP-1000', 'HP LaserJet 2200', 'HP LaserJet 2430t', 'Canon Satera LBP3300', 'HP LaserJet 2200d', 'HP LaserJet 2430tn', 'Canon Satera LBP3410', 'HP LaserJet 2200dn', 'HP LaserJet 3390', 'Canon i-SENSYS LBP3300', 'HP LaserJet 2200dse', 'HP LaserJet 3392', 'Canon i-SENSYS LBP3360', 'HP LaserJet 2200dt', 'HP LaserJet M2727nf', 'Canon i-SENSYS LBP3460', 'HP LaserJet 2200dtn', 'HP LaserJet M2727nfs', 'HP LaserJet 1160', 'HP LaserJet 2300', 'HP LaserJet P2014', 'HP LaserJet 1160Le', 'HP LaserJet 2300L', 'HP LaserJet P2014n', 'HP LaserJet 1320', 'HP LaserJet 2300d', 'HP LaserJet P2015', 'HP LaserJet 1320n', 'HP LaserJet 2300dn', 'HP LaserJet P2015d', 'HP LaserJet 1320nw', 'HP LaserJet 2300dtn', 'HP LaserJet P2015dn', 'HP LaserJet 1320t', 'HP LaserJet 2300n', 'HP LaserJet P2015n', 'HP LaserJet 1320tn', 'HP LaserJet 2420', 'HP LaserJet P2015x', 'HP LaserJet 2100', 'HP LaserJet 2420d', 'HP LaserJet 2100m', 'HP LaserJet 2420dn'];E:\Projects\PycharmProjects\parser_profit\images\hp\RB2-6304-000CN.jpg
Подача и захват бумаги;RB2-2891-000CN;HP | RB2-2891-000CN - Ролик захвата бумаги из кассеты;['HP LaserJet 2100se', 'HP LaserJet 2420n', 'Canon LASER SHOT LBP3360', 'HP LaserJet 2100tn', 'HP LaserJet 2430dtn', 'Canon LASER SHOT LBP3460', 'HP LaserJet 2100xi', 'HP LaserJet 2430n', 'Canon LBP-1000', 'HP LaserJet 2200', 'HP LaserJet 2430t', 'Canon Satera LBP3300', 'HP LaserJet 2200d', 'HP LaserJet 2430tn', 'Canon Satera LBP3410', 'HP LaserJet 2200dn', 'HP LaserJet 3390', 'Canon i-SENSYS LBP3300', 'HP LaserJet 2200dse', 'HP LaserJet 3392', 'Canon i-SENSYS LBP3360', 'HP LaserJet 2200dt', 'HP LaserJet M2727nf', 'Canon i-SENSYS LBP3460', 'HP LaserJet 2200dtn', 'HP LaserJet M2727nfs', 'HP LaserJet 1160', 'HP LaserJet 2300', 'HP LaserJet P2014', 'HP LaserJet 1160Le', 'HP LaserJet 2300L', 'HP LaserJet P2014n', 'HP LaserJet 1320', 'HP LaserJet 2300d', 'HP LaserJet P2015', 'HP LaserJet 1320n', 'HP LaserJet 2300dn', 'HP LaserJet P2015d', 'HP LaserJet 1320nw', 'HP LaserJet 2300dtn', 'HP LaserJet P2015dn', 'HP LaserJet 1320t', 'HP LaserJet 2300n', 'HP LaserJet P2015n', 'HP LaserJet 1320tn', 'HP LaserJet 2420', 'HP LaserJet P2015x', 'HP LaserJet 2100', 'HP LaserJet 2420d', 'HP LaserJet 2100m', 'HP LaserJet 2420dn', 'Canon LASER SHOT LBP3300', 'HP LaserJet 2100', 'HP LaserJet 2420d', 'Canon LASER SHOT LBP3360', 'HP LaserJet 2100m', 'HP LaserJet 2420dn', 'Canon LASER SHOT LBP3460', 'HP LaserJet 2100se', 'HP LaserJet 2420n', 'Canon LBP-1000', 'HP LaserJet 2100tn', 'HP LaserJet 2430dtn', 'Canon Satera LBP3300', 'HP LaserJet 2100xi', 'HP LaserJet 2430n', 'Canon Satera LBP3410', 'HP LaserJet 2200', 'HP LaserJet 2430t', 'Canon i-SENSYS LBP3300', 'HP LaserJet 2200d', 'HP LaserJet 2430tn', 'Canon i-SENSYS LBP3310', 'HP LaserJet 2200dn', 'HP LaserJet 3390', 'Canon i-SENSYS LBP3360', 'HP LaserJet 2200dse', 'HP LaserJet 3392', 'Canon i-SENSYS LBP3370', 'HP LaserJet 2200dt', 'HP LaserJet M2727nf', 'Canon i-SENSYS LBP3460', 'HP LaserJet 2200dtn', 'HP LaserJet M2727nfs', 'HP LaserJet 1160', 'HP LaserJet 2300', 'HP LaserJet P2014', 'HP LaserJet 1160Le', 'HP LaserJet 2300L', 'HP LaserJet P2014n', 'HP LaserJet 1320', 'HP LaserJet 2300d', 'HP LaserJet P2015', 'HP LaserJet 1320n', 'HP LaserJet 2300dn', 'HP LaserJet P2015d', 'HP LaserJet 1320nw', 'HP LaserJet 2300dtn', 'HP LaserJet P2015dn', 'HP LaserJet 1320t', 'HP LaserJet 2300n', 'HP LaserJet P2015n', 'HP LaserJet 1320tn', 'HP LaserJet 2420', 'HP LaserJet P2015x', 'Canon LASER SHOT LBP3300', 'HP LaserJet 2100m', 'HP LaserJet 2420dn', 'Canon LASER SHOT LBP3360', 'HP LaserJet 2100se', 'HP LaserJet 2420n', 'Canon LASER SHOT LBP3460', 'HP LaserJet 2100tn', 'HP LaserJet 2430dtn', 'Canon LBP-1000', 'HP LaserJet 2100xi', 'HP LaserJet 2430n', 'Canon Satera LBP3300', 'HP LaserJet 2200', 'HP LaserJet 2430t', 'Canon Satera LBP3410', 'HP LaserJet 2200d', 'HP LaserJet 2430tn', 'Canon i-SENSYS LBP3300', 'HP LaserJet 2200dn', 'HP LaserJet 3390', 'Canon i-SENSYS LBP3360', 'HP LaserJet 2200dse', 'HP LaserJet 3392', 'Canon i-SENSYS LBP3370', 'HP LaserJet 2200dt', 'HP LaserJet M2727nf', 'Canon i-SENSYS LBP3460', 'HP LaserJet 2200dtn', 'HP LaserJet M2727nfs', 'HP LaserJet 1160', 'HP LaserJet 2300', 'HP LaserJet P2014', 'HP LaserJet 1160Le', 'HP LaserJet 2300L', 'HP LaserJet P2014n', 'HP LaserJet 1320', 'HP LaserJet 2300d', 'HP LaserJet P2015', 'HP LaserJet 1320n', 'HP LaserJet 2300dn', 'HP LaserJet P2015d', 'HP LaserJet 1320nw', 'HP LaserJet 2300dtn', 'HP LaserJet P2015dn', 'HP LaserJet 1320t', 'HP LaserJet 2300n', 'HP LaserJet P2015n', 'HP LaserJet 1320tn', 'HP LaserJet 2420', 'HP LaserJet P2015x', 'HP LaserJet 2100', 'HP LaserJet 2420d', 'Canon LASER SHOT LBP3300', 'HP LaserJet 2100', 'HP LaserJet 2420d', 'Canon LASER SHOT LBP3360', 'HP LaserJet 2100m', 'HP LaserJet 2420dn', 'Canon LASER SHOT LBP3460', 'HP LaserJet 2100se', 'HP LaserJet 2420n', 'Canon LBP-1000', 'HP LaserJet 2100tn', 'HP LaserJet 2430dtn', 'Canon Satera LBP3300', 'HP LaserJet 2100xi', 'HP LaserJet 2430n', 'Canon Satera LBP3410', 'HP LaserJet 2200', 'HP LaserJet 2430t', 'Canon i-SENSYS LBP3300', 'HP LaserJet 2200d', 'HP LaserJet 2430tn', 'Canon i-SENSYS LBP3310', 'HP LaserJet 2200dn', 'HP LaserJet 3390', 'Canon i-SENSYS LBP3360', 'HP LaserJet 2200dse', 'HP LaserJet 3392', 'Canon i-SENSYS LBP3370', 'HP LaserJet 2200dt', 'HP LaserJet M2727nf', 'Canon i-SENSYS LBP3460', 'HP LaserJet 2200dtn', 'HP LaserJet M2727nfs', 'HP LaserJet 1160', 'HP LaserJet 2300', 'HP LaserJet P2014', 'HP LaserJet 1160Le', 'HP LaserJet 2300L', 'HP LaserJet P2014n', 'HP LaserJet 1320', 'HP LaserJet 2300d', 'HP LaserJet P2015', 'HP LaserJet 1320n', 'HP LaserJet 2300dn', 'HP LaserJet P2015d', 'HP LaserJet 1320nw', 'HP LaserJet 2300dtn', 'HP LaserJet P2015dn', 'HP LaserJet 1320t', 'HP LaserJet 2300n', 'HP LaserJet P2015n', 'HP LaserJet 1320tn', 'HP LaserJet 2420', 'HP LaserJet P2015x', 'Canon LASER SHOT LBP3300', 'HP LaserJet 2100se', 'HP LaserJet 2420n', 'Canon LASER SHOT LBP3360', 'HP LaserJet 2100tn', 'HP LaserJet 2430dtn', 'Canon LASER SHOT LBP3460', 'HP LaserJet 2100xi', 'HP LaserJet 2430n', 'Canon LBP-1000', 'HP LaserJet 2200', 'HP LaserJet 2430t', 'Canon Satera LBP3300', 'HP LaserJet 2200d', 'HP LaserJet 2430tn', 'Canon Satera LBP3410', 'HP LaserJet 2200dn', 'HP LaserJet 3390', 'Canon i-SENSYS LBP3300', 'HP LaserJet 2200dse', 'HP LaserJet 3392', 'Canon i-SENSYS LBP3360', 'HP LaserJet 2200dt', 'HP LaserJet M2727nf', 'Canon i-SENSYS LBP3460', 'HP LaserJet 2200dtn', 'HP LaserJet M2727nfs', 'HP LaserJet 1160', 'HP LaserJet 2300', 'HP LaserJet P2014', 'HP LaserJet 1160Le', 'HP LaserJet 2300L', 'HP LaserJet P2014n', 'HP LaserJet 1320', 'HP LaserJet 2300d', 'HP LaserJet P2015', 'HP LaserJet 1320n', 'HP LaserJet 2300dn', 'HP LaserJet P2015d', 'HP LaserJet 1320nw', 'HP LaserJet 2300dtn', 'HP LaserJet P2015dn', 'HP LaserJet 1320t', 'HP LaserJet 2300n', 'HP LaserJet P2015n', 'HP LaserJet 1320tn', 'HP LaserJet 2420', 'HP LaserJet P2015x', 'HP LaserJet 2100', 'HP LaserJet 2420d', 'HP LaserJet 2100m', 'HP LaserJet 2420dn', 'Canon LASER SHOT LBP3300', 'HP LaserJet 2100se', 'HP LaserJet 2420n', 'Canon LASER SHOT LBP3360', 'HP LaserJet 2100tn', 'HP LaserJet 2430dtn', 'Canon LASER SHOT LBP3460', 'HP LaserJet 2100xi', 'HP LaserJet 2430n', 'Canon LBP-1000', 'HP LaserJet 2200', 'HP LaserJet 2430t', 'Canon Satera LBP3300', 'HP LaserJet 2200d', 'HP LaserJet 2430tn', 'Canon Satera LBP3410', 'HP LaserJet 2200dn', 'HP LaserJet 3390', 'Canon i-SENSYS LBP3300', 'HP LaserJet 2200dse', 'HP LaserJet 3392', 'Canon i-SENSYS LBP3360', 'HP LaserJet 2200dt', 'HP LaserJet M2727nf', 'Canon i-SENSYS LBP3460', 'HP LaserJet 2200dtn', 'HP LaserJet M2727nfs', 'HP LaserJet 1160', 'HP LaserJet 2300', 'HP LaserJet P2014', 'HP LaserJet 1160Le', 'HP LaserJet 2300L', 'HP LaserJet P2014n', 'HP LaserJet 1320', 'HP LaserJet 2300d', 'HP LaserJet P2015', 'HP LaserJet 1320n', 'HP LaserJet 2300dn', 'HP LaserJet P2015d', 'HP LaserJet 1320nw', 'HP LaserJet 2300dtn', 'HP LaserJet P2015dn', 'HP LaserJet 1320t', 'HP LaserJet 2300n', 'HP LaserJet P2015n', 'HP LaserJet 1320tn', 'HP LaserJet 2420', 'HP LaserJet P2015x', 'HP LaserJet 2100', 'HP LaserJet 2420d', 'HP LaserJet 2100m', 'HP LaserJet 2420dn'];E:\Projects\PycharmProjects\parser_profit\images\hp\RB2-2891-000CN.jpg
Подача и захват бумаги;RC1-0918-000CN;RC1-0918-000CN - Ремень привода узла подачи бумаги;['HP LaserJet 2300d', 'HP LaserJet 2300dtn', 'HP LaserJet 2300L', 'HP LaserJet 2300dn', 'HP LaserJet 2300n'];
Подача и захват бумаги;RC1-0920-000CN;"RC1-0920-000CN - Ось привода ремней подачи бумаги
Снято с производства";['HP LaserJet 2300d', 'HP LaserJet 2300dtn', 'HP LaserJet 2300L', 'HP LaserJet 2300dn', 'HP LaserJet 2300n'];
Подача и захват бумаги;RC1-0939-000CN;RC1-0939-000CN - Тормозная накладка на площадку отделения бумаги из лотка ручной подачи (лоток 1);['HP LaserJet 2410', 'HP LaserJet P2014n', 'Canon Satera LBP3410', 'HP LaserJet 2420', 'HP LaserJet P2015', 'Canon i-SENSYS LBP3310', 'HP LaserJet 2420d', 'HP LaserJet P2015d', 'Canon i-SENSYS LBP3370', 'HP LaserJet 2420dn', 'HP LaserJet P2015dn', 'Canon i-SENSYS LBP3460', 'HP LaserJet 2420n', 'HP LaserJet P2015n', 'HP Color LaserJet 3500', 'HP LaserJet 2430dtn', 'HP LaserJet P2015x', 'HP Color LaserJet 3500n', 'HP LaserJet 2430n', 'HP LaserJet P3005', 'HP Color LaserJet 3550', 'HP LaserJet 2430t', 'HP LaserJet P3005d', 'HP Color LaserJet 3550n', 'HP LaserJet 2430tn', 'HP LaserJet P3005dn', 'HP Color LaserJet 3700', 'HP LaserJet 500 MFP M525dn', 'HP LaserJet P3005n', 'HP Color LaserJet 3700dn', 'HP LaserJet 500 MFP M525f', 'HP LaserJet P3005x', 'HP Color LaserJet 3700dtn', 'HP LaserJet 500 MFP M525с', 'HP LaserJet P3015', 'HP Color LaserJet 3700n', 'HP LaserJet M2727nf', 'HP LaserJet P3015d', 'HP LaserJet 2300', 'HP LaserJet M2727nfs', 'HP LaserJet P3015dn', 'HP LaserJet 2300L', 'HP LaserJet M3027 MFP', 'HP LaserJet P3015x', 'HP LaserJet 2300d', 'HP LaserJet M3027x MFP', 'HP LaserJet Pro MFP M521dn', 'HP LaserJet 2300dn', 'HP LaserJet M3035 MFP', 'HP LaserJet Pro MFP M521dw', 'HP LaserJet 2300dtn', 'HP LaserJet M3035xs MFP', 'HP LaserJet 2300n', 'HP LaserJet P2014'];E:\Projects\PycharmProjects\parser_profit\images\hp\RC1-0939-000CN.jpg
Подача и захват бумаги;RC2-8575-000CN;CN | RC2-8575-000CN - Площадка отделения бумаги из лотка ручной подачи (лоток 1);['HP LaserJet 2410', 'HP LaserJet P2014n', 'Canon Satera LBP3410', 'HP LaserJet 2420', 'HP LaserJet P2015', 'Canon i-SENSYS LBP3310', 'HP LaserJet 2420d', 'HP LaserJet P2015d', 'Canon i-SENSYS LBP3370', 'HP LaserJet 2420dn', 'HP LaserJet P2015dn', 'Canon i-SENSYS LBP3460', 'HP LaserJet 2420n', 'HP LaserJet P2015n', 'HP Color LaserJet 3500', 'HP LaserJet 2430dtn', 'HP LaserJet P2015x', 'HP Color LaserJet 3500n', 'HP LaserJet 2430n', 'HP LaserJet P3005', 'HP Color LaserJet 3550', 'HP LaserJet 2430t', 'HP LaserJet P3005d', 'HP Color LaserJet 3550n', 'HP LaserJet 2430tn', 'HP LaserJet P3005dn', 'HP Color LaserJet 3700', 'HP LaserJet 500 MFP M525dn', 'HP LaserJet P3005n', 'HP Color LaserJet 3700dn', 'HP LaserJet 500 MFP M525f', 'HP LaserJet P3005x', 'HP Color LaserJet 3700dtn', 'HP LaserJet 500 MFP M525с', 'HP LaserJet P3015', 'HP Color LaserJet 3700n', 'HP LaserJet M2727nf', 'HP LaserJet P3015d', 'HP LaserJet 2300', 'HP LaserJet M2727nfs', 'HP LaserJet P3015dn', 'HP LaserJet 2300L', 'HP LaserJet M3027 MFP', 'HP LaserJet P3015x', 'HP LaserJet 2300d', 'HP LaserJet M3027x MFP', 'HP LaserJet Pro MFP M521dn', 'HP LaserJet 2300dn', 'HP LaserJet M3035 MFP', 'HP LaserJet Pro MFP M521dw', 'HP LaserJet 2300dtn', 'HP LaserJet M3035xs MFP', 'HP LaserJet 2300n', 'HP LaserJet P2014', 'Canon LASER SHOT LBP3460', 'HP LaserJet 2410', 'HP LaserJet P2014n', 'Canon Satera LBP3410', 'HP LaserJet 2420', 'HP LaserJet P2015', 'Canon i-SENSYS LBP3310', 'HP LaserJet 2420d', 'HP LaserJet P2015d', 'Canon i-SENSYS LBP3370', 'HP LaserJet 2420dn', 'HP LaserJet P2015dn', 'Canon i-SENSYS LBP3460', 'HP LaserJet 2420n', 'HP LaserJet P2015n', 'HP Color LaserJet 3500', 'HP LaserJet 2430dtn', 'HP LaserJet P2015x', 'HP Color LaserJet 3500n', 'HP LaserJet 2430n', 'HP LaserJet P3005', 'HP Color LaserJet 3550', 'HP LaserJet 2430t', 'HP LaserJet P3005d', 'HP Color LaserJet 3550n', 'HP LaserJet 2430tn', 'HP LaserJet P3005dn', 'HP Color LaserJet 3700', 'HP LaserJet 500 MFP M525dn', 'HP LaserJet P3005n', 'HP Color LaserJet 3700dn', 'HP LaserJet 500 MFP M525f', 'HP LaserJet P3005x', 'HP Color LaserJet 3700dtn', 'HP LaserJet 500 MFP M525с', 'HP LaserJet P3015', 'HP Color LaserJet 3700n', 'HP LaserJet M2727nf', 'HP LaserJet P3015d', 'HP LaserJet 2300', 'HP LaserJet M2727nfs', 'HP LaserJet P3015dn', 'HP LaserJet 2300L', 'HP LaserJet M3027 MFP', 'HP LaserJet P3015x', 'HP LaserJet 2300d', 'HP LaserJet M3027x MFP', 'HP LaserJet Pro MFP M521dn', 'HP LaserJet 2300dn', 'HP LaserJet M3035 MFP', 'HP LaserJet Pro MFP M521dw', 'HP LaserJet 2300dtn', 'HP LaserJet M3035xs MFP', 'HP LaserJet 2300n', 'HP LaserJet P2014', 'Canon LASER SHOT LBP3460', 'HP LaserJet 2410', 'HP LaserJet P2014n', 'Canon Satera LBP3410', 'HP LaserJet 2420', 'HP LaserJet P2015', 'Canon i-SENSYS LBP3310', 'HP LaserJet 2420d', 'HP LaserJet P2015d', 'Canon i-SENSYS LBP3370', 'HP LaserJet 2420dn', 'HP LaserJet P2015dn', 'Canon i-SENSYS LBP3460', 'HP LaserJet 2420n', 'HP LaserJet P2015n', 'HP Color LaserJet 3500', 'HP LaserJet 2430dtn', 'HP LaserJet P2015x', 'HP Color LaserJet 3500n', 'HP LaserJet 2430n', 'HP LaserJet P3005', 'HP Color LaserJet 3550', 'HP LaserJet 2430t', 'HP LaserJet P3005d', 'HP Color LaserJet 3550n', 'HP LaserJet 2430tn', 'HP LaserJet P3005dn', 'HP Color LaserJet 3700', 'HP LaserJet 500 MFP M525dn', 'HP LaserJet P3005n', 'HP Color LaserJet 3700dn', 'HP LaserJet 500 MFP M525f', 'HP LaserJet P3005x', 'HP Color LaserJet 3700dtn', 'HP LaserJet 500 MFP M525с', 'HP LaserJet P3015', 'HP Color LaserJet 3700n', 'HP LaserJet M2727nf', 'HP LaserJet P3015d', 'HP LaserJet 2300', 'HP LaserJet M2727nfs', 'HP LaserJet P3015dn', 'HP LaserJet 2300L', 'HP LaserJet M3027 MFP', 'HP LaserJet P3015x', 'HP LaserJet 2300d', 'HP LaserJet M3027x MFP', 'HP LaserJet Pro MFP M521dn', 'HP LaserJet 2300dn', 'HP LaserJet M3035 MFP', 'HP LaserJet Pro MFP M521dw', 'HP LaserJet 2300dtn', 'HP LaserJet M3035xs MFP', 'HP LaserJet 2300n', 'HP LaserJet P2014', 'Canon LASER SHOT LBP3460', 'HP LaserJet 2410', 'HP LaserJet P2014n', 'Canon Satera LBP3410', 'HP LaserJet 2420', 'HP LaserJet P2015', 'Canon i-SENSYS LBP3310', 'HP LaserJet 2420d', 'HP LaserJet P2015d', 'Canon i-SENSYS LBP3370', 'HP LaserJet 2420dn', 'HP LaserJet P2015dn', 'Canon i-SENSYS LBP3460', 'HP LaserJet 2420n', 'HP LaserJet P2015n', 'HP Color LaserJet 3500', 'HP LaserJet 2430dtn', 'HP LaserJet P2015x', 'HP Color LaserJet 3500n', 'HP LaserJet 2430n', 'HP LaserJet P3005', 'HP Color LaserJet 3550', 'HP LaserJet 2430t', 'HP LaserJet P3005d', 'HP Color LaserJet 3550n', 'HP LaserJet 2430tn', 'HP LaserJet P3005dn', 'HP Color LaserJet 3700', 'HP LaserJet 500 MFP M525dn', 'HP LaserJet P3005n', 'HP Color LaserJet 3700dn', 'HP LaserJet 500 MFP M525f', 'HP LaserJet P3005x', 'HP Color LaserJet 3700dtn', 'HP LaserJet 500 MFP M525с', 'HP LaserJet P3015', 'HP Color LaserJet 3700n', 'HP LaserJet M2727nf', 'HP LaserJet P3015d', 'HP LaserJet 2300', 'HP LaserJet M2727nfs', 'HP LaserJet P3015dn', 'HP LaserJet 2300L', 'HP LaserJet M3027 MFP', 'HP LaserJet P3015x', 'HP LaserJet 2300d', 'HP LaserJet M3027x MFP', 'HP LaserJet Pro MFP M521dn', 'HP LaserJet 2300dn', 'HP LaserJet M3035 MFP', 'HP LaserJet Pro MFP M521dw', 'HP LaserJet 2300dtn', 'HP LaserJet M3035xs MFP', 'HP LaserJet 2300n', 'HP LaserJet P2014'];E:\Projects\PycharmProjects\parser_profit\images\hp\RC2-8575-000CN.jpg
Подача и захват бумаги;RC1-0945-000CN;RC1-0945-000CN - Ролик захвата бумаги из лотка ручной подачи (лоток 1);['HP LaserJet 2200d', 'HP LaserJet 2300L', 'HP LaserJet 2100', 'HP LaserJet 2200dn', 'HP LaserJet 2300d', 'HP LaserJet 2100m', 'HP LaserJet 2200dse', 'HP LaserJet 2300dn', 'HP LaserJet 2100se', 'HP LaserJet 2200dt', 'HP LaserJet 2300dtn', 'HP LaserJet 2100tn', 'HP LaserJet 2200dtn', 'HP LaserJet 2300n', 'HP LaserJet 2100xi', 'HP LaserJet 2300'];E:\Projects\PycharmProjects\parser_profit\images\hp\RC1-0945-000CN.jpg
Подача и захват бумаги;RB2-2900-000CN;HP | RB2-2900-000CN - Ролик захвата бумаги из лотка ручной подачи (лоток 1);['HP LaserJet 2200d', 'HP LaserJet 2300L', 'HP LaserJet 2100', 'HP LaserJet 2200dn', 'HP LaserJet 2300d', 'HP LaserJet 2100m', 'HP LaserJet 2200dse', 'HP LaserJet 2300dn', 'HP LaserJet 2100se', 'HP LaserJet 2200dt', 'HP LaserJet 2300dtn', 'HP LaserJet 2100tn', 'HP LaserJet 2200dtn', 'HP LaserJet 2300n', 'HP LaserJet 2100xi', 'HP LaserJet 2300', 'Canon LBP-1000', 'HP LaserJet 2200d', 'HP LaserJet 2300L', 'HP LaserJet 2100', 'HP LaserJet 2200dn', 'HP LaserJet 2300d', 'HP LaserJet 2100m', 'HP LaserJet 2200dse', 'HP LaserJet 2300dn', 'HP LaserJet 2100se', 'HP LaserJet 2200dt', 'HP LaserJet 2300dtn', 'HP LaserJet 2100tn', 'HP LaserJet 2200dtn', 'HP LaserJet 2300n', 'HP LaserJet 2100xi', 'HP LaserJet 2300'];E:\Projects\PycharmProjects\parser_profit\images\hp\RB2-2900-000CN.jpg
Подача и захват бумаги;RC1-0954-000CN;RC1-0954-000CN - Площадка отделения бумаги из кассеты на 250 листов (лоток 2);['HP Color LaserJet 2500L', 'HP Color LaserJet 3700', 'Canon LASER SHOT LBP5200', 'HP Color LaserJet 2500Lse', 'HP Color LaserJet 3700dn', 'Canon Satera LBP5200', 'HP Color LaserJet 2500n', 'HP Color LaserJet 3700dtn', 'Canon imageCLASS MF8150c', 'HP Color LaserJet 2500tn', 'HP Color LaserJet 3700n', 'Canon imageCLASS MF8170c', 'HP Color LaserJet 2820', 'HP LaserJet 2300', 'Canon imageCLASS MF8180c', 'HP Color LaserJet 2840', 'HP LaserJet 2300L', 'HP Color LaserJet 1500', 'HP Color LaserJet 3500', 'HP LaserJet 2300d', 'HP Color LaserJet 1500L', 'HP Color LaserJet 3500n', 'HP LaserJet 2300dn', 'HP Color LaserJet 1500Lxi', 'HP Color LaserJet 3550', 'HP LaserJet 2300dtn', 'HP Color LaserJet 2500', 'HP Color LaserJet 3550n', 'HP LaserJet 2300n'];E:\Projects\PycharmProjects\parser_profit\images\hp\RC1-0954-000CN.jpg
Подача и захват бумаги;RF5-4258-020CN;"HP | RF5-4258-020CN - Площадка отделения из кассеты на 250 и 500 листов
Снято с производства";['HP Color LaserJet 2500L', 'HP Color LaserJet 3700', 'Canon LASER SHOT LBP5200', 'HP Color LaserJet 2500Lse', 'HP Color LaserJet 3700dn', 'Canon Satera LBP5200', 'HP Color LaserJet 2500n', 'HP Color LaserJet 3700dtn', 'Canon imageCLASS MF8150c', 'HP Color LaserJet 2500tn', 'HP Color LaserJet 3700n', 'Canon imageCLASS MF8170c', 'HP Color LaserJet 2820', 'HP LaserJet 2300', 'Canon imageCLASS MF8180c', 'HP Color LaserJet 2840', 'HP LaserJet 2300L', 'HP Color LaserJet 1500', 'HP Color LaserJet 3500', 'HP LaserJet 2300d', 'HP Color LaserJet 1500L', 'HP Color LaserJet 3500n', 'HP LaserJet 2300dn', 'HP Color LaserJet 1500Lxi', 'HP Color LaserJet 3550', 'HP LaserJet 2300dtn', 'HP Color LaserJet 2500', 'HP Color LaserJet 3550n', 'HP LaserJet 2300n'];E:\Projects\PycharmProjects\parser_profit\images\hp\RF5-4258-020CN.jpg
Подача и захват бумаги;RC1-1040-000CN;RC1-1040-000CN - Шестерня узла захвата бумаги из кассеты (29 зубов, лоток 2);['HP LaserJet 2300d', 'HP LaserJet 2300dtn', 'HP LaserJet 2300L', 'HP LaserJet 2300dn', 'HP LaserJet 2300n'];
Подача и захват бумаги;RG5-5555-020CN;"RG5-5555-020CN - Ролики подачи бумаги на пластиковой раме, в сборе
Снято с производства";['HP LaserJet 2200dt', 'HP LaserJet 2300d', 'HP LaserJet 2200d', 'HP LaserJet 2200dtn', 'HP LaserJet 2300dn', 'HP LaserJet 2200dn', 'HP LaserJet 2300', 'HP LaserJet 2300dtn', 'HP LaserJet 2200dse', 'HP LaserJet 2300L', 'HP LaserJet 2300n'];
Подача и захват бумаги;RM1-0332-000CN;RM1-0332-000CN - Узел захвата бумаги из кассеты на 250 листов, в сборе (лоток 2);['HP LaserJet 2300d', 'HP LaserJet 2300dtn', 'HP LaserJet 2300L', 'HP LaserJet 2300dn', 'HP LaserJet 2300n'];
Подача и захват бумаги;RM1-0345-000CN;RM1-0345-000CN - Площадка отделения бумаги из лотка ручной подачи, в сборе (лоток 1);['HP LaserJet 2300d', 'HP LaserJet 2300dtn', 'HP LaserJet 2300L', 'HP LaserJet 2300dn', 'HP LaserJet 2300n'];E:\Projects\PycharmProjects\parser_profit\images\hp\RM1-0345-000CN.jpg
Подача и захват бумаги;RM1-0346-000CN;"RM1-0346-000CN - Ось узла захвата из лотка ручной подачи, в сборе (лоток 1; ролик захвата бумаги в комплекте)";['HP LaserJet 2300d', 'HP LaserJet 2300dtn', 'HP LaserJet 2300L', 'HP LaserJet 2300dn', 'HP LaserJet 2300n'];E:\Projects\PycharmProjects\parser_profit\images\hp\RM1-0346-000CN.jpg
Подача и захват бумаги;RM1-0353-000CN;RM1-0353-000CN - Лоток ручной подачи бумаги, в сборе (лоток 1);['HP LaserJet 2300d', 'HP LaserJet 2300dtn', 'HP LaserJet 2300L', 'HP LaserJet 2300dn', 'HP LaserJet 2300n'];
Внутренние компоненты;RB2-2830-020CN;RB2-2830-020CN - Направляющая картриджа (правая);['HP LaserJet 2200', 'HP LaserJet 2300', 'HP LaserJet 2100', 'HP LaserJet 2200d', 'HP LaserJet 2300L', 'HP LaserJet 2100m', 'HP LaserJet 2200dn', 'HP LaserJet 2300d', 'HP LaserJet 2100se', 'HP LaserJet 2200dse', 'HP LaserJet 2300dn', 'HP LaserJet 2100tn', 'HP LaserJet 2200dt', 'HP LaserJet 2300dtn', 'HP LaserJet 2100xi', 'HP LaserJet 2200dtn', 'HP LaserJet 2300n'];E:\Projects\PycharmProjects\parser_profit\images\hp\RB2-2830-020CN.jpg
Внутренние компоненты;RB2-2831-020CN;RB2-2831-020CN - Направляющая картриджа (левая);['HP LaserJet 2200', 'HP LaserJet 2300', 'HP LaserJet 2100', 'HP LaserJet 2200d', 'HP LaserJet 2300L', 'HP LaserJet 2100m', 'HP LaserJet 2200dn', 'HP LaserJet 2300d', 'HP LaserJet 2100se', 'HP LaserJet 2200dse', 'HP LaserJet 2300dn', 'HP LaserJet 2100tn', 'HP LaserJet 2200dt', 'HP LaserJet 2300dtn', 'HP LaserJet 2100xi', 'HP LaserJet 2200dtn', 'HP LaserJet 2300n'];
Внутренние компоненты;RM1-0347-000CN;"RM1-0347-000CN - Узел регистрации, в сборе
Снято с производства";['HP LaserJet 2300d', 'HP LaserJet 2300dtn', 'HP LaserJet 2300L', 'HP LaserJet 2300dn', 'HP LaserJet 2300n'];E:\Projects\PycharmProjects\parser_profit\images\hp\RM1-0347-000CN.jpg
Внутренние компоненты;RS6-2030-000CN;RS6-2030-000CN - Натяжная пружина лотка ручной подачи (лоток 1);['HP Color LaserJet 2550L', 'HP LaserJet 2200d', 'Canon LASER SHOT LBP5200', 'HP Color LaserJet 2550Ln', 'HP LaserJet 2200dn', 'Canon Satera LBP5200', 'HP Color LaserJet 2550n', 'HP LaserJet 2200dse', 'HP Color LaserJet 1500', 'HP Color LaserJet 2820', 'HP LaserJet 2200dt', 'HP Color LaserJet 1500L', 'HP Color LaserJet 2840', 'HP LaserJet 2200dtn', 'HP Color LaserJet 1500Lxi', 'HP LaserJet 2100', 'HP LaserJet 2300', 'HP Color LaserJet 2500', 'HP LaserJet 2100m', 'HP LaserJet 2300L', 'HP Color LaserJet 2500L', 'HP LaserJet 2100se', 'HP LaserJet 2300d', 'HP Color LaserJet 2500Lse', 'HP LaserJet 2100tn', 'HP LaserJet 2300dn', 'HP Color LaserJet 2500n', 'HP LaserJet 2100xi', 'HP LaserJet 2300dtn', 'HP Color LaserJet 2500tn', 'HP LaserJet 2200', 'HP LaserJet 2300n'];
Узел переноса;RC1-0922-000CN;RC1-0922-000CN - Подшипник вала переноса заряда (правый);['HP LaserJet 2410', 'HP LaserJet M3027 MFP', 'Canon Satera LBP3410', 'HP LaserJet 2420', 'HP LaserJet M3027x MFP', 'Canon i-SENSYS LBP3460', 'HP LaserJet 2420d', 'HP LaserJet M3035 MFP', 'HP LaserJet 2300', 'HP LaserJet 2420dn', 'HP LaserJet M3035xs MFP', 'HP LaserJet 2300L', 'HP LaserJet 2420n', 'HP LaserJet P3005', 'HP LaserJet 2300d', 'HP LaserJet 2430dtn', 'HP LaserJet P3005d', 'HP LaserJet 2300dn', 'HP LaserJet 2430n', 'HP LaserJet P3005dn', 'HP LaserJet 2300dtn', 'HP LaserJet 2430t', 'HP LaserJet P3005n', 'HP LaserJet 2300n', 'HP LaserJet 2430tn', 'HP LaserJet P3005x'];
Узел переноса;RM1-0343-000CN;RM1-0343-000CN - Вал переноса заряда;['HP LaserJet 2300d', 'HP LaserJet 2300dtn', 'HP LaserJet 2300L', 'HP LaserJet 2300dn', 'HP LaserJet 2300n'];
Электронные компоненты;Q1395-69002;Q1395-69002 - Плата форматтера;['HP LaserJet 2300d', 'HP LaserJet 2300dtn', 'HP LaserJet 2300L', 'HP LaserJet 2300dn', 'HP LaserJet 2300n'];
Электронные компоненты;RG1-4307-000CN;RG1-4307-000CN - Плата контроллера питания (без металлической пластины);['HP LaserJet 2300d', 'HP LaserJet 2300dtn', 'HP LaserJet 2300L', 'HP LaserJet 2300dn', 'HP LaserJet 2300n'];E:\Projects\PycharmProjects\parser_profit\images\hp\RG1-4307-000CN.jpg
Электронные компоненты;RG1-4329-020CN;RG1-4329-020CN - Плата питания (220В);['HP LaserJet 2300d', 'HP LaserJet 2300dtn', 'HP LaserJet 2300L', 'HP LaserJet 2300dn', 'HP LaserJet 2300n'];E:\Projects\PycharmProjects\parser_profit\images\hp\RG1-4329-020CN.jpg
Электронные компоненты;RH6-0226-020CN;RH6-0226-020CN - Панель управления, в сборе;['HP LaserJet 2300d', 'HP LaserJet 2300dtn', 'HP LaserJet 2300L', 'HP LaserJet 2300dn', 'HP LaserJet 2300n'];
Электронные компоненты;RH7-1588-000CN;RH7-1588-000CN - Мотор;['HP LaserJet 2300d', 'HP LaserJet 2300dtn', 'HP LaserJet 2300L', 'HP LaserJet 2300dn', 'HP LaserJet 2300n'];E:\Projects\PycharmProjects\parser_profit\images\hp\RH7-1588-000CN.jpg
Электронные компоненты;RM1-0313-000CN;"RM1-0313-000CN - Блок лазера
Снято с производства";['HP LaserJet 2300d', 'HP LaserJet 2300dtn', 'HP LaserJet 2300L', 'HP LaserJet 2300dn', 'HP LaserJet 2300n'];
Электронные компоненты;RM1-0339-000CN;RM1-0339-000CN - Плата управления двигателем, в сборе;[];
Узел термозакрепления;RC1-0988-000CN;RC1-0988-000CN - Подшипник прижимного вала (полукольцо);['HP LaserJet 1300xi', 'HP LaserJet 3300', 'Canon LBP-460', 'HP LaserJet 2300', 'HP LaserJet 3310', 'Canon LBP-465', 'HP LaserJet 2300L', 'HP LaserJet 3320', 'HP LaserJet 1000', 'HP LaserJet 2300d', 'HP LaserJet 3320n', 'HP LaserJet 1005', 'HP LaserJet 2300dn', 'HP LaserJet 3380', 'HP LaserJet 1150', 'HP LaserJet 2300dtn', 'HP LaserJet 5L', 'HP LaserJet 1200', 'HP LaserJet 2300n', 'HP LaserJet 5L Xtra', 'HP LaserJet 1200n', 'HP LaserJet 3100', 'HP LaserJet 5L-FS', 'HP LaserJet 1200se', 'HP LaserJet 3100se', 'HP LaserJet 6L', 'HP LaserJet 1200se', 'HP LaserJet 3100xi', 'HP LaserJet 6L Gold', 'HP LaserJet 1220', 'HP LaserJet 3150', 'HP LaserJet 6L Pro', 'HP LaserJet 1300', 'HP LaserJet 3150se', 'HP LaserJet 6Lse', 'HP LaserJet 1300n', 'HP LaserJet 3150xi', 'HP LaserJet 6Lxi', 'HP LaserJet 1300t', 'HP LaserJet 3300'];E:\Projects\PycharmProjects\parser_profit\images\hp\RC1-0988-000CN.jpg
Узел термозакрепления;RA0-1094-000;Canon | RA0-1094-000 - Подшипник прижимного вала (полукольцо);['HP LaserJet 1300xi', 'HP LaserJet 3310', 'Canon LBP-460', 'HP LaserJet 2300', 'HP LaserJet 3320', 'Canon LBP-465', 'HP LaserJet 2300L', 'HP LaserJet 3320n', 'HP LaserJet 1000', 'HP LaserJet 2300d', 'HP LaserJet 3330', 'HP LaserJet 1005', 'HP LaserJet 2300dn', 'HP LaserJet 3380', 'HP LaserJet 1150', 'HP LaserJet 2300dtn', 'HP LaserJet 5L', 'HP LaserJet 1200', 'HP LaserJet 2300n', 'HP LaserJet 5L Xtra', 'HP LaserJet 1200n', 'HP LaserJet 3100', 'HP LaserJet 5L-FS', 'HP LaserJet 1200se', 'HP LaserJet 3100se', 'HP LaserJet 6L', 'HP LaserJet 1200se', 'HP LaserJet 3100xi', 'HP LaserJet 6L Gold', 'HP LaserJet 1220', 'HP LaserJet 3150', 'HP LaserJet 6L Pro', 'HP LaserJet 1300', 'HP LaserJet 3150se', 'HP LaserJet 6Lse', 'HP LaserJet 1300n', 'HP LaserJet 3150xi', 'HP LaserJet 6Lxi', 'HP LaserJet 1300t', 'HP LaserJet 3300', 'Canon LBP-1210', 'HP LaserJet 1300xi', 'HP LaserJet 3300', 'Canon LBP-460', 'HP LaserJet 2300', 'HP LaserJet 3310', 'Canon LBP-465', 'HP LaserJet 2300L', 'HP LaserJet 3320', 'HP LaserJet 1000', 'HP LaserJet 2300d', 'HP LaserJet 3320n', 'HP LaserJet 1005', 'HP LaserJet 2300dn', 'HP LaserJet 3380', 'HP LaserJet 1150', 'HP LaserJet 2300dtn', 'HP LaserJet 5L', 'HP LaserJet 1200', 'HP LaserJet 2300n', 'HP LaserJet 5L Xtra', 'HP LaserJet 1200n', 'HP LaserJet 3100', 'HP LaserJet 5L-FS', 'HP LaserJet 1200se', 'HP LaserJet 3100se', 'HP LaserJet 6L', 'HP LaserJet 1200se', 'HP LaserJet 3100xi', 'HP LaserJet 6L Gold', 'HP LaserJet 1220', 'HP LaserJet 3150', 'HP LaserJet 6L Pro', 'HP LaserJet 1300', 'HP LaserJet 3150se', 'HP LaserJet 6Lse', 'HP LaserJet 1300n', 'HP LaserJet 3150xi', 'HP LaserJet 6Lxi', 'HP LaserJet 1300t', 'HP LaserJet 3300', 'Canon LBP-1210', 'HP LaserJet 1300xi', 'HP LaserJet 3310', 'Canon LBP-460', 'HP LaserJet 2300', 'HP LaserJet 3320', 'Canon LBP-465', 'HP LaserJet 2300L', 'HP LaserJet 3320n', 'HP LaserJet 1000', 'HP LaserJet 2300d', 'HP LaserJet 3330', 'HP LaserJet 1005', 'HP LaserJet 2300dn', 'HP LaserJet 3380', 'HP LaserJet 1150', 'HP LaserJet 2300dtn', 'HP LaserJet 5L', 'HP LaserJet 1200', 'HP LaserJet 2300n', 'HP LaserJet 5L Xtra', 'HP LaserJet 1200n', 'HP LaserJet 3100', 'HP LaserJet 5L-FS', 'HP LaserJet 1200se', 'HP LaserJet 3100se', 'HP LaserJet 6L', 'HP LaserJet 1200se', 'HP LaserJet 3100xi', 'HP LaserJet 6L Gold', 'HP LaserJet 1220', 'HP LaserJet 3150', 'HP LaserJet 6L Pro', 'HP LaserJet 1300', 'HP LaserJet 3150se', 'HP LaserJet 6Lse', 'HP LaserJet 1300n', 'HP LaserJet 3150xi', 'HP LaserJet 6Lxi', 'HP LaserJet 1300t', 'HP LaserJet 3300', 'Canon LBP-1210', 'HP LaserJet 1300xi', 'HP LaserJet 3310', 'Canon LBP-460', 'HP LaserJet 2300', 'HP LaserJet 3320', 'Canon LBP-465', 'HP LaserJet 2300L', 'HP LaserJet 3320n', 'HP LaserJet 1000', 'HP LaserJet 2300d', 'HP LaserJet 3330', 'HP LaserJet 1005', 'HP LaserJet 2300dn', 'HP LaserJet 3380', 'HP LaserJet 1150', 'HP LaserJet 2300dtn', 'HP LaserJet 5L', 'HP LaserJet 1200', 'HP LaserJet 2300n', 'HP LaserJet 5L Xtra', 'HP LaserJet 1200n', 'HP LaserJet 3100', 'HP LaserJet 5L-FS', 'HP LaserJet 1200se', 'HP LaserJet 3100se', 'HP LaserJet 6L', 'HP LaserJet 1200se', 'HP LaserJet 3100xi', 'HP LaserJet 6L Gold', 'HP LaserJet 1220', 'HP LaserJet 3150', 'HP LaserJet 6L Pro', 'HP LaserJet 1300', 'HP LaserJet 3150se', 'HP LaserJet 6Lse', 'HP LaserJet 1300n', 'HP LaserJet 3150xi', 'HP LaserJet 6Lxi', 'HP LaserJet 1300t', 'HP LaserJet 3300', 'Canon LBP-1210', 'HP LaserJet 1300xi', 'HP LaserJet 3310', 'Canon LBP-460', 'HP LaserJet 2300', 'HP LaserJet 3320', 'Canon LBP-465', 'HP LaserJet 2300L', 'HP LaserJet 3320n', 'HP LaserJet 1000', 'HP LaserJet 2300d', 'HP LaserJet 3330', 'HP LaserJet 1005', 'HP LaserJet 2300dn', 'HP LaserJet 3380', 'HP LaserJet 1150', 'HP LaserJet 2300dtn', 'HP LaserJet 5L', 'HP LaserJet 1200', 'HP LaserJet 2300n', 'HP LaserJet 5L Xtra', 'HP LaserJet 1200n', 'HP LaserJet 3100', 'HP LaserJet 5L-FS', 'HP LaserJet 1200se', 'HP LaserJet 3100se', 'HP LaserJet 6L', 'HP LaserJet 1200se', 'HP LaserJet 3100xi', 'HP LaserJet 6L Gold', 'HP LaserJet 1220', 'HP LaserJet 3150', 'HP LaserJet 6L Pro', 'HP LaserJet 1300', 'HP LaserJet 3150se', 'HP LaserJet 6Lse', 'HP LaserJet 1300n', 'HP LaserJet 3150xi', 'HP LaserJet 6Lxi', 'HP LaserJet 1300t', 'HP LaserJet 3300', 'Canon LBP-1210', 'HP LaserJet 1300xi', 'HP LaserJet 3300', 'Canon LBP-460', 'HP LaserJet 2300', 'HP LaserJet 3310', 'Canon LBP-465', 'HP LaserJet 2300L', 'HP LaserJet 3320', 'HP LaserJet 1000', 'HP LaserJet 2300d', 'HP LaserJet 3320n', 'HP LaserJet 1005', 'HP LaserJet 2300dn', 'HP LaserJet 3380', 'HP LaserJet 1150', 'HP LaserJet 2300dtn', 'HP LaserJet 5L', 'HP LaserJet 1200', 'HP LaserJet 2300n', 'HP LaserJet 5L Xtra', 'HP LaserJet 1200n', 'HP LaserJet 3100', 'HP LaserJet 5L-FS', 'HP LaserJet 1200se', 'HP LaserJet 3100se', 'HP LaserJet 6L', 'HP LaserJet 1200se', 'HP LaserJet 3100xi', 'HP LaserJet 6L Gold', 'HP LaserJet 1220', 'HP LaserJet 3150', 'HP LaserJet 6L Pro', 'HP LaserJet 1300', 'HP LaserJet 3150se', 'HP LaserJet 6Lse', 'HP LaserJet 1300n', 'HP LaserJet 3150xi', 'HP LaserJet 6Lxi', 'HP LaserJet 1300t', 'HP LaserJet 3300'];E:\Projects\PycharmProjects\parser_profit\images\hp\RA0-1094-000.jpg
Узел термозакрепления;RC1-0991-000CN;RC1-0991-000CN - Прижимной вал;['HP LaserJet 2300d', 'HP LaserJet 2300dtn', 'HP LaserJet 2300L', 'HP LaserJet 2300dn', 'HP LaserJet 2300n'];E:\Projects\PycharmProjects\parser_profit\images\hp\RC1-0991-000CN.jpg
Узел термозакрепления;RC1-0991-000CN;CN | RC1-0991-000CN - Прижимной вал;['HP LaserJet 2300d', 'HP LaserJet 2300dtn', 'HP LaserJet 2300L', 'HP LaserJet 2300dn', 'HP LaserJet 2300n'];E:\Projects\PycharmProjects\parser_profit\images\hp\RC1-0991-000CN.jpg
Узел термозакрепления;RG5-5570-FILM;RG5-5570-FILM - Термоплёнка;['HP LaserJet 2300d', 'HP LaserJet 2430t', 'Canon Satera LBP3410', 'HP LaserJet 2300dn', 'HP LaserJet 2430tn', 'Canon i-SENSYS LBP3460', 'HP LaserJet 2300dtn', 'HP LaserJet M3027 MFP', 'HP LaserJet 2200', 'HP LaserJet 2300n', 'HP LaserJet M3027x MFP', 'HP LaserJet 2200d', 'HP LaserJet 2410', 'HP LaserJet M3035 MFP', 'HP LaserJet 2200dn', 'HP LaserJet 2420', 'HP LaserJet M3035xs MFP', 'HP LaserJet 2200dse', 'HP LaserJet 2420d', 'HP LaserJet P3005', 'HP LaserJet 2200dt', 'HP LaserJet 2420dn', 'HP LaserJet P3005d', 'HP LaserJet 2200dtn', 'HP LaserJet 2420n', 'HP LaserJet P3005dn', 'HP LaserJet 2300', 'HP LaserJet 2430dtn', 'HP LaserJet P3005n', 'HP LaserJet 2300L', 'HP LaserJet 2430n', 'HP LaserJet P3005x'];E:\Projects\PycharmProjects\parser_profit\images\hp\RG5-5570-FILM.jpg
Узел термозакрепления;RG5-5570-FILM;LT | RG5-5570-FILM - Термоплёнка;['HP LaserJet 2300d', 'HP LaserJet 2430t', 'Canon Satera LBP3410', 'HP LaserJet 2300dn', 'HP LaserJet 2430tn', 'Canon i-SENSYS LBP3460', 'HP LaserJet 2300dtn', 'HP LaserJet M3027 MFP', 'HP LaserJet 2200', 'HP LaserJet 2300n', 'HP LaserJet M3027x MFP', 'HP LaserJet 2200d', 'HP LaserJet 2410', 'HP LaserJet M3035 MFP', 'HP LaserJet 2200dn', 'HP LaserJet 2420', 'HP LaserJet M3035xs MFP', 'HP LaserJet 2200dse', 'HP LaserJet 2420d', 'HP LaserJet P3005', 'HP LaserJet 2200dt', 'HP LaserJet 2420dn', 'HP LaserJet P3005d', 'HP LaserJet 2200dtn', 'HP LaserJet 2420n', 'HP LaserJet P3005dn', 'HP LaserJet 2300', 'HP LaserJet 2430dtn', 'HP LaserJet P3005n', 'HP LaserJet 2300L', 'HP LaserJet 2430n', 'HP LaserJet P3005x', 'Canon LASER SHOT LBP3460', 'HP LaserJet 2300d', 'HP LaserJet 2430t', 'Canon Satera LBP3410', 'HP LaserJet 2300dn', 'HP LaserJet 2430tn', 'Canon i-SENSYS LBP3460', 'HP LaserJet 2300dtn', 'HP LaserJet M3027 MFP', 'HP LaserJet 2200', 'HP LaserJet 2300n', 'HP LaserJet M3027x MFP', 'HP LaserJet 2200d', 'HP LaserJet 2410', 'HP LaserJet M3035 MFP', 'HP LaserJet 2200dn', 'HP LaserJet 2420', 'HP LaserJet M3035xs MFP', 'HP LaserJet 2200dse', 'HP LaserJet 2420d', 'HP LaserJet P3005', 'HP LaserJet 2200dt', 'HP LaserJet 2420dn', 'HP LaserJet P3005d', 'HP LaserJet 2200dtn', 'HP LaserJet 2420n', 'HP LaserJet P3005dn', 'HP LaserJet 2300', 'HP LaserJet 2430dtn', 'HP LaserJet P3005n', 'HP LaserJet 2300L', 'HP LaserJet 2430n', 'HP LaserJet P3005x', 'Canon LASER SHOT LBP3460', 'HP LaserJet 2300d', 'HP LaserJet 2430t', 'Canon Satera LBP3410', 'HP LaserJet 2300dn', 'HP LaserJet 2430tn', 'Canon i-SENSYS LBP3460', 'HP LaserJet 2300dtn', 'HP LaserJet M3027 MFP', 'HP LaserJet 2200', 'HP LaserJet 2300n', 'HP LaserJet M3027x MFP', 'HP LaserJet 2200d', 'HP LaserJet 2410', 'HP LaserJet M3035 MFP', 'HP LaserJet 2200dn', 'HP LaserJet 2420', 'HP LaserJet M3035xs MFP', 'HP LaserJet 2200dse', 'HP LaserJet 2420d', 'HP LaserJet P3005', 'HP LaserJet 2200dt', 'HP LaserJet 2420dn', 'HP LaserJet P3005d', 'HP LaserJet 2200dtn', 'HP LaserJet 2420n', 'HP LaserJet P3005dn', 'HP LaserJet 2300', 'HP LaserJet 2430dtn', 'HP LaserJet P3005n', 'HP LaserJet 2300L', 'HP LaserJet 2430n', 'HP LaserJet P3005x', 'Canon LASER SHOT LBP3460', 'HP LaserJet 2300d', 'HP LaserJet 2430t', 'Canon Satera LBP3410', 'HP LaserJet 2300dn', 'HP LaserJet 2430tn', 'Canon i-SENSYS LBP3460', 'HP LaserJet 2300dtn', 'HP LaserJet M3027 MFP', 'HP LaserJet 2200', 'HP LaserJet 2300n', 'HP LaserJet M3027x MFP', 'HP LaserJet 2200d', 'HP LaserJet 2410', 'HP LaserJet M3035 MFP', 'HP LaserJet 2200dn', 'HP LaserJet 2420', 'HP LaserJet M3035xs MFP', 'HP LaserJet 2200dse', 'HP LaserJet 2420d', 'HP LaserJet P3005', 'HP LaserJet 2200dt', 'HP LaserJet 2420dn', 'HP LaserJet P3005d', 'HP LaserJet 2200dtn', 'HP LaserJet 2420n', 'HP LaserJet P3005dn', 'HP LaserJet 2300', 'HP LaserJet 2430dtn', 'HP LaserJet P3005n', 'HP LaserJet 2300L', 'HP LaserJet 2430n', 'HP LaserJet P3005x'];E:\Projects\PycharmProjects\parser_profit\images\hp\RG5-5570-FILM.jpg
Узел термозакрепления;RM1-0355-000CN;RM1-0355-000CN - Печь, в сборе (220В);['HP LaserJet 2300d', 'HP LaserJet 2300dtn', 'HP LaserJet 2300L', 'HP LaserJet 2300dn', 'HP LaserJet 2300n'];E:\Projects\PycharmProjects\parser_profit\images\hp\RM1-0355-000CN.jpg
Детали корпуса;RB2-6405-000CN;RB2-6405-000CN - Левый рычаг (держатель) лотка ручной подачи (лоток 1);['HP LaserJet 2100m', 'HP LaserJet 2200dtn', 'HP Color LaserJet 1500L', 'HP LaserJet 2100se', 'HP LaserJet 2300', 'HP Color LaserJet 1500Lxi', 'HP LaserJet 2100tn', 'HP LaserJet 2300L', 'HP Color LaserJet 2500', 'HP LaserJet 2100xi', 'HP LaserJet 2300d', 'HP Color LaserJet 2500L', 'HP LaserJet 2200', 'HP LaserJet 2300dn', 'HP Color LaserJet 2500Lse', 'HP LaserJet 2200d', 'HP LaserJet 2300dtn', 'HP Color LaserJet 2500n', 'HP LaserJet 2200dn', 'HP LaserJet 2300n', 'HP Color LaserJet 2500tn', 'HP LaserJet 2200dse', 'HP LaserJet 2100', 'HP LaserJet 2200dt'];
Детали корпуса;RB2-3041-020CN;HP | RB2-3041-020CN - Левый рычаг (держатель) лотка ручной подачи (лоток 1);['HP LaserJet 2100m', 'HP LaserJet 2200dtn', 'HP Color LaserJet 1500L', 'HP LaserJet 2100se', 'HP LaserJet 2300', 'HP Color LaserJet 1500Lxi', 'HP LaserJet 2100tn', 'HP LaserJet 2300L', 'HP Color LaserJet 2500', 'HP LaserJet 2100xi', 'HP LaserJet 2300d', 'HP Color LaserJet 2500L', 'HP LaserJet 2200', 'HP LaserJet 2300dn', 'HP Color LaserJet 2500Lse', 'HP LaserJet 2200d', 'HP LaserJet 2300dtn', 'HP Color LaserJet 2500n', 'HP LaserJet 2200dn', 'HP LaserJet 2300n', 'HP Color LaserJet 2500tn', 'HP LaserJet 2200dse', 'HP LaserJet 2100', 'HP LaserJet 2200dt'];
Детали корпуса;RB2-6406-000CN;RB2-6406-000CN - Правый рычаг (держатель) лотка ручной подачи (лоток 1);['HP LaserJet 2100m', 'HP LaserJet 2200dtn', 'HP Color LaserJet 1500L', 'HP LaserJet 2100se', 'HP LaserJet 2300', 'HP Color LaserJet 1500Lxi', 'HP LaserJet 2100tn', 'HP LaserJet 2300L', 'HP Color LaserJet 2500', 'HP LaserJet 2100xi', 'HP LaserJet 2300d', 'HP Color LaserJet 2500L', 'HP LaserJet 2200', 'HP LaserJet 2300dn', 'HP Color LaserJet 2500Lse', 'HP LaserJet 2200d', 'HP LaserJet 2300dtn', 'HP Color LaserJet 2500n', 'HP LaserJet 2200dn', 'HP LaserJet 2300n', 'HP Color LaserJet 2500tn', 'HP LaserJet 2200dse', 'HP LaserJet 2100', 'HP LaserJet 2200dt'];
Детали корпуса;RB2-3042-020CN;HP | RB2-3042-020CN - Правый рычаг (держатель) лотка ручной подачи (лоток 1);['HP LaserJet 2100m', 'HP LaserJet 2200dtn', 'HP Color LaserJet 1500L', 'HP LaserJet 2100se', 'HP LaserJet 2300', 'HP Color LaserJet 1500Lxi', 'HP LaserJet 2100tn', 'HP LaserJet 2300L', 'HP Color LaserJet 2500', 'HP LaserJet 2100xi', 'HP LaserJet 2300d', 'HP Color LaserJet 2500L', 'HP LaserJet 2200', 'HP LaserJet 2300dn', 'HP Color LaserJet 2500Lse', 'HP LaserJet 2200d', 'HP LaserJet 2300dtn', 'HP Color LaserJet 2500n', 'HP LaserJet 2200dn', 'HP LaserJet 2300n', 'HP Color LaserJet 2500tn', 'HP LaserJet 2200dse', 'HP LaserJet 2100', 'HP LaserJet 2200dt'];
Детали корпуса;RC1-1013-000CN;"RC1-1013-000CN - Передняя крышка (устанавливается за лотком ручной подачи бумаги)
Снято с производства";['HP LaserJet 2300d', 'HP LaserJet 2300dtn', 'HP LaserJet 2300L', 'HP LaserJet 2300dn', 'HP LaserJet 2300n'];
Детали корпуса;RG5-5575-000CN;"RG5-5575-000CN - Лоток ручной подачи бумаги, в сборе (лоток 1)
Снято с производства";['HP LaserJet 2300d', 'HP LaserJet 2300dtn', 'HP LaserJet 2300L', 'HP LaserJet 2300dn', 'HP LaserJet 2300n'];
Детали корпуса;RM1-0328-030CN;RM1-0328-030CN - Верхняя крышка, в сборе (крышка доступа к картриджу в комплекте);['HP LaserJet 2300d', 'HP LaserJet 2300dtn', 'HP LaserJet 2300L', 'HP LaserJet 2300dn', 'HP LaserJet 2300n'];
Детали корпуса;RM1-0329-000CN;RM1-0329-000CN - Правая крышка, в сборе;['HP LaserJet 2300d', 'HP LaserJet 2300dtn', 'HP LaserJet 2300L', 'HP LaserJet 2300dn', 'HP LaserJet 2300n'];
Комплекты;U6180-60002;"U6180-60002 - Комплект для технического обслуживания (Включает: печь в сборе (220В); вал переноса заряда; ролик захвата бумаги из лотка ручной подачи и кассеты (лоток 1, 2); площадки отделения бумаги из лотка ручной подачи и кассеты (лоток 1, 2))";['HP LaserJet 2300d', 'HP LaserJet 2300dtn', 'HP LaserJet 2300L', 'HP LaserJet 2300dn', 'HP LaserJet 2300n'];E:\Projects\PycharmProjects\parser_profit\images\hp\U6180-60002.jpg
Документация;Q2472-90908;"Q2472-90908 - Сервисная документация (Английский язык; 04/2003)";['HP LaserJet 2300d', 'HP LaserJet 2300dtn', 'HP LaserJet 2300L', 'HP LaserJet 2300dn', 'HP LaserJet 2300n'];
