Узел автоматической подачи оригиналов;019N00566;019N00566 - Площадка (накладка) отделения бумаги из автоподатчика документов;['Samsung SCX-4828FN', 'Xerox WorkCentre 4150', 'Dell 1815dn', 'Samsung SCX-5530FN', 'Xerox WorkCentre 4150p', 'Samsung CLX-3160FN', 'Samsung SCX-5530N', 'Xerox WorkCentre 4150px', 'Samsung CLX-3160N', 'Samsung SCX-5635FN', 'Xerox WorkCentre 4150pxf', 'Samsung CLX-6200FX', 'Samsung SCX-6122FN', 'Xerox WorkCentre 4150s', 'Samsung CLX-6200ND', 'Samsung SCX-6322DN', 'Xerox WorkCentre 4150u', 'Samsung CLX-6210FX', 'Samsung SCX-6322DNG', 'Xerox WorkCentre 4150x', 'Samsung CLX-6240FX', 'Samsung SCX-6345N', 'Xerox WorkCentre 4150xf', 'Samsung SCX-4016', 'Samsung SCX-6345NJ', 'Xerox WorkCentre 4250', 'Samsung SCX-4116', 'Xerox Phaser 3200MFP', 'Xerox WorkCentre 4250S', 'Samsung SCX-4216F', 'Xerox Phaser 3200MFP/B', 'Xerox WorkCentre 4250X', 'Samsung SCX-4321', 'Xerox Phaser 3200MFP/N', 'Xerox WorkCentre 4250XF', 'Samsung SCX-4520', 'Xerox Phaser 3300MFP', 'Xerox WorkCentre 4260S', 'Samsung SCX-4521F', 'Xerox Phaser 3300MFP/X', 'Xerox WorkCentre 4260X', 'Samsung SCX-4720F', 'Xerox Phaser 6110MFP/B', 'Xerox WorkCentre 4260XF', 'Samsung SCX-4720FN', 'Xerox Phaser 6110MFP/S', 'Xerox WorkCentre PE120', 'Samsung SCX-4725F', 'Xerox Phaser 6110MFP/X', 'Xerox WorkCentre PE120i', 'Samsung SCX-4725FN', 'Xerox WorkCentre 3210', 'Xerox WorkCentre PE16', 'Samsung SCX-4824FN', 'Xerox WorkCentre 3210N', 'Xerox WorkCentre PE16e', 'Samsung SCX-4825FN', 'Xerox WorkCentre 3220', 'Xerox WorkCentre PE220', 'Samsung SCX-4826FN', 'Xerox WorkCentre 3220DN'];E:\Projects\PycharmProjects\parser_profit\images\xerox\019N00566.jpg
Узел автоматической подачи оригиналов;JB73-00052A;Samsung | JB73-00052A - Площадка (накладка) отделения бумаги из автоподатчика документов;['Samsung SCX-4828FN', 'Xerox WorkCentre 4150', 'Dell 1815dn', 'Samsung SCX-5530FN', 'Xerox WorkCentre 4150p', 'Samsung CLX-3160FN', 'Samsung SCX-5530N', 'Xerox WorkCentre 4150px', 'Samsung CLX-3160N', 'Samsung SCX-5635FN', 'Xerox WorkCentre 4150pxf', 'Samsung CLX-6200FX', 'Samsung SCX-6122FN', 'Xerox WorkCentre 4150s', 'Samsung CLX-6200ND', 'Samsung SCX-6322DN', 'Xerox WorkCentre 4150u', 'Samsung CLX-6210FX', 'Samsung SCX-6322DNG', 'Xerox WorkCentre 4150x', 'Samsung CLX-6240FX', 'Samsung SCX-6345N', 'Xerox WorkCentre 4150xf', 'Samsung SCX-4016', 'Samsung SCX-6345NJ', 'Xerox WorkCentre 4250', 'Samsung SCX-4116', 'Xerox Phaser 3200MFP', 'Xerox WorkCentre 4250S', 'Samsung SCX-4216F', 'Xerox Phaser 3200MFP/B', 'Xerox WorkCentre 4250X', 'Samsung SCX-4321', 'Xerox Phaser 3200MFP/N', 'Xerox WorkCentre 4250XF', 'Samsung SCX-4520', 'Xerox Phaser 3300MFP', 'Xerox WorkCentre 4260S', 'Samsung SCX-4521F', 'Xerox Phaser 3300MFP/X', 'Xerox WorkCentre 4260X', 'Samsung SCX-4720F', 'Xerox Phaser 6110MFP/B', 'Xerox WorkCentre 4260XF', 'Samsung SCX-4720FN', 'Xerox Phaser 6110MFP/S', 'Xerox WorkCentre PE120', 'Samsung SCX-4725F', 'Xerox Phaser 6110MFP/X', 'Xerox WorkCentre PE120i', 'Samsung SCX-4725FN', 'Xerox WorkCentre 3210', 'Xerox WorkCentre PE16', 'Samsung SCX-4824FN', 'Xerox WorkCentre 3210N', 'Xerox WorkCentre PE16e', 'Samsung SCX-4825FN', 'Xerox WorkCentre 3220', 'Xerox WorkCentre PE220', 'Samsung SCX-4826FN', 'Xerox WorkCentre 3220DN'];E:\Projects\PycharmProjects\parser_profit\images\xerox\JB73-00052A.jpg
Узел автоматической подачи оригиналов;022N02373;022N02373 - Ролик захвата бумаги в автоподатчике документов, в сборе;['Samsung SCX-4826FN', 'Xerox WorkCentre 3210N', 'Dell 1815dn', 'Samsung SCX-4828FN', 'Xerox WorkCentre 3220', 'Dell 2145cn', 'Samsung SCX-4833FR', 'Xerox WorkCentre 3220DN', 'Dell 2335dn', 'Samsung SCX-4835FR', 'Xerox WorkCentre 3325', 'Dell 2355dn', 'Samsung SCX-5530FN', 'Xerox WorkCentre 3325DNI', 'Samsung CLX-3160FN', 'Samsung SCX-5530N', 'Xerox WorkCentre 3550', 'Samsung CLX-3160N', 'Samsung SCX-5635FN', 'Xerox WorkCentre 3550X', 'Samsung CLX-6200FX', 'Samsung SCX-5637FR', 'Xerox WorkCentre 4150', 'Samsung CLX-6200ND', 'Samsung SCX-5639FR', 'Xerox WorkCentre 4150p', 'Samsung CLX-6210FX', 'Samsung SCX-5739FW', 'Xerox WorkCentre 4150px', 'Samsung CLX-6220FX', 'Samsung SCX-5835FN', 'Xerox WorkCentre 4150pxf', 'Samsung CLX-6240FX', 'Samsung SCX-5935FN', 'Xerox WorkCentre 4150s', 'Samsung CLX-6250FX', 'Samsung SCX-6122FN', 'Xerox WorkCentre 4150u', 'Samsung CLX-6260FD', 'Samsung SCX-6322DN', 'Xerox WorkCentre 4150x', 'Samsung CLX-6260FR', 'Samsung SCX-6322DNG', 'Xerox WorkCentre 4150xf', 'Samsung CLX-6260FW', 'Samsung SCX-6345N', 'Xerox WorkCentre 4250', 'Samsung CLX-6260ND', 'Samsung SCX-6345NJ', 'Xerox WorkCentre 4250S', 'Samsung SCX-4116', 'Xerox Phaser 3200MFP', 'Xerox WorkCentre 4250X', 'Samsung SCX-4216F', 'Xerox Phaser 3200MFP/B', 'Xerox WorkCentre 4250XF', 'Samsung SCX-4321', 'Xerox Phaser 3200MFP/N', 'Xerox WorkCentre 4260S', 'Samsung SCX-4520', 'Xerox Phaser 3300MFP/X', 'Xerox WorkCentre 4260X', 'Samsung SCX-4521F', 'Xerox Phaser 3635MFP', 'Xerox WorkCentre 4260XF', 'Samsung SCX-4720F', 'Xerox Phaser 3635MFP/S', 'Xerox WorkCentre PE120', 'Samsung SCX-4720FN', 'Xerox Phaser 3635MFP/X', 'Xerox WorkCentre PE120i', 'Samsung SCX-4725F', 'Xerox Phaser 6110MFP/B', 'Xerox WorkCentre PE16', 'Samsung SCX-4725FN', 'Xerox Phaser 6110MFP/S', 'Xerox WorkCentre PE16e', 'Samsung SCX-4824FN', 'Xerox Phaser 6110MFP/X', 'Xerox WorkCentre PE220', 'Samsung SCX-4825FN', 'Xerox WorkCentre 3210'];E:\Projects\PycharmProjects\parser_profit\images\xerox\022N02373.jpg
Узел автоматической подачи оригиналов;JB75-00300A;Samsung | JB75-00300A - Ролик захвата бумаги в автоподатчике документов, в сборе;['Samsung SCX-4825FN', 'Xerox WorkCentre 3210', 'Dell 1815dn', 'Samsung SCX-4826FN', 'Xerox WorkCentre 3210N', 'Dell 2145cn', 'Samsung SCX-4828FN', 'Xerox WorkCentre 3220', 'Dell 2335dn', 'Samsung SCX-4833FR', 'Xerox WorkCentre 3220DN', 'Dell 2355dn', 'Samsung SCX-4835FR', 'Xerox WorkCentre 3325', 'Lanier AC230n', 'Samsung SCX-5530FN', 'Xerox WorkCentre 3325DNI', 'Ricoh Aficio SP 3200SF', 'Samsung SCX-5530N', 'Xerox WorkCentre 3550', 'Samsung CLX-3160FN', 'Samsung SCX-5635FN', 'Xerox WorkCentre 3550X', 'Samsung CLX-3160N', 'Samsung SCX-5637FR', 'Xerox WorkCentre 4150', 'Samsung CLX-6200FX', 'Samsung SCX-5639FR', 'Xerox WorkCentre 4150p', 'Samsung CLX-6200ND', 'Samsung SCX-5739FW', 'Xerox WorkCentre 4150px', 'Samsung CLX-6210FX', 'Samsung SCX-5835FN', 'Xerox WorkCentre 4150pxf', 'Samsung CLX-6220FX', 'Samsung SCX-5935FN', 'Xerox WorkCentre 4150s', 'Samsung CLX-6240FX', 'Samsung SCX-6122FN', 'Xerox WorkCentre 4150u', 'Samsung CLX-6250FX', 'Samsung SCX-6322DN', 'Xerox WorkCentre 4150x', 'Samsung CLX-6260FD', 'Samsung SCX-6322DNG', 'Xerox WorkCentre 4150xf', 'Samsung CLX-6260FR', 'Samsung SCX-6345N', 'Xerox WorkCentre 4250', 'Samsung CLX-6260FW', 'Samsung SCX-6345NJ', 'Xerox WorkCentre 4250S', 'Samsung CLX-6260ND', 'Savin SP 3200SF', 'Xerox WorkCentre 4250X', 'Samsung SCX-4116', 'Xerox Phaser 3200MFP', 'Xerox WorkCentre 4250XF', 'Samsung SCX-4216F', 'Xerox Phaser 3200MFP/B', 'Xerox WorkCentre 4260S', 'Samsung SCX-4321', 'Xerox Phaser 3200MFP/N', 'Xerox WorkCentre 4260X', 'Samsung SCX-4520', 'Xerox Phaser 3300MFP/X', 'Xerox WorkCentre 4260XF', 'Samsung SCX-4521F', 'Xerox Phaser 3635MFP', 'Xerox WorkCentre PE120', 'Samsung SCX-4720F', 'Xerox Phaser 3635MFP/S', 'Xerox WorkCentre PE120i', 'Samsung SCX-4720FN', 'Xerox Phaser 3635MFP/X', 'Xerox WorkCentre PE16', 'Samsung SCX-4725F', 'Xerox Phaser 6110MFP/B', 'Xerox WorkCentre PE16e', 'Samsung SCX-4725FN', 'Xerox Phaser 6110MFP/S', 'Xerox WorkCentre PE220', 'Samsung SCX-4824FN', 'Xerox Phaser 6110MFP/X'];E:\Projects\PycharmProjects\parser_profit\images\xerox\JB75-00300A.jpg
Узел автоматической подачи оригиналов;130N01500;130N01500 - Узел захвата бумаги из автоподатчика документов, в сборе;['Samsung SCX-4720F', 'Xerox Phaser 6110MFP/X', 'Dell 1815dn', 'Samsung SCX-4720FN', 'Xerox WorkCentre 3210', 'Samsung CLX-6200FX', 'Samsung SCX-4824FN', 'Xerox WorkCentre 3210N', 'Samsung CLX-6200ND', 'Samsung SCX-4825FN', 'Xerox WorkCentre 3220', 'Samsung CLX-6210FX', 'Samsung SCX-4826FN', 'Xerox WorkCentre 3220DN', 'Samsung CLX-6240FX', 'Samsung SCX-4828FN', 'Xerox WorkCentre PE120', 'Samsung SCX-4116', 'Xerox Phaser 3300MFP/X', 'Xerox WorkCentre PE120i', 'Samsung SCX-4216F', 'Xerox Phaser 6110MFP/B', 'Xerox WorkCentre PE16', 'Samsung SCX-4520', 'Xerox Phaser 6110MFP/S', 'Xerox WorkCentre PE16e'];
Узел автоматической подачи оригиналов;130N01270;Xerox | 130N01270 - Узел захвата бумаги из автоподатчика документов, в сборе;['Samsung SCX-4720F', 'Xerox Phaser 6110MFP/X', 'Dell 1815dn', 'Samsung SCX-4720FN', 'Xerox WorkCentre 3210', 'Samsung CLX-6200FX', 'Samsung SCX-4824FN', 'Xerox WorkCentre 3210N', 'Samsung CLX-6200ND', 'Samsung SCX-4825FN', 'Xerox WorkCentre 3220', 'Samsung CLX-6210FX', 'Samsung SCX-4826FN', 'Xerox WorkCentre 3220DN', 'Samsung CLX-6240FX', 'Samsung SCX-4828FN', 'Xerox WorkCentre PE120', 'Samsung SCX-4116', 'Xerox Phaser 3300MFP/X', 'Xerox WorkCentre PE120i', 'Samsung SCX-4216F', 'Xerox Phaser 6110MFP/B', 'Xerox WorkCentre PE16', 'Samsung SCX-4520', 'Xerox Phaser 6110MFP/S', 'Xerox WorkCentre PE16e', 'Dell 1600n', 'Samsung SCX-4720F', 'Xerox Phaser 6110MFP/X', 'Dell 1815dn', 'Samsung SCX-4720FN', 'Xerox WorkCentre 3210', 'Samsung CLX-6200FX', 'Samsung SCX-4824FN', 'Xerox WorkCentre 3210N', 'Samsung CLX-6200ND', 'Samsung SCX-4825FN', 'Xerox WorkCentre 3220', 'Samsung CLX-6210FX', 'Samsung SCX-4826FN', 'Xerox WorkCentre 3220DN', 'Samsung CLX-6240FX', 'Samsung SCX-4828FN', 'Xerox WorkCentre PE120', 'Samsung SCX-4116', 'Xerox Phaser 3300MFP/X', 'Xerox WorkCentre PE120i', 'Samsung SCX-4216F', 'Xerox Phaser 6110MFP/B', 'Xerox WorkCentre PE16', 'Samsung SCX-4520', 'Xerox Phaser 6110MFP/S', 'Xerox WorkCentre PE16e', 'Dell 1600n', 'Samsung SCX-4720F', 'Xerox Phaser 6110MFP/X', 'Dell 1815dn', 'Samsung SCX-4720FN', 'Xerox WorkCentre 3210', 'Samsung CLX-6200FX', 'Samsung SCX-4824FN', 'Xerox WorkCentre 3210N', 'Samsung CLX-6200ND', 'Samsung SCX-4825FN', 'Xerox WorkCentre 3220', 'Samsung CLX-6210FX', 'Samsung SCX-4826FN', 'Xerox WorkCentre 3220DN', 'Samsung CLX-6240FX', 'Samsung SCX-4828FN', 'Xerox WorkCentre PE120', 'Samsung SCX-4116', 'Xerox Phaser 3300MFP/X', 'Xerox WorkCentre PE120i', 'Samsung SCX-4216F', 'Xerox Phaser 6110MFP/B', 'Xerox WorkCentre PE16', 'Samsung SCX-4520', 'Xerox Phaser 6110MFP/S', 'Xerox WorkCentre PE16e', 'Dell 1600n', 'Samsung SCX-4720F', 'Xerox Phaser 6110MFP/X', 'Dell 1815dn', 'Samsung SCX-4720FN', 'Xerox WorkCentre 3210', 'Samsung CLX-6200FX', 'Samsung SCX-4824FN', 'Xerox WorkCentre 3210N', 'Samsung CLX-6200ND', 'Samsung SCX-4825FN', 'Xerox WorkCentre 3220', 'Samsung CLX-6210FX', 'Samsung SCX-4826FN', 'Xerox WorkCentre 3220DN', 'Samsung CLX-6240FX', 'Samsung SCX-4828FN', 'Xerox WorkCentre PE120', 'Samsung SCX-4116', 'Xerox Phaser 3300MFP/X', 'Xerox WorkCentre PE120i', 'Samsung SCX-4216F', 'Xerox Phaser 6110MFP/B', 'Xerox WorkCentre PE16', 'Samsung SCX-4520', 'Xerox Phaser 6110MFP/S', 'Xerox WorkCentre PE16e'];
Узел автоматической подачи оригиналов;JB66-00103A;JB66-00103A - Шестерня (38 зубов) в узле автоподатчика документов;['Samsung SCX-4825FN', 'Xerox Phaser 6110MFP/S', 'Dell 1815dn', 'Samsung SCX-4826FN', 'Xerox Phaser 6110MFP/X', 'Samsung CLX-3160FN', 'Samsung SCX-4828FN', 'Xerox WorkCentre 3210', 'Samsung CLX-3160N', 'Samsung SCX-5115', 'Xerox WorkCentre 3210N', 'Samsung SCX-4116', 'Samsung SCX-5115F', 'Xerox WorkCentre 3220', 'Samsung SCX-4216F', 'Samsung SCX-5312F', 'Xerox WorkCentre 3220DN', 'Samsung SCX-4520', 'Samsung SCX-5315F', 'Xerox WorkCentre PE120', 'Samsung SCX-4521F', 'Samsung SCX-5530FN', 'Xerox WorkCentre PE120i', 'Samsung SCX-4720F', 'Samsung SCX-5530N', 'Xerox WorkCentre PE16', 'Samsung SCX-4720FN', 'Samsung SCX-5635FN', 'Xerox WorkCentre PE16e', 'Samsung SCX-4824FN', 'Xerox Phaser 6110MFP/B'];E:\Projects\PycharmProjects\parser_profit\images\xerox\JB66-00103A.jpg
Узел автоматической подачи оригиналов;022N02190;022N02190 - Ролик подачи бумаги в автоподатчике документов, в сборе;['Samsung SCX-4520', 'Xerox Phaser 3200MFP', 'Dell 1815dn', 'Samsung SCX-4521F', 'Xerox Phaser 3200MFP/B', 'Dell 2145cn', 'Samsung SCX-4720F', 'Xerox Phaser 3200MFP/N', 'Dell 2355dn', 'Samsung SCX-4720FN', 'Xerox Phaser 3300MFP/X', 'Samsung CLX-3160FN', 'Samsung SCX-4725F', 'Xerox Phaser 3635MFP', 'Samsung CLX-3160N', 'Samsung SCX-4725FN', 'Xerox Phaser 3635MFP/S', 'Samsung CLX-6200FX', 'Samsung SCX-4824FN', 'Xerox Phaser 3635MFP/X', 'Samsung CLX-6200ND', 'Samsung SCX-4825FN', 'Xerox Phaser 6110MFP/B', 'Samsung CLX-6210FX', 'Samsung SCX-4826FN', 'Xerox Phaser 6110MFP/S', 'Samsung CLX-6210FX', 'Samsung SCX-4828FN', 'Xerox Phaser 6110MFP/X', 'Samsung CLX-6220FX', 'Samsung SCX-4833FR', 'Xerox WorkCentre 3210', 'Samsung CLX-6220FX', 'Samsung SCX-4835FR', 'Xerox WorkCentre 3210N', 'Samsung CLX-6240FX', 'Samsung SCX-5530FN', 'Xerox WorkCentre 3220', 'Samsung CLX-6240FX', 'Samsung SCX-5530N', 'Xerox WorkCentre 3220DN', 'Samsung CLX-6240FX', 'Samsung SCX-5635FN', 'Xerox WorkCentre 3325', 'Samsung CLX-6250FX', 'Samsung SCX-5637FR', 'Xerox WorkCentre 3325DNI', 'Samsung CLX-6250FX', 'Samsung SCX-5639FR', 'Xerox WorkCentre 3550', 'Samsung CLX-6260FD', 'Samsung SCX-5739FW', 'Xerox WorkCentre 3550X', 'Samsung CLX-6260FR', 'Samsung SCX-5835FN', 'Xerox WorkCentre PE120', 'Samsung CLX-6260FW', 'Samsung SCX-5935FN', 'Xerox WorkCentre PE120i', 'Samsung CLX-6260FW', 'Samsung SCX-6122FN', 'Xerox WorkCentre PE16', 'Samsung CLX-6260ND', 'Samsung SCX-6322DN', 'Xerox WorkCentre PE16e', 'Samsung SCX-4116', 'Samsung SCX-6322DNG', 'Xerox WorkCentre PE220', 'Samsung SCX-4216F', 'Samsung SCX-6345N', 'Samsung SCX-4321', 'Samsung SCX-6345NJ'];E:\Projects\PycharmProjects\parser_profit\images\xerox\022N02190.jpg
Узел автоматической подачи оригиналов;JB75-00299A;Samsung | JB75-00299A - Ролик подачи бумаги в автоподатчике документов, в сборе;['Samsung SCX-4520', 'Xerox Phaser 3200MFP', 'Dell 1815dn', 'Samsung SCX-4521F', 'Xerox Phaser 3200MFP/B', 'Dell 2145cn', 'Samsung SCX-4720F', 'Xerox Phaser 3200MFP/N', 'Dell 2355dn', 'Samsung SCX-4720FN', 'Xerox Phaser 3300MFP/X', 'Samsung CLX-3160FN', 'Samsung SCX-4725F', 'Xerox Phaser 3635MFP', 'Samsung CLX-3160N', 'Samsung SCX-4725FN', 'Xerox Phaser 3635MFP/S', 'Samsung CLX-6200FX', 'Samsung SCX-4824FN', 'Xerox Phaser 3635MFP/X', 'Samsung CLX-6200ND', 'Samsung SCX-4825FN', 'Xerox Phaser 6110MFP/B', 'Samsung CLX-6210FX', 'Samsung SCX-4826FN', 'Xerox Phaser 6110MFP/S', 'Samsung CLX-6210FX', 'Samsung SCX-4828FN', 'Xerox Phaser 6110MFP/X', 'Samsung CLX-6220FX', 'Samsung SCX-4833FR', 'Xerox WorkCentre 3210', 'Samsung CLX-6220FX', 'Samsung SCX-4835FR', 'Xerox WorkCentre 3210N', 'Samsung CLX-6240FX', 'Samsung SCX-5530FN', 'Xerox WorkCentre 3220', 'Samsung CLX-6240FX', 'Samsung SCX-5530N', 'Xerox WorkCentre 3220DN', 'Samsung CLX-6240FX', 'Samsung SCX-5635FN', 'Xerox WorkCentre 3325', 'Samsung CLX-6250FX', 'Samsung SCX-5637FR', 'Xerox WorkCentre 3325DNI', 'Samsung CLX-6250FX', 'Samsung SCX-5639FR', 'Xerox WorkCentre 3550', 'Samsung CLX-6260FD', 'Samsung SCX-5739FW', 'Xerox WorkCentre 3550X', 'Samsung CLX-6260FR', 'Samsung SCX-5835FN', 'Xerox WorkCentre PE120', 'Samsung CLX-6260FW', 'Samsung SCX-5935FN', 'Xerox WorkCentre PE120i', 'Samsung CLX-6260FW', 'Samsung SCX-6122FN', 'Xerox WorkCentre PE16', 'Samsung CLX-6260ND', 'Samsung SCX-6322DN', 'Xerox WorkCentre PE16e', 'Samsung SCX-4116', 'Samsung SCX-6322DNG', 'Xerox WorkCentre PE220', 'Samsung SCX-4216F', 'Samsung SCX-6345N', 'Samsung SCX-4321', 'Samsung SCX-6345NJ'];E:\Projects\PycharmProjects\parser_profit\images\xerox\JB75-00299A.jpg
Подача и захват бумаги;050N00506;050N00506 - Кассета на 150 листов, в сборе;['Xerox Phaser 6110MFP/S', 'Xerox Phaser 6110N', 'Xerox Phaser 6110MFP/B', 'Xerox Phaser 6110MFP/X'];
Подача и захват бумаги;JC97-02332A;"Samsung | JC97-02332A - Кассета на 150 листов, в сборе
Снято с производства";['Samsung CLX-2160', 'Samsung CLX-3160FN', 'Samsung CLP-300N', 'Samsung CLX-2160N', 'Samsung CLX-3160N'];E:\Projects\PycharmProjects\parser_profit\images\xerox\JC97-02332A.jpg
Подача и захват бумаги;0604-001415;0604-001415 - Датчик наличия бумаги;['Samsung CLX-8385ND', 'Samsung SCX-4655FN', 'Dell 1815dn', 'Samsung ML-1450', 'Samsung SCX-4720F', 'Dell 2145сn', 'Samsung ML-1451N', 'Samsung SCX-4720FN', 'Dell 2335dn', 'Samsung ML-1630', 'Samsung SCX-4727FD', 'Dell 2355dn', 'Samsung ML-1630W', 'Samsung SCX-4728FD', 'Dell 5330dn', 'Samsung ML-1650', 'Samsung SCX-4729FD', 'Ricoh Aficio SP 3300D', 'Samsung ML-1651N', 'Samsung SCX-4729FW', 'Ricoh Aficio SP 3300DN', 'Samsung ML-2150', 'Samsung SCX-4824FN', 'Ricoh Aficio SP 5100N', 'Samsung ML-2151N', 'Samsung SCX-4825FN', 'Samsung CLP-300', 'Samsung ML-2152W', 'Samsung SCX-4826FN', 'Samsung CLP-300N', 'Samsung ML-2250', 'Samsung SCX-4828FN', 'Samsung CLP-310', 'Samsung ML-2251N', 'Samsung SCX-4833FD', 'Samsung CLP-310N', 'Samsung ML-2251NP', 'Samsung SCX-4833FR', 'Samsung CLP-315', 'Samsung ML-2252W', 'Samsung SCX-4835FR', 'Samsung CLP-315W', 'Samsung ML-2550', 'Samsung SCX-5330N', 'Samsung CLP-320', 'Samsung ML-2551N', 'Samsung SCX-5530FN', 'Samsung CLP-320K', 'Samsung ML-2552W', 'Samsung SCX-5530N', 'Samsung CLP-320N', 'Samsung ML-2850D', 'Samsung SCX-5635FN', 'Samsung CLP-325', 'Samsung ML-2850N', 'Samsung SCX-5637FR', 'Samsung CLP-325K', 'Samsung ML-2851DK', 'Samsung SCX-5639FR', 'Samsung CLP-325W', 'Samsung ML-2851ND', 'Samsung SCX-5737FW', 'Samsung CLP-325WK', 'Samsung ML-2855ND', 'Samsung SCX-5739FW', 'Samsung CLP-360', 'Samsung ML-3050', 'Samsung SCX-5835FN', 'Samsung CLP-365', 'Samsung ML-3051N', 'Samsung SCX-5935FN', 'Samsung CLP-365W', 'Samsung ML-3051ND', 'Samsung SCX-6145', 'Samsung CLP-415N', 'Samsung ML-3470D', 'Samsung SCX-6245N', 'Samsung CLP-415NW', 'Samsung ML-3471ND', 'Samsung SCX-6345N', 'Samsung CLP-600', 'Samsung ML-3560', 'Samsung SCX-6345NJ', 'Samsung CLP-600N', 'Samsung ML-3561N', 'Samsung SCX-6545N', 'Samsung CLP-610ND', 'Samsung ML-3561ND', 'Samsung SCX-6555N', 'Samsung CLP-620ND', 'Samsung ML-4050', 'Samsung SF-560', 'Samsung CLP-620NDK', 'Samsung ML-4050N', 'Samsung SF-565P', 'Samsung CLP-650', 'Samsung ML-4550', 'Samsung SF-750', 'Samsung CLP-650N', 'Samsung ML-4551N', 'Samsung SF-755P', 'Samsung CLP-660N', 'Samsung ML-4551ND', 'Samsung Xpress C1810W', 'Samsung CLP-660ND', 'Samsung ML-4551NDR', 'Samsung Xpress C1860FW', 'Samsung CLP-670N', 'Samsung ML-5510N', 'Samsung Xpress C410W', 'Samsung CLP-670ND', 'Samsung ML-5510ND', 'Samsung Xpress C460FW', 'Samsung CLP-670NDK', 'Samsung ML-5512ND', 'Samsung Xpress C460W', 'Samsung CLP-680ND', 'Samsung ML-5515ND', 'Samsung Xpress M2625', 'Samsung CLP-770ND', 'Samsung ML-6510ND', 'Samsung Xpress M2625D', 'Samsung CLP-775ND', 'Samsung ML-6512ND', 'Samsung Xpress M2626', 'Samsung CLX-2160', 'Samsung ML-6515ND', 'Samsung Xpress M2626D', 'Samsung CLX-2160N', 'Samsung ProXpress M3870FD', 'Samsung Xpress M2675FN', 'Samsung CLX-3160FN', 'Samsung ProXpress M3870FW', 'Samsung Xpress M2676FH', 'Samsung CLX-3160N', 'Samsung ProXpress M4070FR', 'Samsung Xpress M2825DW', 'Samsung CLX-3170FN', 'Samsung SCX-3200', 'Samsung Xpress M2825ND', 'Samsung CLX-3175', 'Samsung SCX-3201', 'Samsung Xpress M2826ND', 'Samsung CLX-3175FN', 'Samsung SCX-3201G', 'Samsung Xpress M2835DW', 'Samsung CLX-3175FW', 'Samsung SCX-3205', 'Samsung Xpress M2870FD', 'Samsung CLX-3175N', 'Samsung SCX-3205W', 'Samsung Xpress M2870FW', 'Samsung CLX-3185', 'Samsung SCX-3206', 'Samsung Xpress M2875FD', 'Samsung CLX-3185FN', 'Samsung SCX-3206W', 'Samsung Xpress M2875FW', 'Samsung CLX-3185FW', 'Samsung SCX-3207', 'Samsung Xpress M2875ND', 'Samsung CLX-3185N', 'Samsung SCX-3208', 'Samsung Xpress M2876HN', 'Samsung CLX-3185W', 'Samsung SCX-3400', 'Samsung Xpress M2880FW', 'Samsung CLX-3300', 'Samsung SCX-3400F', 'Samsung Xpress M2885FW', 'Samsung CLX-3305', 'Samsung SCX-3405', 'Samsung Xpress M3015DW', 'Samsung CLX-3305FN', 'Samsung SCX-3405F', 'Samsung Xpress M3065FW', 'Samsung CLX-3305FW', 'Samsung SCX-3405FW', 'Xerox Phaser 3250D', 'Samsung CLX-3305W', 'Samsung SCX-3405W', 'Xerox Phaser 3250DN', 'Samsung CLX-4195FN', 'Samsung SCX-4016', 'Xerox Phaser 3420', 'Samsung CLX-4195FW', 'Samsung SCX-4116', 'Xerox Phaser 3425', 'Samsung CLX-6200FX', 'Samsung SCX-4216F', 'Xerox Phaser 3425 PS', 'Samsung CLX-6200ND', 'Samsung SCX-4321', 'Xerox Phaser 6110', 'Samsung CLX-6210FX', 'Samsung SCX-4500', 'Xerox Phaser 6110MFP/B', 'Samsung CLX-6220FX', 'Samsung SCX-4500W', 'Xerox Phaser 6110MFP/S', 'Samsung CLX-6240FX', 'Samsung SCX-4520', 'Xerox Phaser 6110MFP/X', 'Samsung CLX-6250FX', 'Samsung SCX-4521F', 'Xerox Phaser 6110N', 'Samsung CLX-6260FD', 'Samsung SCX-4600', 'Xerox WorkCentre 3210', 'Samsung CLX-6260FR', 'Samsung SCX-4623F', 'Xerox WorkCentre 3210N', 'Samsung CLX-6260FW', 'Samsung SCX-4623FH', 'Xerox WorkCentre 3220', 'Samsung CLX-6260ND', 'Samsung SCX-4623FN', 'Xerox WorkCentre 3220DN', 'Samsung CLX-8380ND', 'Samsung SCX-4650N'];E:\Projects\PycharmProjects\parser_profit\images\xerox\0604-001415.jpg
Подача и захват бумаги;130N01409;130N01409 - Резиновый элемент на ролик захвата бумаги из лотка подачи;['Samsung ML-1615', 'Samsung SCX-4321', 'Samsung CLP-300N', 'Samsung ML-1640', 'Samsung SCX-4521F', 'Samsung CLP-350N', 'Samsung ML-1641', 'Xerox Phaser 3117', 'Samsung CLP-351NK', 'Samsung ML-1645', 'Xerox Phaser 3122', 'Samsung CLP-351NKG', 'Samsung ML-2010', 'Xerox Phaser 6110', 'Samsung CLX-2160', 'Samsung ML-2010P', 'Xerox Phaser 6110MFP/B', 'Samsung CLX-2160N', 'Samsung ML-2010R', 'Xerox Phaser 6110MFP/S', 'Samsung CLX-3160FN', 'Samsung ML-2015', 'Xerox Phaser 6110MFP/X', 'Samsung CLX-3160N', 'Samsung ML-2240', 'Xerox Phaser 6110N', 'Samsung ML-1610', 'Samsung ML-2241', 'Xerox WorkCentre PE220'];
Подача и захват бумаги;JC73-00302A;Samsung | JC73-00302A - Резиновый элемент на ролик захвата бумаги из лотка подачи;['Samsung ML-1615', 'Samsung SCX-4321', 'Samsung CLP-300N', 'Samsung ML-1640', 'Samsung SCX-4521F', 'Samsung CLP-350N', 'Samsung ML-1641', 'Xerox Phaser 3117', 'Samsung CLP-351NK', 'Samsung ML-1645', 'Xerox Phaser 3122', 'Samsung CLP-351NKG', 'Samsung ML-2010', 'Xerox Phaser 6110', 'Samsung CLX-2160', 'Samsung ML-2010P', 'Xerox Phaser 6110MFP/B', 'Samsung CLX-2160N', 'Samsung ML-2010R', 'Xerox Phaser 6110MFP/S', 'Samsung CLX-3160FN', 'Samsung ML-2015', 'Xerox Phaser 6110MFP/X', 'Samsung CLX-3160N', 'Samsung ML-2240', 'Xerox Phaser 6110N', 'Samsung ML-1610', 'Samsung ML-2241', 'Xerox WorkCentre PE220', 'Samsung CLP-300', 'Samsung ML-1615', 'Samsung SCX-4321', 'Samsung CLP-300N', 'Samsung ML-1640', 'Samsung SCX-4521F', 'Samsung CLP-350N', 'Samsung ML-1641', 'Xerox Phaser 3117', 'Samsung CLP-351NK', 'Samsung ML-1645', 'Xerox Phaser 3122', 'Samsung CLP-351NKG', 'Samsung ML-2010', 'Xerox Phaser 6110', 'Samsung CLX-2160', 'Samsung ML-2010P', 'Xerox Phaser 6110MFP/B', 'Samsung CLX-2160N', 'Samsung ML-2010R', 'Xerox Phaser 6110MFP/S', 'Samsung CLX-3160FN', 'Samsung ML-2015', 'Xerox Phaser 6110MFP/X', 'Samsung CLX-3160N', 'Samsung ML-2240', 'Xerox Phaser 6110N', 'Samsung ML-1610', 'Samsung ML-2241', 'Xerox WorkCentre PE220', 'Samsung CLP-300', 'Samsung ML-1615', 'Samsung SCX-4321', 'Samsung CLP-300N', 'Samsung ML-1640', 'Samsung SCX-4521F', 'Samsung CLP-350N', 'Samsung ML-1641', 'Xerox Phaser 3117', 'Samsung CLP-351NK', 'Samsung ML-1645', 'Xerox Phaser 3122', 'Samsung CLP-351NKG', 'Samsung ML-2010', 'Xerox Phaser 6110', 'Samsung CLX-2160', 'Samsung ML-2010P', 'Xerox Phaser 6110MFP/B', 'Samsung CLX-2160N', 'Samsung ML-2010R', 'Xerox Phaser 6110MFP/S', 'Samsung CLX-3160FN', 'Samsung ML-2015', 'Xerox Phaser 6110MFP/X', 'Samsung CLX-3160N', 'Samsung ML-2240', 'Xerox Phaser 6110N', 'Samsung ML-1610', 'Samsung ML-2241', 'Xerox WorkCentre PE220'];E:\Projects\PycharmProjects\parser_profit\images\xerox\JC73-00302A.jpg
Подача и захват бумаги;JC61-01173A;JC61-01173A - Основание (внутренняя часть) ролика захвата бумаги из лотка подачи;['Samsung ML-1615', 'Samsung SCX-4521F', 'Samsung CLP-300N', 'Samsung ML-1640', 'Xerox Phaser 3117', 'Samsung CLP-350N', 'Samsung ML-2010', 'Xerox Phaser 3122', 'Samsung CLX-2160', 'Samsung ML-2010P', 'Xerox Phaser 6110', 'Samsung CLX-2160N', 'Samsung ML-2010R', 'Xerox Phaser 6110MFP/B', 'Samsung CLX-3160FN', 'Samsung ML-2015', 'Xerox Phaser 6110MFP/S', 'Samsung CLX-3160N', 'Samsung ML-2240', 'Xerox Phaser 6110MFP/X', 'Samsung ML-1610', 'Samsung SCX-4321', 'Xerox Phaser 6110N'];
Подача и захват бумаги;JC72-00382B;JC72-00382B - Подшипник вала подачи бумаги;['Samsung ML-3471ND', 'Samsung SF-565P', 'Dell 1815dn', 'Samsung ML-3560', 'Samsung SF-650', 'Dell 2335dn', 'Samsung ML-3561N', 'Samsung SF-650P', 'Dell 2355dn', 'Samsung ML-3561ND', 'Samsung SF-750', 'Dell 5330dn', 'Samsung ML-3710D', 'Samsung SF-755P', 'Ricoh Aficio SP 3200SF', 'Samsung ML-3710DW', 'Xerox Phaser 3116', 'Ricoh Aficio SP 3300D', 'Samsung ML-3710ND', 'Xerox Phaser 3117', 'Ricoh Aficio SP 3300DN', 'Samsung ML-3712DW', 'Xerox Phaser 3122', 'Ricoh Aficio SP 5100N', 'Samsung ML-3712ND', 'Xerox Phaser 3124', 'Samsung CLP-300', 'Samsung ML-4050', 'Xerox Phaser 3125', 'Samsung CLP-300N', 'Samsung ML-4050N', 'Xerox Phaser 3200MFP', 'Samsung CLP-600', 'Samsung ML-4050ND', 'Xerox Phaser 3200MFP/B', 'Samsung CLP-600N', 'Samsung ML-4550', 'Xerox Phaser 3200MFP/N', 'Samsung CLP-650', 'Samsung ML-4551N', 'Xerox Phaser 3250D', 'Samsung CLP-650N', 'Samsung ML-4551ND', 'Xerox Phaser 3250DN', 'Samsung CLX-2160', 'Samsung ML-4551NDR', 'Xerox Phaser 3300MFP/X', 'Samsung CLX-2160N', 'Samsung ML-5510N', 'Xerox Phaser 3320', 'Samsung CLX-3160FN', 'Samsung ML-5510ND', 'Xerox Phaser 3320DNI', 'Samsung CLX-3160N', 'Samsung ML-5512ND', 'Xerox Phaser 3420', 'Samsung ML-1410', 'Samsung ML-5515ND', 'Xerox Phaser 3425', 'Samsung ML-1510', 'Samsung ML-6510ND', 'Xerox Phaser 3425 PS', 'Samsung ML-1520', 'Samsung ML-6512ND', 'Xerox Phaser 3500', 'Samsung ML-1520P', 'Samsung ML-6515ND', 'Xerox Phaser 3500B', 'Samsung ML-1630', 'Samsung SCX-4016', 'Xerox Phaser 3500DN', 'Samsung ML-1630W', 'Samsung SCX-4100', 'Xerox Phaser 3500N', 'Samsung ML-1710', 'Samsung SCX-4116', 'Xerox Phaser 3600', 'Samsung ML-1710P', 'Samsung SCX-4200', 'Xerox Phaser 3600B', 'Samsung ML-1740', 'Samsung SCX-4200R', 'Xerox Phaser 3600DN', 'Samsung ML-1750', 'Samsung SCX-4216F', 'Xerox Phaser 3600N', 'Samsung ML-1755', 'Samsung SCX-4220', 'Xerox Phaser 3635MFP', 'Samsung ML-1910', 'Samsung SCX-4300', 'Xerox Phaser 3635MFP/S', 'Samsung ML-1915', 'Samsung SCX-4500', 'Xerox Phaser 3635MFP/X', 'Samsung ML-2250', 'Samsung SCX-4500W', 'Xerox Phaser 4600DN', 'Samsung ML-2251N', 'Samsung SCX-4520', 'Xerox Phaser 4600DT', 'Samsung ML-2251NP', 'Samsung SCX-4600', 'Xerox Phaser 4600N', 'Samsung ML-2252W', 'Samsung SCX-4623F', 'Xerox Phaser 4620DN', 'Samsung ML-2510', 'Samsung SCX-4623FH', 'Xerox Phaser 4620DT', 'Samsung ML-2525', 'Samsung SCX-4623FN', 'Xerox Phaser 4622A', 'Samsung ML-2525W', 'Samsung SCX-4650N', 'Xerox Phaser 4622DN', 'Samsung ML-2540', 'Samsung SCX-4655FN', 'Xerox Phaser 4622DT', 'Samsung ML-2540R', 'Samsung SCX-4720F', 'Xerox Phaser 6110', 'Samsung ML-2545', 'Samsung SCX-4720FN', 'Xerox Phaser 6110MFP/B', 'Samsung ML-2550', 'Samsung SCX-4725F', 'Xerox Phaser 6110MFP/S', 'Samsung ML-2551N', 'Samsung SCX-4725FN', 'Xerox Phaser 6110MFP/X', 'Samsung ML-2552W', 'Samsung SCX-4824FN', 'Xerox Phaser 6110N', 'Samsung ML-2570', 'Samsung SCX-4825FN', 'Xerox WorkCentre 3119', 'Samsung ML-2571N', 'Samsung SCX-4826FN', 'Xerox WorkCentre 3210', 'Samsung ML-2580N', 'Samsung SCX-4828FN', 'Xerox WorkCentre 3210N', 'Samsung ML-2580NK', 'Samsung SCX-4833FD', 'Xerox WorkCentre 3220', 'Samsung ML-2581N', 'Samsung SCX-4833FR', 'Xerox WorkCentre 3220DN', 'Samsung ML-2850D', 'Samsung SCX-4835FR', 'Xerox WorkCentre 3315', 'Samsung ML-2850N', 'Samsung SCX-5330N', 'Xerox WorkCentre 3315DN', 'Samsung ML-2851DK', 'Samsung SCX-5530FN', 'Xerox WorkCentre 3325', 'Samsung ML-2851ND', 'Samsung SCX-5530N', 'Xerox WorkCentre 3325DNI', 'Samsung ML-2855ND', 'Samsung SCX-5635FN', 'Xerox WorkCentre 3550', 'Samsung ML-3050', 'Samsung SCX-5637FR', 'Xerox WorkCentre 3550X', 'Samsung ML-3051N', 'Samsung SCX-5639FR', 'Xerox WorkCentre PE114e', 'Samsung ML-3051ND', 'Samsung SCX-5737FW', 'Xerox WorkCentre PE120', 'Samsung ML-3310D', 'Samsung SCX-5739FW', 'Xerox WorkCentre PE120i', 'Samsung ML-3310ND', 'Samsung SCX-5835FN', 'Xerox WorkCentre PE16', 'Samsung ML-3312ND', 'Samsung SCX-5935FN', 'Xerox WorkCentre PE16e', 'Samsung ML-3470D', 'Samsung SF-560'];E:\Projects\PycharmProjects\parser_profit\images\xerox\JC72-00382B.jpg
Подача и захват бумаги;JC97-02647A;"JC97-02647A - Ось узла захвата из основного лотка, в сборе (ролик подачи бумаги в комплекте)
Снято с производства";['Samsung CLX-2160N', 'Xerox Phaser 6110MFP/B', 'Samsung CLP-300', 'Samsung CLX-3160FN', 'Xerox Phaser 6110MFP/S', 'Samsung CLP-300N', 'Samsung CLX-3160N', 'Xerox Phaser 6110MFP/X', 'Samsung CLX-2160', 'Xerox Phaser 6110', 'Xerox Phaser 6110N'];E:\Projects\PycharmProjects\parser_profit\images\xerox\JC97-02647A.jpg
Подача и захват бумаги;JC97-02688A;JC97-02688A - Муфта узла захвата бумаги, в сборе;['Samsung CLX-2160N', 'Xerox Phaser 6110MFP/B', 'Samsung CLP-300N', 'Samsung CLX-3160FN', 'Xerox Phaser 6110MFP/S', 'Samsung CLP-350N', 'Samsung CLX-3160N', 'Xerox Phaser 6110MFP/X', 'Samsung CLX-2160', 'Xerox Phaser 6110', 'Xerox Phaser 6110N'];
Внутренние компоненты;109N00542;109N00542 - Ремень привода сканера;['Samsung SCX-4216F', 'Xerox Phaser 3200MFP/B', 'Dell 1600n', 'Samsung SCX-4321', 'Xerox Phaser 3200MFP/N', 'Samsung CLX-2160', 'Samsung SCX-4520', 'Xerox Phaser 3300MFP/X', 'Samsung CLX-2160N', 'Samsung SCX-4521F', 'Xerox Phaser 3635MFP', 'Samsung CLX-3160FN', 'Samsung SCX-4720F', 'Xerox Phaser 3635MFP/S', 'Samsung CLX-3160N', 'Samsung SCX-4720FN', 'Xerox Phaser 3635MFP/X', 'Samsung CLX-6200FX', 'Samsung SCX-4725F', 'Xerox Phaser 6110MFP/B', 'Samsung CLX-6200ND', 'Samsung SCX-4725FN', 'Xerox Phaser 6110MFP/S', 'Samsung CLX-6210FX', 'Samsung SCX-5530FN', 'Xerox Phaser 6110MFP/X', 'Samsung CLX-6220FX', 'Samsung SCX-5530N', 'Xerox WorkCentre PE120', 'Samsung CLX-6240FX', 'Samsung SCX-5635FN', 'Xerox WorkCentre PE120i', 'Samsung CLX-6250FX', 'Samsung SCX-5835FN', 'Xerox WorkCentre PE16', 'Samsung SCX-4016', 'Samsung SCX-5935FN', 'Xerox WorkCentre PE16e', 'Samsung SCX-4116', 'Xerox Phaser 3200MFP', 'Xerox WorkCentre PE220'];
Внутренние компоненты;6602-001067;Samsung | 6602-001067 - Ремень привода сканера;['Samsung SCX-4321', 'Xerox Phaser 3200MFP/N', 'Samsung CLX-2160', 'Samsung SCX-4520', 'Xerox Phaser 3300MFP/X', 'Samsung CLX-2160N', 'Samsung SCX-4521F', 'Xerox Phaser 3635MFP', 'Samsung CLX-3160FN', 'Samsung SCX-4720F', 'Xerox Phaser 3635MFP/S', 'Samsung CLX-3160N', 'Samsung SCX-4720FN', 'Xerox Phaser 3635MFP/X', 'Samsung CLX-6200FX', 'Samsung SCX-4725F', 'Xerox Phaser 6110MFP/B', 'Samsung CLX-6200ND', 'Samsung SCX-4725FN', 'Xerox Phaser 6110MFP/S', 'Samsung CLX-6210FX', 'Samsung SCX-5530FN', 'Xerox Phaser 6110MFP/X', 'Samsung CLX-6220FX', 'Samsung SCX-5530N', 'Xerox WorkCentre PE120', 'Samsung CLX-6240FX', 'Samsung SCX-5635FN', 'Xerox WorkCentre PE120i', 'Samsung CLX-6250FX', 'Samsung SCX-5835FN', 'Xerox WorkCentre PE16', 'Samsung SCX-4016', 'Samsung SCX-5935FN', 'Xerox WorkCentre PE16e', 'Samsung SCX-4116', 'Xerox Phaser 3200MFP', 'Xerox WorkCentre PE220', 'Samsung SCX-4216F', 'Xerox Phaser 3200MFP/B'];
Внутренние компоненты;6107-001163;6107-001163 - Пружина пластиковых прижимов в узле выхода бумаги;['Samsung ML-3712ND', 'Samsung Xpress M2620ND', 'Samsung CLP-300N', 'Samsung Msys 755P', 'Samsung Xpress M2625', 'Samsung CLX-2160', 'Samsung SCX-3400', 'Samsung Xpress M2625D', 'Samsung CLX-2160N', 'Samsung SCX-3400F', 'Samsung Xpress M2626', 'Samsung CLX-3160FN', 'Samsung SCX-3405', 'Samsung Xpress M2626D', 'Samsung CLX-3160N', 'Samsung SCX-3405F', 'Samsung Xpress M2675FN', 'Samsung ML-1510', 'Samsung SCX-3405FW', 'Samsung Xpress M2676FH', 'Samsung ML-1520', 'Samsung SCX-3405W', 'Samsung Xpress M2820DW', 'Samsung ML-1520P', 'Samsung SCX-4016', 'Samsung Xpress M2820ND', 'Samsung ML-1610', 'Samsung SCX-4100', 'Samsung Xpress M2825DW', 'Samsung ML-1615', 'Samsung SCX-4116', 'Samsung Xpress M2825ND', 'Samsung ML-1640', 'Samsung SCX-4200', 'Samsung Xpress M2826ND', 'Samsung ML-1641', 'Samsung SCX-4200R', 'Samsung Xpress M2830DW', 'Samsung ML-1645', 'Samsung SCX-4216F', 'Samsung Xpress M2870FD', 'Samsung ML-1710', 'Samsung SCX-4220', 'Samsung Xpress M2870FW', 'Samsung ML-1710P', 'Samsung SCX-4300', 'Samsung Xpress M2875FD', 'Samsung ML-1740', 'Samsung SCX-4321', 'Samsung Xpress M2875FW', 'Samsung ML-1750', 'Samsung SCX-4521F', 'Samsung Xpress M2875ND', 'Samsung ML-1910', 'Samsung SCX-4600', 'Samsung Xpress M2876HN', 'Samsung ML-1915', 'Samsung SCX-4623F', 'Samsung Xpress M2880FW', 'Samsung ML-2010', 'Samsung SCX-4623FH', 'Samsung Xpress M3015DW', 'Samsung ML-2010P', 'Samsung SCX-4623FN', 'Samsung Xpress M3065FW', 'Samsung ML-2010R', 'Samsung SCX-4725F', 'Xerox Phaser 3115', 'Samsung ML-2015', 'Samsung SCX-4725FN', 'Xerox Phaser 3116', 'Samsung ML-2160', 'Samsung SCX-4727FD', 'Xerox Phaser 3117', 'Samsung ML-2160W', 'Samsung SCX-4728FD', 'Xerox Phaser 3120', 'Samsung ML-2165', 'Samsung SCX-4729FD', 'Xerox Phaser 3121', 'Samsung ML-2240', 'Samsung SCX-4729FW', 'Xerox Phaser 3122', 'Samsung ML-2241', 'Samsung SCX-4824FN', 'Xerox Phaser 3130', 'Samsung ML-2510', 'Samsung SCX-4825FN', 'Xerox Phaser 3140', 'Samsung ML-2525', 'Samsung SCX-4826FN', 'Xerox Phaser 3140 Orange', 'Samsung ML-2525W', 'Samsung SCX-4828FN', 'Xerox Phaser 3140 Silver / Black', 'Samsung ML-2570', 'Samsung SCX-4833FD', 'Xerox Phaser 3140B', 'Samsung ML-2571N', 'Samsung SCX-4833FR', 'Xerox Phaser 3155', 'Samsung ML-2580N', 'Samsung SCX-4835FR', 'Xerox Phaser 3155B', 'Samsung ML-2580NK', 'Samsung SCX-5637FR', 'Xerox Phaser 3160', 'Samsung ML-2850D', 'Samsung SCX-5639FR', 'Xerox Phaser 3160B', 'Samsung ML-2850N', 'Samsung SCX-5737FW', 'Xerox Phaser 3160N', 'Samsung ML-2851DK', 'Samsung SCX-5739FW', 'Xerox Phaser 6110', 'Samsung ML-2851ND', 'Samsung SF-560', 'Xerox Phaser 6110MFP/B', 'Samsung ML-2855ND', 'Samsung SF-565P', 'Xerox Phaser 6110MFP/S', 'Samsung ML-2950DR', 'Samsung SF-750', 'Xerox Phaser 6110MFP/X', 'Samsung ML-2950ND', 'Samsung SF-755P', 'Xerox Phaser 6110N', 'Samsung ML-2950NDR', 'Samsung SF-760P', 'Xerox WorkCentre 3119', 'Samsung ML-2955DW', 'Samsung Xpress M2020', 'Xerox WorkCentre 3210', 'Samsung ML-2955ND', 'Samsung Xpress M2020W', 'Xerox WorkCentre 3210N', 'Samsung ML-3310D', 'Samsung Xpress M2022', 'Xerox WorkCentre 3220', 'Samsung ML-3310ND', 'Samsung Xpress M2022W', 'Xerox WorkCentre 3220DN', 'Samsung ML-3312ND', 'Samsung Xpress M2070', 'Xerox WorkCentre PE114e', 'Samsung ML-3710D', 'Samsung Xpress M2070F', 'Xerox WorkCentre PE120', 'Samsung ML-3710DW', 'Samsung Xpress M2070FW', 'Xerox WorkCentre PE120i', 'Samsung ML-3710ND', 'Samsung Xpress M2070W', 'Xerox WorkCentre PE16', 'Samsung ML-3712DW', 'Samsung Xpress M2620D', 'Xerox WorkCentre PE16e'];E:\Projects\PycharmProjects\parser_profit\images\xerox\6107-001163.jpg
Внутренние компоненты;JC61-00424A;JC61-00424A - Подшипник;['Samsung ML-5515ND', 'Xerox Phaser 3250D', 'Ricoh Aficio SP 3300DN', 'Samsung ML-6510ND', 'Xerox Phaser 3250DN', 'Samsung CLP-300', 'Samsung ML-6512ND', 'Xerox Phaser 3320', 'Samsung CLP-300N', 'Samsung ML-6515ND', 'Xerox Phaser 3320DNI', 'Samsung CLP-350N', 'Samsung MultiXpress CLX-9250ND', 'Xerox Phaser 4600DN', 'Samsung CLX-2160', 'Samsung MultiXpress CLX-9252NA', 'Xerox Phaser 4600DT', 'Samsung CLX-2160N', 'Samsung MultiXpress CLX-9350ND', 'Xerox Phaser 4600N', 'Samsung CLX-3160FN', 'Samsung MultiXpress CLX-9352NA', 'Xerox Phaser 4620DN', 'Samsung CLX-3160N', 'Samsung MultiXpress SCX-6545N', 'Xerox Phaser 4620DT', 'Samsung CLX-8380ND', 'Samsung MultiXpress SCX-6555N', 'Xerox Phaser 4622A', 'Samsung CLX-8385ND', 'Samsung SCX-4824FN', 'Xerox Phaser 4622DN', 'Samsung ML-2850D', 'Samsung SCX-4825FN', 'Xerox Phaser 4622DT', 'Samsung ML-2850N', 'Samsung SCX-4826FN', 'Xerox Phaser 6110', 'Samsung ML-2851DK', 'Samsung SCX-4828FN', 'Xerox Phaser 6110MFP/B', 'Samsung ML-2851ND', 'Samsung SCX-4833FD', 'Xerox Phaser 6110MFP/S', 'Samsung ML-2855ND', 'Samsung SCX-4833FR', 'Xerox Phaser 6110MFP/X', 'Samsung ML-3310D', 'Samsung SCX-4835FR', 'Xerox Phaser 6110N', 'Samsung ML-3310ND', 'Samsung SCX-5637FR', 'Xerox WorkCentre 3210', 'Samsung ML-3312ND', 'Samsung SCX-5639FR', 'Xerox WorkCentre 3210N', 'Samsung ML-3710D', 'Samsung SCX-5737FW', 'Xerox WorkCentre 3220', 'Samsung ML-3710DW', 'Samsung SCX-5739FW', 'Xerox WorkCentre 3220DN', 'Samsung ML-3710ND', 'Samsung SCX-6145', 'Xerox WorkCentre 3315', 'Samsung ML-3712DW', 'Samsung SCX-6245N', 'Xerox WorkCentre 3315DN', 'Samsung ML-3712ND', 'Samsung SCX-6345N', 'Xerox WorkCentre 3325', 'Samsung ML-5510N', 'Samsung SCX-6345NJ', 'Xerox WorkCentre 3325DNI', 'Samsung ML-5510ND', 'Samsung SCX-6545N', 'Samsung ML-5512ND', 'Samsung SCX-6555N'];
Внутренние компоненты;JC61-01548A;JC61-01548A - Подшипник вала холостого хода;['Samsung CLX-3300', 'Samsung ML-1865W', 'Samsung CLP-300N', 'Samsung CLX-3305', 'Samsung ML-1865WK', 'Samsung CLP-310', 'Samsung CLX-3305', 'Samsung ML-1866', 'Samsung CLP-310N', 'Samsung CLX-3305FN', 'Samsung ML-1867', 'Samsung CLP-315', 'Samsung CLX-3305FW', 'Samsung ML-2240', 'Samsung CLP-315W', 'Samsung CLX-3305W', 'Samsung ML-2241', 'Samsung CLP-320', 'Samsung ML-1630', 'Samsung SCX-3200', 'Samsung CLP-320K', 'Samsung ML-1630W', 'Samsung SCX-3201', 'Samsung CLP-320N', 'Samsung ML-1640', 'Samsung SCX-3201G', 'Samsung CLP-325', 'Samsung ML-1641', 'Samsung SCX-3205', 'Samsung CLP-325K', 'Samsung ML-1645', 'Samsung SCX-3205W', 'Samsung CLP-325W', 'Samsung ML-1660', 'Samsung SCX-3206', 'Samsung CLP-325WK', 'Samsung ML-1661', 'Samsung SCX-3206W', 'Samsung CLP-360', 'Samsung ML-1665', 'Samsung SCX-3207', 'Samsung CLP-365', 'Samsung ML-1666', 'Samsung SCX-3208', 'Samsung CLP-365W', 'Samsung ML-1667', 'Samsung SCX-4500', 'Samsung CLX-2160', 'Samsung ML-1670', 'Samsung SCX-4500W', 'Samsung CLX-2160N', 'Samsung ML-1671', 'Samsung Xpress C410W', 'Samsung CLX-3160FN', 'Samsung ML-1672', 'Samsung Xpress C430', 'Samsung CLX-3160N', 'Samsung ML-1673', 'Samsung Xpress C430W', 'Samsung CLX-3170FN', 'Samsung ML-1674', 'Samsung Xpress C460FW', 'Samsung CLX-3175', 'Samsung ML-1675', 'Samsung Xpress C460W', 'Samsung CLX-3175FN', 'Samsung ML-1676', 'Samsung Xpress C480', 'Samsung CLX-3175FW', 'Samsung ML-1677', 'Samsung Xpress C480FW', 'Samsung CLX-3175N', 'Samsung ML-1860', 'Samsung Xpress C480W', 'Samsung CLX-3185', 'Samsung ML-1861', 'Xerox Phaser 6110', 'Samsung CLX-3185FN', 'Samsung ML-1861K', 'Xerox Phaser 6110MFP/B', 'Samsung CLX-3185FW', 'Samsung ML-1864K', 'Xerox Phaser 6110MFP/S', 'Samsung CLX-3185N', 'Samsung ML-1865', 'Xerox Phaser 6110MFP/X', 'Samsung CLX-3185W', 'Samsung ML-1865K', 'Xerox Phaser 6110N'];E:\Projects\PycharmProjects\parser_profit\images\xerox\JC61-01548A.jpg
Внутренние компоненты;007N01377;007N01377 - Шестерня узла выхода бумаги (17 зубов);['Samsung CLX-6210FX', 'Samsung SCX-4521F', 'Samsung CLP-300N', 'Samsung CLX-6220FX', 'Samsung SCX-4725F', 'Samsung CLP-310', 'Samsung CLX-6240FX', 'Samsung SCX-4725FN', 'Samsung CLP-310N', 'Samsung CLX-6250FX', 'Xerox Phaser 3117', 'Samsung CLP-315', 'Samsung ML-1610', 'Xerox Phaser 3122', 'Samsung CLP-315W', 'Samsung ML-1615', 'Xerox Phaser 3124', 'Samsung CLP-350N', 'Samsung ML-1640', 'Xerox Phaser 3125', 'Samsung CLX-2160', 'Samsung ML-1641', 'Xerox Phaser 3125N', 'Samsung CLX-2160N', 'Samsung ML-1645', 'Xerox Phaser 3200MFP', 'Samsung CLX-3160FN', 'Samsung ML-2010', 'Xerox Phaser 3200MFP/B', 'Samsung CLX-3160N', 'Samsung ML-2010P', 'Xerox Phaser 3200MFP/N', 'Samsung CLX-3170FN', 'Samsung ML-2010R', 'Xerox Phaser 6110', 'Samsung CLX-3175', 'Samsung ML-2240', 'Xerox Phaser 6110MFP/B', 'Samsung CLX-3175FN', 'Samsung ML-2241', 'Xerox Phaser 6110MFP/S', 'Samsung CLX-3175FW', 'Samsung ML-2510', 'Xerox Phaser 6110MFP/X', 'Samsung CLX-3175N', 'Samsung ML-2570', 'Xerox Phaser 6110N', 'Samsung CLX-6200FX', 'Samsung ML-2571N', 'Xerox WorkCentre PE220', 'Samsung CLX-6200ND', 'Samsung SCX-4321'];
Внутренние компоненты;JC66-00810A;Smasung | JC66-00810A - Шестерня узла выхода бумаги (17 зубов);['Samsung CLX-6210FX', 'Samsung SCX-4521F', 'Samsung CLP-300N', 'Samsung CLX-6220FX', 'Samsung SCX-4725F', 'Samsung CLP-310', 'Samsung CLX-6240FX', 'Samsung SCX-4725FN', 'Samsung CLP-310N', 'Samsung CLX-6250FX', 'Xerox Phaser 3117', 'Samsung CLP-315', 'Samsung ML-1610', 'Xerox Phaser 3122', 'Samsung CLP-315W', 'Samsung ML-1615', 'Xerox Phaser 3124', 'Samsung CLP-350N', 'Samsung ML-1640', 'Xerox Phaser 3125', 'Samsung CLX-2160', 'Samsung ML-1641', 'Xerox Phaser 3125N', 'Samsung CLX-2160N', 'Samsung ML-1645', 'Xerox Phaser 3200MFP', 'Samsung CLX-3160FN', 'Samsung ML-2010', 'Xerox Phaser 3200MFP/B', 'Samsung CLX-3160N', 'Samsung ML-2010P', 'Xerox Phaser 3200MFP/N', 'Samsung CLX-3170FN', 'Samsung ML-2010R', 'Xerox Phaser 6110', 'Samsung CLX-3175', 'Samsung ML-2240', 'Xerox Phaser 6110MFP/B', 'Samsung CLX-3175FN', 'Samsung ML-2241', 'Xerox Phaser 6110MFP/S', 'Samsung CLX-3175FW', 'Samsung ML-2510', 'Xerox Phaser 6110MFP/X', 'Samsung CLX-3175N', 'Samsung ML-2570', 'Xerox Phaser 6110N', 'Samsung CLX-6200FX', 'Samsung ML-2571N', 'Xerox WorkCentre PE220', 'Samsung CLX-6200ND', 'Samsung SCX-4321'];
Узел переноса;022N02299;022N02299 - Вал переноса заряда;['Xerox Phaser 6110MFP/S', 'Xerox Phaser 6110N', 'Xerox Phaser 6110MFP/B', 'Xerox Phaser 6110MFP/X'];
Узел переноса;023N01169;023N01169 - Узел переоса изображения, в сборе;['Samsung CLX-3160FN', 'Xerox Phaser 6110MFP/S', 'Samsung CLP-300N', 'Samsung CLX-3160N', 'Xerox Phaser 6110MFP/X', 'Samsung CLX-2160', 'Xerox Phaser 6110', 'Xerox Phaser 6110N', 'Samsung CLX-2160N', 'Xerox Phaser 6110MFP/B'];E:\Projects\PycharmProjects\parser_profit\images\xerox\023N01169.jpg
Узел переноса;JC96-03611D;Samsung | JC96-03611D - Узел переоса изображения, в сборе;['Samsung CLX-3160FN', 'Xerox Phaser 6110MFP/S', 'Samsung CLP-300N', 'Samsung CLX-3160N', 'Xerox Phaser 6110MFP/X', 'Samsung CLX-2160', 'Xerox Phaser 6110', 'Xerox Phaser 6110N', 'Samsung CLX-2160N', 'Xerox Phaser 6110MFP/B'];E:\Projects\PycharmProjects\parser_profit\images\xerox\JC96-03611D.jpg
Электронные компоненты;101N01409;101N01409 - Сканирующая линейка, в сборе;['Samsung CLX-3160FN', 'Samsung SCX-5635FN', 'Dell 2335dn', 'Samsung CLX-3160N', 'Xerox Phaser 3300MFP/X', 'Dell 2355dn', 'Samsung SCX-5330N', 'Xerox Phaser 6110MFP/B', 'Samsung CLX-2160', 'Samsung SCX-5530FN', 'Xerox Phaser 6110MFP/S', 'Samsung CLX-2160N', 'Samsung SCX-5530N', 'Xerox Phaser 6110MFP/X'];
Электронные компоненты;JC96-03819A;Samsung | JC96-03819A - Сканирующая линейка, в сборе;['Samsung CLX-3160FN', 'Samsung SCX-5635FN', 'Dell 2335dn', 'Samsung CLX-3160N', 'Xerox Phaser 3300MFP/X', 'Dell 2355dn', 'Samsung SCX-5330N', 'Xerox Phaser 6110MFP/B', 'Samsung CLX-2160', 'Samsung SCX-5530FN', 'Xerox Phaser 6110MFP/S', 'Samsung CLX-2160N', 'Samsung SCX-5530N', 'Xerox Phaser 6110MFP/X'];
Электронные компоненты;105N02118;105N02118 - Плата импульсного питания (220В);['Samsung ML-3471ND', 'Xerox Phaser 3428DN', 'Samsung CLP-300', 'Samsung SCX-5330N', 'Xerox Phaser 3435DN', 'Samsung CLP-300N', 'Samsung SCX-5530FN', 'Xerox Phaser 6110', 'Samsung CLX-3160FN', 'Samsung SCX-5530N', 'Xerox Phaser 6110MFP/B', 'Samsung CLX-3160N', 'Samsung SCX-5835FN', 'Xerox Phaser 6110MFP/S', 'Samsung ML-3050', 'Samsung SCX-5935FN', 'Xerox Phaser 6110MFP/X', 'Samsung ML-3051ND', 'Xerox Phaser 3300MFP/X', 'Xerox Phaser 6110N', 'Samsung ML-3470D', 'Xerox Phaser 3428D'];E:\Projects\PycharmProjects\parser_profit\images\xerox\105N02118.jpg
Электронные компоненты;112N00229;Xerox | 112N00229 - Плата импульсного питания (220В);['Samsung ML-3471ND', 'Xerox Phaser 3428DN', 'Samsung CLP-300', 'Samsung SCX-5330N', 'Xerox Phaser 3435DN', 'Samsung CLP-300N', 'Samsung SCX-5530FN', 'Xerox Phaser 6110', 'Samsung CLX-3160FN', 'Samsung SCX-5530N', 'Xerox Phaser 6110MFP/B', 'Samsung CLX-3160N', 'Samsung SCX-5835FN', 'Xerox Phaser 6110MFP/S', 'Samsung ML-3050', 'Samsung SCX-5935FN', 'Xerox Phaser 6110MFP/X', 'Samsung ML-3051ND', 'Xerox Phaser 3300MFP/X', 'Xerox Phaser 6110N', 'Samsung ML-3470D', 'Xerox Phaser 3428D', 'Dell 1815dn', 'Samsung ML-3471ND', 'Xerox Phaser 3428DN', 'Samsung CLP-300', 'Samsung SCX-5330N', 'Xerox Phaser 3435DN', 'Samsung CLP-300N', 'Samsung SCX-5530FN', 'Xerox Phaser 6110', 'Samsung CLX-3160FN', 'Samsung SCX-5530N', 'Xerox Phaser 6110MFP/B', 'Samsung CLX-3160N', 'Samsung SCX-5835FN', 'Xerox Phaser 6110MFP/S', 'Samsung ML-3050', 'Samsung SCX-5935FN', 'Xerox Phaser 6110MFP/X', 'Samsung ML-3051ND', 'Xerox Phaser 3300MFP/X', 'Xerox Phaser 6110N', 'Samsung ML-3470D', 'Xerox Phaser 3428D', 'Dell 1815dn', 'Samsung ML-3471ND', 'Xerox Phaser 3428DN', 'Samsung CLP-300', 'Samsung SCX-5330N', 'Xerox Phaser 3435DN', 'Samsung CLP-300N', 'Samsung SCX-5530FN', 'Xerox Phaser 6110', 'Samsung CLX-3160FN', 'Samsung SCX-5530N', 'Xerox Phaser 6110MFP/B', 'Samsung CLX-3160N', 'Samsung SCX-5835FN', 'Xerox Phaser 6110MFP/S', 'Samsung ML-3050', 'Samsung SCX-5935FN', 'Xerox Phaser 6110MFP/X', 'Samsung ML-3051ND', 'Xerox Phaser 3300MFP/X', 'Xerox Phaser 6110N', 'Samsung ML-3470D', 'Xerox Phaser 3428D'];
Электронные компоненты;140N63240;140N63240 - Плата факса;['Samsung SCX-4833FD', 'Savin SP 3200SF', 'Lanier AC230n', 'Samsung SCX-4833FR', 'Xerox Phaser 3300MFP/X', 'Ricoh Aficio SP 3200SF', 'Samsung SCX-4835FR', 'Xerox Phaser 6110MFP/X', 'Samsung CLX-3160FN', 'Samsung SCX-5530FN', 'Xerox WorkCentre 3210', 'Samsung SCX-4824FN', 'Samsung SCX-5637FR', 'Xerox WorkCentre 3210N', 'Samsung SCX-4825FN', 'Samsung SCX-5639FR', 'Xerox WorkCentre 3220', 'Samsung SCX-4826FN', 'Samsung SCX-5737FW', 'Xerox WorkCentre 3220DN', 'Samsung SCX-4828FN', 'Samsung SCX-5739FW'];
Электронные компоненты;JC92-01746A;Samsung | JC92-01746A - Плата факса;['Samsung SCX-4833FD', 'Savin SP 3200SF', 'Lanier AC230n', 'Samsung SCX-4833FR', 'Xerox Phaser 3300MFP/X', 'Ricoh Aficio SP 3200SF', 'Samsung SCX-4835FR', 'Xerox Phaser 6110MFP/X', 'Samsung CLX-3160FN', 'Samsung SCX-5530FN', 'Xerox WorkCentre 3210', 'Samsung SCX-4824FN', 'Samsung SCX-5637FR', 'Xerox WorkCentre 3210N', 'Samsung SCX-4825FN', 'Samsung SCX-5639FR', 'Xerox WorkCentre 3220', 'Samsung SCX-4826FN', 'Samsung SCX-5737FW', 'Xerox WorkCentre 3220DN', 'Samsung SCX-4828FN', 'Samsung SCX-5739FW'];
Электронные компоненты;140N63106;140N63106 - Плата внешнего интерфейса USB;['Samsung CLX-3160N', 'Samsung SCX-5530N', 'Lanier AC230n', 'Samsung SCX-4520', 'Savin SP 3200SF', 'Ricoh Aficio SP 3200SF', 'Samsung SCX-4720F', 'Xerox Phaser 3300MFP/X', 'Samsung CLX-2160', 'Samsung SCX-4720FN', 'Xerox Phaser 6110MFP/S', 'Samsung CLX-2160N', 'Samsung SCX-5330N', 'Xerox Phaser 6110MFP/X', 'Samsung CLX-3160FN', 'Samsung SCX-5530FN'];
Электронные компоненты;JC92-01636A;Samsung | JC92-01636A - Плата внешнего интерфейса USB;['Samsung CLX-3160N', 'Samsung SCX-5530N', 'Lanier AC230n', 'Samsung SCX-4520', 'Savin SP 3200SF', 'Ricoh Aficio SP 3200SF', 'Samsung SCX-4720F', 'Xerox Phaser 3300MFP/X', 'Samsung CLX-2160', 'Samsung SCX-4720FN', 'Xerox Phaser 6110MFP/S', 'Samsung CLX-2160N', 'Samsung SCX-5330N', 'Xerox Phaser 6110MFP/X', 'Samsung CLX-3160FN', 'Samsung SCX-5530FN'];
Узел термозакрепления;022N02300;022N02300 - Тефлоновый вал;['Samsung CLP-350N', 'Samsung CLX-3175N', 'Samsung CLP-300N', 'Samsung CLX-2160', 'Samsung CLX-3185', 'Samsung CLP-310', 'Samsung CLX-2160N', 'Samsung CLX-3185FN', 'Samsung CLP-310N', 'Samsung CLX-3160FN', 'Samsung CLX-3185FW', 'Samsung CLP-315', 'Samsung CLX-3160N', 'Samsung CLX-3185N', 'Samsung CLP-315W', 'Samsung CLX-3170', 'Samsung CLX-3185W', 'Samsung CLP-320', 'Samsung CLX-3170', 'Xerox Phaser 6110', 'Samsung CLP-320K', 'Samsung CLX-3170FN', 'Xerox Phaser 6110MFP/B', 'Samsung CLP-320N', 'Samsung CLX-3170FW', 'Xerox Phaser 6110MFP/S', 'Samsung CLP-325', 'Samsung CLX-3170N', 'Xerox Phaser 6110MFP/X', 'Samsung CLP-325K', 'Samsung CLX-3175', 'Xerox Phaser 6110N', 'Samsung CLP-325W', 'Samsung CLX-3175FN', 'Samsung CLP-325WK', 'Samsung CLX-3175FW'];
Узел термозакрепления;JC66-02722A;"Samsung | JC66-02722A - Тефлоновый вал
Снято с производства";['Samsung CLP-350N', 'Samsung CLX-3175N', 'Samsung CLP-300N', 'Samsung CLX-2160', 'Samsung CLX-3185', 'Samsung CLP-310', 'Samsung CLX-2160N', 'Samsung CLX-3185FN', 'Samsung CLP-310N', 'Samsung CLX-3160FN', 'Samsung CLX-3185FW', 'Samsung CLP-315', 'Samsung CLX-3160N', 'Samsung CLX-3185N', 'Samsung CLP-315W', 'Samsung CLX-3170', 'Samsung CLX-3185W', 'Samsung CLP-320', 'Samsung CLX-3170', 'Xerox Phaser 6110', 'Samsung CLP-320K', 'Samsung CLX-3170FN', 'Xerox Phaser 6110MFP/B', 'Samsung CLP-320N', 'Samsung CLX-3170FW', 'Xerox Phaser 6110MFP/S', 'Samsung CLP-325', 'Samsung CLX-3170N', 'Xerox Phaser 6110MFP/X', 'Samsung CLP-325K', 'Samsung CLX-3175', 'Xerox Phaser 6110N', 'Samsung CLP-325W', 'Samsung CLX-3175FN', 'Samsung CLP-325WK', 'Samsung CLX-3175FW'];E:\Projects\PycharmProjects\parser_profit\images\xerox\JC66-02722A.jpg
Узел термозакрепления;022N02301;022N02301 - Прижимной вал;['Samsung ML-3470D', 'Xerox Phaser 3635MFP/X', 'Dell 2355dn', 'Samsung ML-3471ND', 'Xerox Phaser 6110', 'Samsung CLP-300', 'Samsung SCX-5635FN', 'Xerox Phaser 6110MFP/B', 'Samsung CLP-300N', 'Samsung SCX-5835FN', 'Xerox Phaser 6110MFP/S', 'Samsung CLP-350N', 'Samsung SCX-5935FN', 'Xerox Phaser 6110MFP/X', 'Samsung CLX-2160', 'Xerox Phaser 3435DN', 'Xerox Phaser 6110N', 'Samsung CLX-2160N', 'Xerox Phaser 3435DN', 'Xerox WorkCentre 3550', 'Samsung CLX-3160FN', 'Xerox Phaser 3635MFP', 'Xerox WorkCentre 3550X', 'Samsung CLX-3160N', 'Xerox Phaser 3635MFP/S'];
Узел термозакрепления;JC66-01079A;Samsung | JC66-01079A - Прижимной вал;['Samsung ML-3470D', 'Xerox Phaser 3635MFP/X', 'Dell 2355dn', 'Samsung ML-3471ND', 'Xerox Phaser 6110', 'Samsung CLP-300', 'Samsung SCX-5635FN', 'Xerox Phaser 6110MFP/B', 'Samsung CLP-300N', 'Samsung SCX-5835FN', 'Xerox Phaser 6110MFP/S', 'Samsung CLP-350N', 'Samsung SCX-5935FN', 'Xerox Phaser 6110MFP/X', 'Samsung CLX-2160', 'Xerox Phaser 3435DN', 'Xerox Phaser 6110N', 'Samsung CLX-2160N', 'Xerox Phaser 3435DN', 'Xerox WorkCentre 3550', 'Samsung CLX-3160FN', 'Xerox Phaser 3635MFP', 'Xerox WorkCentre 3550X', 'Samsung CLX-3160N', 'Xerox Phaser 3635MFP/S'];E:\Projects\PycharmProjects\parser_profit\images\xerox\JC66-01079A.jpg
Узел термозакрепления;122N00264;122N00264 - Лампа нагрева тефлонового вала (220В);['Samsung CLX-2160N', 'Samsung CLX-3175N', 'Samsung CLP-300N', 'Samsung CLX-3160FN', 'Xerox Phaser 6110', 'Samsung CLP-310', 'Samsung CLX-3160N', 'Xerox Phaser 6110MFP/B', 'Samsung CLP-310N', 'Samsung CLX-3170FN', 'Xerox Phaser 6110MFP/S', 'Samsung CLP-315', 'Samsung CLX-3175', 'Xerox Phaser 6110MFP/X', 'Samsung CLP-315W', 'Samsung CLX-3175FN', 'Xerox Phaser 6110N', 'Samsung CLX-2160', 'Samsung CLX-3175FW'];
Узел термозакрепления;4713-001210;Samsung | 4713-001210 - Лампа нагрева тефлонового вала (230В / 850Вт / 8 x 299.5мм);['Samsung CLX-2160N', 'Samsung CLX-3175N', 'Samsung CLP-300N', 'Samsung CLX-3160FN', 'Xerox Phaser 6110', 'Samsung CLP-310', 'Samsung CLX-3160N', 'Xerox Phaser 6110MFP/B', 'Samsung CLP-310N', 'Samsung CLX-3170FN', 'Xerox Phaser 6110MFP/S', 'Samsung CLP-315', 'Samsung CLX-3175', 'Xerox Phaser 6110MFP/X', 'Samsung CLP-315W', 'Samsung CLX-3175FN', 'Xerox Phaser 6110N', 'Samsung CLX-2160', 'Samsung CLX-3175FW'];
Узел термозакрепления;126N00269;126N00269 - Печь, в сборе (220В);['Samsung CLX-2160N', 'Xerox Phaser 6110MFP/S', 'Samsung CLP-300N', 'Xerox Phaser 6110', 'Xerox Phaser 6110MFP/X', 'Samsung CLX-2160', 'Xerox Phaser 6110MFP/B', 'Xerox Phaser 6110N'];
Узел термозакрепления;JC96-03609A;Samsung | JC96-03609A - Печь, в сборе (220В);['Samsung CLX-2160N', 'Xerox Phaser 6110MFP/S', 'Samsung CLP-300N', 'Xerox Phaser 6110', 'Xerox Phaser 6110MFP/X', 'Samsung CLX-2160', 'Xerox Phaser 6110MFP/B', 'Xerox Phaser 6110N'];E:\Projects\PycharmProjects\parser_profit\images\xerox\JC96-03609A.jpg
Узел термозакрепления;130N01491;130N01491 - Термостат;['Samsung CLX-3160N', 'Samsung SCX-6322DNG', 'Samsung CLP-300N', 'Samsung CLX-3170FN', 'Xerox CopyCentre C20', 'Samsung CLP-350N', 'Samsung CLX-3175', 'Xerox FaxCentre 2218', 'Samsung CLP-351NK', 'Samsung CLX-3175FN', 'Xerox Phaser 6110', 'Samsung CLP-351NKG', 'Samsung CLX-3175FW', 'Xerox Phaser 6110MFP/B', 'Samsung CLP-600', 'Samsung CLX-3175N', 'Xerox Phaser 6110MFP/S', 'Samsung CLP-600N', 'Samsung ML-1630', 'Xerox Phaser 6110MFP/X', 'Samsung CLP-650', 'Samsung ML-1630W', 'Xerox Phaser 6110N', 'Samsung CLP-650N', 'Samsung SCX-4500', 'Xerox WorkCentre 4118p', 'Samsung CLX-2160', 'Samsung SCX-4500W', 'Xerox WorkCentre 4118x', 'Samsung CLX-2160N', 'Samsung SCX-6122FN', 'Xerox WorkCentre M20', 'Samsung CLX-3160FN', 'Samsung SCX-6322DN', 'Xerox WorkCentre M20i'];
Узел термозакрепления;4712-001027;"Samsung | 4712-001027 - Термостат
Снято с производства";['Samsung CLX-3160N', 'Samsung SCX-6322DNG', 'Samsung CLP-300N', 'Samsung CLX-3170FN', 'Xerox CopyCentre C20', 'Samsung CLP-350N', 'Samsung CLX-3175', 'Xerox FaxCentre 2218', 'Samsung CLP-351NK', 'Samsung CLX-3175FN', 'Xerox Phaser 6110', 'Samsung CLP-351NKG', 'Samsung CLX-3175FW', 'Xerox Phaser 6110MFP/B', 'Samsung CLP-600', 'Samsung CLX-3175N', 'Xerox Phaser 6110MFP/S', 'Samsung CLP-600N', 'Samsung ML-1630', 'Xerox Phaser 6110MFP/X', 'Samsung CLP-650', 'Samsung ML-1630W', 'Xerox Phaser 6110N', 'Samsung CLP-650N', 'Samsung SCX-4500', 'Xerox WorkCentre 4118p', 'Samsung CLX-2160', 'Samsung SCX-4500W', 'Xerox WorkCentre 4118x', 'Samsung CLX-2160N', 'Samsung SCX-6122FN', 'Xerox WorkCentre M20', 'Samsung CLX-3160FN', 'Samsung SCX-6322DN', 'Xerox WorkCentre M20i'];
Узел термозакрепления;130N01492;130N01492 - Термистор;['Samsung CLX-2160N', 'Xerox Phaser 6110MFP/B', 'Samsung CLP-300N', 'Samsung CLX-3160FN', 'Xerox Phaser 6110MFP/S', 'Samsung CLP-350N', 'Samsung CLX-3160N', 'Xerox Phaser 6110MFP/X', 'Samsung CLX-2160', 'Xerox Phaser 6110', 'Xerox Phaser 6110N'];
Узел термозакрепления;1404-001368;Samsung | 1404-001368 - Термистор;['Samsung CLX-2160N', 'Xerox Phaser 6110MFP/B', 'Samsung CLP-300N', 'Samsung CLX-3160FN', 'Xerox Phaser 6110MFP/S', 'Samsung CLP-350N', 'Samsung CLX-3160N', 'Xerox Phaser 6110MFP/X', 'Samsung CLX-2160', 'Xerox Phaser 6110', 'Xerox Phaser 6110N'];E:\Projects\PycharmProjects\parser_profit\images\xerox\1404-001368.jpg
Узел термозакрепления;JC66-00669A;"JC66-00669A - Шестерня привода тефлонового вала
Снято с производства";['Samsung CLP-351NK', 'Samsung SCX-5115F', 'Samsung CLP-310', 'Samsung CLP-351NK', 'Samsung SCX-5315F', 'Samsung CLP-310N', 'Samsung CLX-2160', 'Xerox Phaser 6110', 'Samsung CLP-315', 'Samsung CLX-2160N', 'Xerox Phaser 6110MFP/B', 'Samsung CLP-315W', 'Samsung CLX-3160FN', 'Xerox Phaser 6110MFP/S', 'Samsung CLP-350N', 'Samsung CLX-3160N', 'Xerox Phaser 6110MFP/X', 'Samsung CLP-350N', 'Samsung SCX-5115', 'Xerox Phaser 6110N'];
Узел термозакрепления;JC66-10902A;JC66-10902A - Подшипник тефлонового вала (левый);['Samsung ML-7000', 'Xerox Phaser 3425 PS', 'Samsung CLP-300N', 'Samsung ML-7000N', 'Xerox Phaser 3450', 'Samsung CLP-350N', 'Samsung ML-7000P', 'Xerox Phaser 3450B', 'Samsung CLP-351NK', 'Samsung ML-7050', 'Xerox Phaser 3450D', 'Samsung CLP-351NKG', 'Samsung ML-7050N', 'Xerox Phaser 3450DN', 'Samsung CLX-2160', 'Samsung ML-7300', 'Xerox Phaser 6110', 'Samsung CLX-2160N', 'Samsung ML-7300N', 'Xerox Phaser 6110MFP/B', 'Samsung CLX-3160FN', 'Samsung SCX-5115', 'Xerox Phaser 6110MFP/S', 'Samsung CLX-3160N', 'Samsung SCX-5115F', 'Xerox Phaser 6110MFP/X', 'Samsung ML-2150', 'Samsung SCX-5315F', 'Xerox Phaser 6110N', 'Samsung ML-2151N', 'Samsung SCX-6220', 'Xerox WorkCentre 312', 'Samsung ML-2152W', 'Samsung SCX-6320F', 'Xerox WorkCentre M15', 'Samsung ML-2550', 'Xerox FaxCentre F12', 'Xerox WorkCentre M15i', 'Samsung ML-2551N', 'Xerox Phaser 3420', 'Xerox WorkCentre Pro 412', 'Samsung ML-2552W', 'Xerox Phaser 3425'];E:\Projects\PycharmProjects\parser_profit\images\xerox\JC66-10902A.jpg
Узел термозакрепления;JC72-00814A;JC72-00814A - Подшипник тефлонового вала (правый);['Samsung CLX-2160N', 'Xerox Phaser 6110', 'Samsung CLP-300N', 'Samsung CLX-3160FN', 'Xerox Phaser 6110MFP/B', 'Samsung CLP-350N', 'Samsung CLX-3160N', 'Xerox Phaser 6110MFP/S', 'Samsung CLP-351NK', 'Samsung SCX-5115', 'Xerox Phaser 6110MFP/X', 'Samsung CLP-351NKG', 'Samsung SCX-5115F', 'Xerox Phaser 6110N', 'Samsung CLX-2160', 'Samsung SCX-5315F'];E:\Projects\PycharmProjects\parser_profit\images\xerox\JC72-00814A.jpg
Узел термозакрепления;JC72-20902A;JC72-20902A - Пластиковый направляющий ролик;['Samsung ML-4512ND', 'Xerox Phaser 3125N', 'Dell 2335dn', 'Samsung ML-4550', 'Xerox Phaser 3200MFP', 'Dell 2355dn', 'Samsung ML-4551N', 'Xerox Phaser 3200MFP/B', 'Dell 5330dn', 'Samsung ML-4551ND', 'Xerox Phaser 3200MFP/N', 'Ricoh Aficio SP 3200SF', 'Samsung ML-4551NDR', 'Xerox Phaser 3250D', 'Ricoh Aficio SP 3300D', 'Samsung ML-5010ND', 'Xerox Phaser 3250DN', 'Ricoh Aficio SP 3300DN', 'Samsung ML-5012ND', 'Xerox Phaser 3300MFP', 'Ricoh Aficio SP 5100N', 'Samsung ML-5015ND', 'Xerox Phaser 3300MFP/X', 'Samsung CLP-300', 'Samsung ML-5017ND', 'Xerox Phaser 3420', 'Samsung CLP-300N', 'Samsung ML-5510N', 'Xerox Phaser 3425', 'Samsung CLP-350N', 'Samsung ML-5510ND', 'Xerox Phaser 3425 PS', 'Samsung CLP-600', 'Samsung ML-5512ND', 'Xerox Phaser 3428D', 'Samsung CLP-600N', 'Samsung ML-5515ND', 'Xerox Phaser 3428DN', 'Samsung CLX-2160', 'Samsung ML-6510ND', 'Xerox Phaser 3435DN', 'Samsung CLX-2160N', 'Samsung ML-6512ND', 'Xerox Phaser 3450', 'Samsung CLX-3160FN', 'Samsung ML-6515ND', 'Xerox Phaser 3450B', 'Samsung CLX-3160N', 'Samsung MultiXpress 8380ND', 'Xerox Phaser 3450D', 'Samsung CLX-8380ND', 'Samsung MultiXpress 8385ND', 'Xerox Phaser 3450DN', 'Samsung CLX-8385ND', 'Samsung MultiXpress CLX-9250ND', 'Xerox Phaser 3500', 'Samsung ML-2510', 'Samsung MultiXpress CLX-9350ND', 'Xerox Phaser 3500B', 'Samsung ML-2550', 'Samsung MultiXpress SCX-6545N', 'Xerox Phaser 3500DN', 'Samsung ML-2551N', 'Samsung MultiXpress SCX-6555N', 'Xerox Phaser 3500N', 'Samsung ML-2552W', 'Samsung SCX-4725F', 'Xerox Phaser 3635MFP', 'Samsung ML-2570', 'Samsung SCX-4725FN', 'Xerox Phaser 3635MFP/S', 'Samsung ML-2571N', 'Samsung SCX-4824FN', 'Xerox Phaser 3635MFP/X', 'Samsung ML-2850D', 'Samsung SCX-4825FN', 'Xerox Phaser 4600DN', 'Samsung ML-2850N', 'Samsung SCX-4828FN', 'Xerox Phaser 4600DT', 'Samsung ML-2851DK', 'Samsung SCX-5330N', 'Xerox Phaser 4600N', 'Samsung ML-2851ND', 'Samsung SCX-5530FN', 'Xerox Phaser 4620DN', 'Samsung ML-2855ND', 'Samsung SCX-5530N', 'Xerox Phaser 4620DT', 'Samsung ML-3050', 'Samsung SCX-5635FN', 'Xerox Phaser 6110', 'Samsung ML-3051N', 'Samsung SCX-5835FN', 'Xerox Phaser 6110MFP/B', 'Samsung ML-3051ND', 'Samsung SCX-5935FN', 'Xerox Phaser 6110MFP/S', 'Samsung ML-3470D', 'Samsung SCX-6122FN', 'Xerox Phaser 6110MFP/X', 'Samsung ML-3471ND', 'Samsung SCX-6322DN', 'Xerox Phaser 6110N', 'Samsung ML-3560', 'Samsung SCX-6322DNG', 'Xerox WorkCentre 3210', 'Samsung ML-3561N', 'Samsung SCX-6345N', 'Xerox WorkCentre 3210N', 'Samsung ML-3561ND', 'Samsung SCX-6345NJ', 'Xerox WorkCentre 3220', 'Samsung ML-4050', 'Samsung SCX-6545N', 'Xerox WorkCentre 3220DN', 'Samsung ML-4050N', 'Samsung SCX-6555N', 'Xerox WorkCentre 3550', 'Samsung ML-4050ND', 'Xerox Phaser 3124', 'Xerox WorkCentre 3550X', 'Samsung ML-4510ND', 'Xerox Phaser 3125'];
Детали корпуса;003N01018;"003N01018 - Петля модуля сканера (правая*)
* для Xerox Phaser 3300MFP одинаковые";['Samsung SCX-4216F', 'Xerox Phaser 3300MFP', 'Samsung CLX-3160FN', 'Samsung SCX-4520', 'Xerox Phaser 3300MFP/X', 'Samsung CLX-3160N', 'Samsung SCX-4720F', 'Xerox Phaser 3635MFP', 'Samsung CLX-6200FX', 'Samsung SCX-4720FN', 'Xerox Phaser 3635MFP/S', 'Samsung CLX-6200ND', 'Samsung SCX-4824FN', 'Xerox Phaser 3635MFP/X', 'Samsung CLX-6210FX', 'Samsung SCX-4825FN', 'Xerox Phaser 6110MFP/B', 'Samsung CLX-6220FX', 'Samsung SCX-4826FN', 'Xerox Phaser 6110MFP/S', 'Samsung CLX-6240FX', 'Samsung SCX-4828FN', 'Xerox Phaser 6110MFP/X', 'Samsung CLX-6250FX', 'Samsung SCX-4833FD', 'Xerox WorkCentre 3210', 'Samsung CLX-6260FD', 'Samsung SCX-4833FR', 'Xerox WorkCentre 3210N', 'Samsung CLX-6260FR', 'Samsung SCX-4835FR', 'Xerox WorkCentre 3220', 'Samsung CLX-6260FW', 'Samsung SCX-5530FN', 'Xerox WorkCentre 3220DN', 'Samsung CLX-6260ND', 'Samsung SCX-5530N', 'Xerox WorkCentre 3325', 'Samsung ProXpress C2670FW', 'Samsung SCX-5635FN', 'Xerox WorkCentre 3325DNI', 'Samsung ProXpress C3060FR', 'Samsung SCX-5637FR', 'Xerox WorkCentre PE120', 'Samsung ProXpress M3870FD', 'Samsung SCX-5639FR', 'Xerox WorkCentre PE120i', 'Samsung ProXpress M3870FW', 'Samsung SCX-5737FW', 'Xerox WorkCentre PE16', 'Samsung ProXpress M4070FR', 'Samsung SCX-5739FW', 'Xerox WorkCentre PE16e', 'Samsung SCX-4016', 'Samsung SCX-5835FN', 'Samsung SCX-4116', 'Samsung SCX-5935FN'];E:\Projects\PycharmProjects\parser_profit\images\xerox\003N01018.jpg
Детали корпуса;003N00888;Xerox | 003N00888 - Петля модуля сканера (1 шт. / в аппарате 2 шт.);['Samsung SCX-4216F', 'Xerox Phaser 3300MFP', 'Samsung CLX-3160FN', 'Samsung SCX-4520', 'Xerox Phaser 3300MFP/X', 'Samsung CLX-3160N', 'Samsung SCX-4720F', 'Xerox Phaser 3635MFP', 'Samsung CLX-6200FX', 'Samsung SCX-4720FN', 'Xerox Phaser 3635MFP/S', 'Samsung CLX-6200ND', 'Samsung SCX-4824FN', 'Xerox Phaser 3635MFP/X', 'Samsung CLX-6210FX', 'Samsung SCX-4825FN', 'Xerox Phaser 6110MFP/B', 'Samsung CLX-6220FX', 'Samsung SCX-4826FN', 'Xerox Phaser 6110MFP/S', 'Samsung CLX-6240FX', 'Samsung SCX-4828FN', 'Xerox Phaser 6110MFP/X', 'Samsung CLX-6250FX', 'Samsung SCX-4833FD', 'Xerox WorkCentre 3210', 'Samsung CLX-6260FD', 'Samsung SCX-4833FR', 'Xerox WorkCentre 3210N', 'Samsung CLX-6260FR', 'Samsung SCX-4835FR', 'Xerox WorkCentre 3220', 'Samsung CLX-6260FW', 'Samsung SCX-5530FN', 'Xerox WorkCentre 3220DN', 'Samsung CLX-6260ND', 'Samsung SCX-5530N', 'Xerox WorkCentre 3325', 'Samsung ProXpress C2670FW', 'Samsung SCX-5635FN', 'Xerox WorkCentre 3325DNI', 'Samsung ProXpress C3060FR', 'Samsung SCX-5637FR', 'Xerox WorkCentre PE120', 'Samsung ProXpress M3870FD', 'Samsung SCX-5639FR', 'Xerox WorkCentre PE120i', 'Samsung ProXpress M3870FW', 'Samsung SCX-5737FW', 'Xerox WorkCentre PE16', 'Samsung ProXpress M4070FR', 'Samsung SCX-5739FW', 'Xerox WorkCentre PE16e', 'Samsung SCX-4016', 'Samsung SCX-5835FN', 'Samsung SCX-4116', 'Samsung SCX-5935FN', 'Dell 1600n', 'Samsung SCX-4216F', 'Xerox Phaser 3300MFP', 'Samsung CLX-3160FN', 'Samsung SCX-4520', 'Xerox Phaser 3300MFP/X', 'Samsung CLX-3160N', 'Samsung SCX-4720F', 'Xerox Phaser 3635MFP', 'Samsung CLX-6200FX', 'Samsung SCX-4720FN', 'Xerox Phaser 3635MFP/S', 'Samsung CLX-6200ND', 'Samsung SCX-4824FN', 'Xerox Phaser 3635MFP/X', 'Samsung CLX-6210FX', 'Samsung SCX-4825FN', 'Xerox Phaser 6110MFP/B', 'Samsung CLX-6220FX', 'Samsung SCX-4826FN', 'Xerox Phaser 6110MFP/S', 'Samsung CLX-6240FX', 'Samsung SCX-4828FN', 'Xerox Phaser 6110MFP/X', 'Samsung CLX-6250FX', 'Samsung SCX-4833FD', 'Xerox WorkCentre 3210', 'Samsung CLX-6260FD', 'Samsung SCX-4833FR', 'Xerox WorkCentre 3210N', 'Samsung CLX-6260FR', 'Samsung SCX-4835FR', 'Xerox WorkCentre 3220', 'Samsung CLX-6260FW', 'Samsung SCX-5530FN', 'Xerox WorkCentre 3220DN', 'Samsung CLX-6260ND', 'Samsung SCX-5530N', 'Xerox WorkCentre 3325', 'Samsung ProXpress C2670FW', 'Samsung SCX-5635FN', 'Xerox WorkCentre 3325DNI', 'Samsung ProXpress C3060FR', 'Samsung SCX-5637FR', 'Xerox WorkCentre PE120', 'Samsung ProXpress M3870FD', 'Samsung SCX-5639FR', 'Xerox WorkCentre PE120i', 'Samsung ProXpress M3870FW', 'Samsung SCX-5737FW', 'Xerox WorkCentre PE16', 'Samsung ProXpress M4070FR', 'Samsung SCX-5739FW', 'Xerox WorkCentre PE16e', 'Samsung SCX-4016', 'Samsung SCX-5835FN', 'Samsung SCX-4116', 'Samsung SCX-5935FN', 'Dell 1600n', 'Samsung SCX-4216F', 'Xerox Phaser 3300MFP', 'Samsung CLX-3160FN', 'Samsung SCX-4520', 'Xerox Phaser 3300MFP/X', 'Samsung CLX-3160N', 'Samsung SCX-4720F', 'Xerox Phaser 3635MFP', 'Samsung CLX-6200FX', 'Samsung SCX-4720FN', 'Xerox Phaser 3635MFP/S', 'Samsung CLX-6200ND', 'Samsung SCX-4824FN', 'Xerox Phaser 3635MFP/X', 'Samsung CLX-6210FX', 'Samsung SCX-4825FN', 'Xerox Phaser 6110MFP/B', 'Samsung CLX-6220FX', 'Samsung SCX-4826FN', 'Xerox Phaser 6110MFP/S', 'Samsung CLX-6240FX', 'Samsung SCX-4828FN', 'Xerox Phaser 6110MFP/X', 'Samsung CLX-6250FX', 'Samsung SCX-4833FD', 'Xerox WorkCentre 3210', 'Samsung CLX-6260FD', 'Samsung SCX-4833FR', 'Xerox WorkCentre 3210N', 'Samsung CLX-6260FR', 'Samsung SCX-4835FR', 'Xerox WorkCentre 3220', 'Samsung CLX-6260FW', 'Samsung SCX-5530FN', 'Xerox WorkCentre 3220DN', 'Samsung CLX-6260ND', 'Samsung SCX-5530N', 'Xerox WorkCentre 3325', 'Samsung ProXpress C2670FW', 'Samsung SCX-5635FN', 'Xerox WorkCentre 3325DNI', 'Samsung ProXpress C3060FR', 'Samsung SCX-5637FR', 'Xerox WorkCentre PE120', 'Samsung ProXpress M3870FD', 'Samsung SCX-5639FR', 'Xerox WorkCentre PE120i', 'Samsung ProXpress M3870FW', 'Samsung SCX-5737FW', 'Xerox WorkCentre PE16', 'Samsung ProXpress M4070FR', 'Samsung SCX-5739FW', 'Xerox WorkCentre PE16e', 'Samsung SCX-4016', 'Samsung SCX-5835FN', 'Samsung SCX-4116', 'Samsung SCX-5935FN', 'Dell 1600n', 'Samsung SCX-4216F', 'Xerox Phaser 3300MFP', 'Samsung CLX-3160FN', 'Samsung SCX-4520', 'Xerox Phaser 3300MFP/X', 'Samsung CLX-3160N', 'Samsung SCX-4720F', 'Xerox Phaser 3635MFP', 'Samsung CLX-6200FX', 'Samsung SCX-4720FN', 'Xerox Phaser 3635MFP/S', 'Samsung CLX-6200ND', 'Samsung SCX-4824FN', 'Xerox Phaser 3635MFP/X', 'Samsung CLX-6210FX', 'Samsung SCX-4825FN', 'Xerox Phaser 6110MFP/B', 'Samsung CLX-6220FX', 'Samsung SCX-4826FN', 'Xerox Phaser 6110MFP/S', 'Samsung CLX-6240FX', 'Samsung SCX-4828FN', 'Xerox Phaser 6110MFP/X', 'Samsung CLX-6250FX', 'Samsung SCX-4833FD', 'Xerox WorkCentre 3210', 'Samsung CLX-6260FD', 'Samsung SCX-4833FR', 'Xerox WorkCentre 3210N', 'Samsung CLX-6260FR', 'Samsung SCX-4835FR', 'Xerox WorkCentre 3220', 'Samsung CLX-6260FW', 'Samsung SCX-5530FN', 'Xerox WorkCentre 3220DN', 'Samsung CLX-6260ND', 'Samsung SCX-5530N', 'Xerox WorkCentre 3325', 'Samsung ProXpress C2670FW', 'Samsung SCX-5635FN', 'Xerox WorkCentre 3325DNI', 'Samsung ProXpress C3060FR', 'Samsung SCX-5637FR', 'Xerox WorkCentre PE120', 'Samsung ProXpress M3870FD', 'Samsung SCX-5639FR', 'Xerox WorkCentre PE120i', 'Samsung ProXpress M3870FW', 'Samsung SCX-5737FW', 'Xerox WorkCentre PE16', 'Samsung ProXpress M4070FR', 'Samsung SCX-5739FW', 'Xerox WorkCentre PE16e', 'Samsung SCX-4016', 'Samsung SCX-5835FN', 'Samsung SCX-4116', 'Samsung SCX-5935FN', 'Dell 1600n', 'Samsung SCX-4216F', 'Xerox Phaser 3300MFP', 'Samsung CLX-3160FN', 'Samsung SCX-4520', 'Xerox Phaser 3300MFP/X', 'Samsung CLX-3160N', 'Samsung SCX-4720F', 'Xerox Phaser 3635MFP', 'Samsung CLX-6200FX', 'Samsung SCX-4720FN', 'Xerox Phaser 3635MFP/S', 'Samsung CLX-6200ND', 'Samsung SCX-4824FN', 'Xerox Phaser 3635MFP/X', 'Samsung CLX-6210FX', 'Samsung SCX-4825FN', 'Xerox Phaser 6110MFP/B', 'Samsung CLX-6220FX', 'Samsung SCX-4826FN', 'Xerox Phaser 6110MFP/S', 'Samsung CLX-6240FX', 'Samsung SCX-4828FN', 'Xerox Phaser 6110MFP/X', 'Samsung CLX-6250FX', 'Samsung SCX-4833FD', 'Xerox WorkCentre 3210', 'Samsung CLX-6260FD', 'Samsung SCX-4833FR', 'Xerox WorkCentre 3210N', 'Samsung CLX-6260FR', 'Samsung SCX-4835FR', 'Xerox WorkCentre 3220', 'Samsung CLX-6260FW', 'Samsung SCX-5530FN', 'Xerox WorkCentre 3220DN', 'Samsung CLX-6260ND', 'Samsung SCX-5530N', 'Xerox WorkCentre 3325', 'Samsung ProXpress C2670FW', 'Samsung SCX-5635FN', 'Xerox WorkCentre 3325DNI', 'Samsung ProXpress C3060FR', 'Samsung SCX-5637FR', 'Xerox WorkCentre PE120', 'Samsung ProXpress M3870FD', 'Samsung SCX-5639FR', 'Xerox WorkCentre PE120i', 'Samsung ProXpress M3870FW', 'Samsung SCX-5737FW', 'Xerox WorkCentre PE16', 'Samsung ProXpress M4070FR', 'Samsung SCX-5739FW', 'Xerox WorkCentre PE16e', 'Samsung SCX-4016', 'Samsung SCX-5835FN', 'Samsung SCX-4116', 'Samsung SCX-5935FN', 'Dell 1600n', 'Samsung SCX-4216F', 'Samsung SCX-5935FN', 'Samsung CLX-3160FN', 'Samsung SCX-4520', 'Xerox Phaser 3300MFP', 'Samsung CLX-3160N', 'Samsung SCX-4720F', 'Xerox Phaser 3300MFP/X', 'Samsung CLX-6200FX', 'Samsung SCX-4720FN', 'Xerox Phaser 3635MFP', 'Samsung CLX-6200ND', 'Samsung SCX-4824FN', 'Xerox Phaser 3635MFP/S', 'Samsung CLX-6210FX', 'Samsung SCX-4825FN', 'Xerox Phaser 3635MFP/X', 'Samsung CLX-6220FX', 'Samsung SCX-4826FN', 'Xerox Phaser 6110MFP/B', 'Samsung CLX-6240FX', 'Samsung SCX-4828FN', 'Xerox Phaser 6110MFP/S', 'Samsung CLX-6250FX', 'Samsung SCX-4833FD', 'Xerox Phaser 6110MFP/X', 'Samsung CLX-6260FD', 'Samsung SCX-4833FR', 'Xerox WorkCentre 3210', 'Samsung CLX-6260FR', 'Samsung SCX-4835FR', 'Xerox WorkCentre 3210N', 'Samsung CLX-6260FW', 'Samsung SCX-5530FN', 'Xerox WorkCentre 3220', 'Samsung CLX-6260ND', 'Samsung SCX-5530N', 'Xerox WorkCentre 3220DN', 'Samsung ProXpress C2670FW', 'Samsung SCX-5635FN', 'Xerox WorkCentre 3325', 'Samsung ProXpress C3060FR', 'Samsung SCX-5637FR', 'Xerox WorkCentre 3325DNI', 'Samsung ProXpress M3870FW', 'Samsung SCX-5639FR', 'Xerox WorkCentre PE120', 'Samsung ProXpress M4070FR', 'Samsung SCX-5737FW', 'Xerox WorkCentre PE120i', 'Samsung SCX-4016', 'Samsung SCX-5739FW', 'Xerox WorkCentre PE16', 'Samsung SCX-4116', 'Samsung SCX-5835FN', 'Xerox WorkCentre PE16e'];
Детали корпуса;057N00156;057N00156 - Стекло планшетного сканера;['Samsung SCX-3405FW', 'Samsung Xpress C460FW', 'Samsung CLX-2160N', 'Samsung SCX-3405W', 'Samsung Xpress C460W', 'Samsung CLX-3160FN', 'Samsung SCX-4100', 'Samsung Xpress M2070', 'Samsung CLX-3160N', 'Samsung SCX-4200', 'Samsung Xpress M2070F', 'Samsung CLX-3185', 'Samsung SCX-4200R', 'Samsung Xpress M2070FW', 'Samsung CLX-3185FN', 'Samsung SCX-4220', 'Samsung Xpress M2070W', 'Samsung CLX-3185FW', 'Samsung SCX-4300', 'Xerox Phaser 3300MFP/X', 'Samsung CLX-3185N', 'Samsung SCX-4321', 'Xerox Phaser 6110MFP/B', 'Samsung CLX-3185W', 'Samsung SCX-4500', 'Xerox Phaser 6110MFP/S', 'Samsung CLX-3300', 'Samsung SCX-4500W', 'Xerox Phaser 6110MFP/X', 'Samsung CLX-3305', 'Samsung SCX-4521F', 'Xerox WorkCentre 3119', 'Samsung CLX-3305FN', 'Samsung SCX-4725F', 'Xerox WorkCentre 3210', 'Samsung CLX-3305FW', 'Samsung SCX-4725FN', 'Xerox WorkCentre 3210N', 'Samsung CLX-3305W', 'Samsung SCX-4727FD', 'Xerox WorkCentre 3220', 'Samsung SCX-3200', 'Samsung SCX-4728FD', 'Xerox WorkCentre 3220DN', 'Samsung SCX-3205', 'Samsung SCX-4729FD', 'Xerox WorkCentre PE114e', 'Samsung SCX-3205W', 'Samsung SCX-4729FW', 'Xerox WorkCentre PE120', 'Samsung SCX-3400', 'Samsung SCX-4824FN', 'Xerox WorkCentre PE120i', 'Samsung SCX-3400F', 'Samsung SCX-4825FN', 'Xerox WorkCentre PE16', 'Samsung SCX-3405', 'Samsung SCX-4826FN', 'Xerox WorkCentre PE16e', 'Samsung SCX-3405F', 'Samsung SCX-4828FN'];
Детали корпуса;JB01-00002A;Samsung | JB01-00002A - Стекло планшетного сканера (247 x 356 x 2.85мм / прозрачное);['Samsung SCX-3405FW', 'Samsung Xpress C460FW', 'Samsung CLX-2160N', 'Samsung SCX-3405W', 'Samsung Xpress C460W', 'Samsung CLX-3160FN', 'Samsung SCX-4100', 'Samsung Xpress M2070', 'Samsung CLX-3160N', 'Samsung SCX-4200', 'Samsung Xpress M2070F', 'Samsung CLX-3185', 'Samsung SCX-4200R', 'Samsung Xpress M2070FW', 'Samsung CLX-3185FN', 'Samsung SCX-4220', 'Samsung Xpress M2070W', 'Samsung CLX-3185FW', 'Samsung SCX-4300', 'Xerox Phaser 3300MFP/X', 'Samsung CLX-3185N', 'Samsung SCX-4321', 'Xerox Phaser 6110MFP/B', 'Samsung CLX-3185W', 'Samsung SCX-4500', 'Xerox Phaser 6110MFP/S', 'Samsung CLX-3300', 'Samsung SCX-4500W', 'Xerox Phaser 6110MFP/X', 'Samsung CLX-3305', 'Samsung SCX-4521F', 'Xerox WorkCentre 3119', 'Samsung CLX-3305FN', 'Samsung SCX-4725F', 'Xerox WorkCentre 3210', 'Samsung CLX-3305FW', 'Samsung SCX-4725FN', 'Xerox WorkCentre 3210N', 'Samsung CLX-3305W', 'Samsung SCX-4727FD', 'Xerox WorkCentre 3220', 'Samsung SCX-3200', 'Samsung SCX-4728FD', 'Xerox WorkCentre 3220DN', 'Samsung SCX-3205', 'Samsung SCX-4729FD', 'Xerox WorkCentre PE114e', 'Samsung SCX-3205W', 'Samsung SCX-4729FW', 'Xerox WorkCentre PE120', 'Samsung SCX-3400', 'Samsung SCX-4824FN', 'Xerox WorkCentre PE120i', 'Samsung SCX-3400F', 'Samsung SCX-4825FN', 'Xerox WorkCentre PE16', 'Samsung SCX-3405', 'Samsung SCX-4826FN', 'Xerox WorkCentre PE16e', 'Samsung SCX-3405F', 'Samsung SCX-4828FN'];
