Узел автоматической подачи оригиналов;FC7-6189-000;FC7-6189-000 - Ролик захвата бумаги в автоподатчике документов;['Canon i-SENSYS MF8450', 'Canon imageRUNNER 1133iF', 'Canon Color imageCLASS MF820Cdn', 'Canon i-SENSYS MF8540Cdn', 'Canon imageRUNNER ADVANCE C250i', 'Canon Satera MF8230Cn', 'Canon i-SENSYS MF9130', 'Canon imageRUNNER ADVANCE C250iF', 'Canon Satera MF8450', 'Canon i-SENSYS MF9170', 'Canon imageRUNNER ADVANCE C350i', 'Canon i-SENSYS MF411dw', 'Canon iRC1021i', 'Canon imageRUNNER ADVANCE C350iF', 'Canon i-SENSYS MF416dw', 'Canon iRC1021iF', 'Canon imageRUNNER ADVANCE C351iF', 'Canon i-SENSYS MF418x', 'Canon imageCLASS D1120', 'Canon imageRUNNER C1022', 'Canon i-SENSYS MF419x', 'Canon imageCLASS D1150', 'Canon imageRUNNER C1022i', 'Canon i-SENSYS MF6680dn', 'Canon imageCLASS D1170', 'Canon imageRUNNER C1028i', 'Canon i-SENSYS MF724Cdw', 'Canon imageCLASS D1180', 'Canon imageRUNNER C1028iF', 'Canon i-SENSYS MF728Cdw', 'Canon imageCLASS MF8030Cn', 'Canon imageRUNNER C1225', 'Canon i-SENSYS MF729Cx', 'Canon imageCLASS MF8050Cn', 'Canon imageRUNNER C1225iF', 'Canon i-SENSYS MF8030Cn', 'Canon imageCLASS MF810C', 'Canon imageRUNNER C1325', 'Canon i-SENSYS MF8050Cn', 'Canon imageCLASS MF8350Cdn', 'Canon imageRUNNER C1325iF', 'Canon i-SENSYS MF8230Cn', 'Canon imageCLASS MF8450c', 'Canon imageRUNNER C1335iF', 'Canon i-SENSYS MF8330Cdn', 'Canon imageCLASS MF9170c', 'Canon i-SENSYS MF8350Cdn', 'Canon imageRUNNER 1133A'];E:\Projects\PycharmProjects\parser_profit\images\canon\FC7-6189-000.jpg
Узел автоматической подачи оригиналов;FC7-6297-000;FC7-6297-000 - Площадка (накладка) отделения бумаги из автоподатчика документов;['Canon i-SENSYS MF8330Cdn', 'Canon imageCLASS D1180', 'Canon Satera MF8450', 'Canon i-SENSYS MF8350Cdn', 'Canon imageCLASS MF8030Cn', 'Canon i-SENSYS MF411dw', 'Canon i-SENSYS MF8450', 'Canon imageCLASS MF8050Cn', 'Canon i-SENSYS MF416dw', 'Canon i-SENSYS MF9130', 'Canon imageCLASS MF8350Cdn', 'Canon i-SENSYS MF418x', 'Canon i-SENSYS MF9170', 'Canon imageCLASS MF8450c', 'Canon i-SENSYS MF419x', 'Canon iRC1021i', 'Canon imageCLASS MF9170c', 'Canon i-SENSYS MF6680dn', 'Canon iRC1021iF', 'Canon imageRUNNER 1133A', 'Canon i-SENSYS MF8030Cn', 'Canon imageCLASS D1120', 'Canon imageRUNNER 1133iF', 'Canon i-SENSYS MF8050Cn', 'Canon imageCLASS D1150', 'Canon imageRUNNER C1022', 'Canon i-SENSYS MF8230Cn', 'Canon imageCLASS D1170', 'Canon imageRUNNER C1022i'];E:\Projects\PycharmProjects\parser_profit\images\canon\FC7-6297-000.jpg
Узел автоматической подачи оригиналов;FL2-6637-000;FL2-6637-000 - Ролик подачи бумаги в автоподатчике документов;['Canon i-SENSYS MF9170', 'Canon imageRUNNER ADVANCE C250i', 'Canon Satera MF8450', 'Canon iRC1021i', 'Canon imageRUNNER ADVANCE C250iF', 'Canon i-SENSYS MF411dw', 'Canon iRC1021iF', 'Canon imageRUNNER ADVANCE C350i', 'Canon i-SENSYS MF416dw', 'Canon imageCLASS D1120', 'Canon imageRUNNER ADVANCE C350iF', 'Canon i-SENSYS MF418x', 'Canon imageCLASS D1150', 'Canon imageRUNNER ADVANCE C351iF', 'Canon i-SENSYS MF419x', 'Canon imageCLASS D1170', 'Canon imageRUNNER C1022', 'Canon i-SENSYS MF6680dn', 'Canon imageCLASS D1180', 'Canon imageRUNNER C1022i', 'Canon i-SENSYS MF8030Cn', 'Canon imageCLASS MF8030Cn', 'Canon imageRUNNER C1225', 'Canon i-SENSYS MF8050Cn', 'Canon imageCLASS MF8050Cn', 'Canon imageRUNNER C1225iF', 'Canon i-SENSYS MF8230Cn', 'Canon imageCLASS MF8350Cdn', 'Canon imageRUNNER C1325', 'Canon i-SENSYS MF8330Cdn', 'Canon imageCLASS MF8450c', 'Canon imageRUNNER C1325iF', 'Canon i-SENSYS MF8350Cdn', 'Canon imageCLASS MF9170c', 'Canon imageRUNNER C1335iF', 'Canon i-SENSYS MF8450', 'Canon imageRUNNER 1133A', 'Canon i-SENSYS MF9130', 'Canon imageRUNNER 1133iF'];E:\Projects\PycharmProjects\parser_profit\images\canon\FL2-6637-000.jpg
Узел автоматической подачи оригиналов;FM1-K027-000;FM1-K027-000 - Узел захвата / подачи бумаги в автоподатчике документов, в сборе;['Canon i-SENSYS MF418x', 'Canon i-SENSYS MF416dw', 'Canon i-SENSYS MF419x'];E:\Projects\PycharmProjects\parser_profit\images\canon\FM1-K027-000.jpg
Подача и захват бумаги;FM3-9798-000;FM3-9798-000 - Кассета на 500 листов, в сборе (лоток 2);['Canon imageCLASS D1150', 'Canon imageCLASS D1370', 'Canon i-SENSYS MF418x', 'Canon imageCLASS D1170', 'Canon imageRUNNER 1133', 'Canon i-SENSYS MF419x', 'Canon imageCLASS D1180', 'Canon imageRUNNER 1133A', 'Canon i-SENSYS MF6680dn', 'Canon imageCLASS D1320', 'Canon imageRUNNER 1133iF', 'Canon imageCLASS D1120', 'Canon imageCLASS D1350'];E:\Projects\PycharmProjects\parser_profit\images\canon\FM3-9798-000.jpg
Подача и захват бумаги;RC2-6131-000CN;RC2-6131-000CN - Правый подшипник ролика захвата бумаги из кассеты (лоток 2);['Canon i-SENSYS MF418x', 'HP LaserJet Pro 400 M401dne', 'Canon i-SENSYS LBP252dw', 'Canon i-SENSYS MF419x', 'HP LaserJet Pro 400 M401dw', 'Canon i-SENSYS LBP253x', 'HP LaserJet Pro 400 M401a', 'HP LaserJet Pro 400 M401n', 'Canon i-SENSYS MF411dw', 'HP LaserJet Pro 400 M401d', 'HP LaserJet Pro 400 MFP M425dn', 'Canon i-SENSYS MF416dw', 'HP LaserJet Pro 400 M401dn', 'HP LaserJet Pro 400 MFP M425dw'];
Подача и захват бумаги;RC2-6133-000;RC2-6133-000 - Ось привода ролика захвата бумаги из кассеты (лоток 2);['HP LaserJet P2055', 'HP LaserJet Pro 400 M401dn', 'Canon i-SENSYS MF416dw', 'HP LaserJet P2055d', 'HP LaserJet Pro 400 M401dne', 'Canon i-SENSYS MF418x', 'HP LaserJet P2055dn', 'HP LaserJet Pro 400 M401dw', 'Canon i-SENSYS MF419x', 'HP LaserJet P2055x', 'HP LaserJet Pro 400 M401n', 'HP LaserJet P2035', 'HP LaserJet Pro 400 M401a', 'HP LaserJet Pro 400 MFP M425dn', 'HP LaserJet P2035n', 'HP LaserJet Pro 400 M401d', 'HP LaserJet Pro 400 MFP M425dw'];E:\Projects\PycharmProjects\parser_profit\images\canon\RC2-6133-000.jpg
Подача и захват бумаги;RC2-8263-000CN;RC2-8263-000CN - Левый подшипник ролика захвата бумаги из кассеты (лоток 2);['Canon i-SENSYS MF418x', 'HP LaserJet Pro 400 M401dne', 'Canon i-SENSYS LBP252dw', 'Canon i-SENSYS MF419x', 'HP LaserJet Pro 400 M401dw', 'Canon i-SENSYS LBP253x', 'HP LaserJet Pro 400 M401a', 'HP LaserJet Pro 400 M401n', 'Canon i-SENSYS MF411dw', 'HP LaserJet Pro 400 M401d', 'HP LaserJet Pro 400 MFP M425dn', 'Canon i-SENSYS MF416dw', 'HP LaserJet Pro 400 M401dn', 'HP LaserJet Pro 400 MFP M425dw'];
Подача и захват бумаги;RK2-2729-000;RK2-2729-000 - Соленоид узла захвата бумаги из кассеты (лоток 2);['Canon i-SENSYS MF6680dn', 'HP LaserJet P2055', 'Canon LASER SHOT LBP6650dn', 'Canon imageCLASS D1120', 'HP LaserJet P2055d', 'Canon Satera LBP6300', 'Canon imageCLASS D1150', 'HP LaserJet P2055dn', 'Canon i-SENSYS LBP251dw', 'Canon imageCLASS D1170', 'HP LaserJet P2055x', 'Canon i-SENSYS LBP252dw', 'Canon imageCLASS D1180', 'HP LaserJet Pro 400 M401a', 'Canon i-SENSYS LBP253x', 'Canon imageCLASS LBP6300dn', 'HP LaserJet Pro 400 M401d', 'Canon i-SENSYS LBP6300dn', 'Canon imageCLASS LBP6650dn', 'HP LaserJet Pro 400 M401dn', 'Canon i-SENSYS LBP6650dn', 'Canon imageCLASS LBP6670dn', 'HP LaserJet Pro 400 M401dne', 'Canon i-SENSYS LBP6670dn', 'Canon imageCLASS LBP6680x', 'HP LaserJet Pro 400 M401dw', 'Canon i-SENSYS LBP6680x', 'Canon imageRUNNER 1133', 'HP LaserJet Pro 400 M401n', 'Canon i-SENSYS MF411dw', 'Canon imageRUNNER 1133A', 'HP LaserJet Pro 400 MFP M425dn', 'Canon i-SENSYS MF416dw', 'Canon imageRUNNER 1133iF', 'HP LaserJet Pro 400 MFP M425dw', 'Canon i-SENSYS MF418x', 'HP LaserJet P2035', 'Canon i-SENSYS MF419x', 'HP LaserJet P2035n'];E:\Projects\PycharmProjects\parser_profit\images\canon\RK2-2729-000.jpg
Подача и захват бумаги;RK2-2731-000CN;RK2-2731-000CN - Соленоид узла захвата бумаги из лотка ручной подачи (лоток 1);['Canon i-SENSYS MF6680dn', 'HP LaserJet P2035n', 'Canon LASER SHOT LBP6650dn', 'Canon imageCLASS D1120', 'HP LaserJet P2055', 'Canon i-SENSYS LBP251dw', 'Canon imageCLASS D1150', 'HP LaserJet P2055d', 'Canon i-SENSYS LBP252dw', 'Canon imageCLASS D1170', 'HP LaserJet P2055dn', 'Canon i-SENSYS LBP253x', 'Canon imageCLASS D1180', 'HP LaserJet P2055x', 'Canon i-SENSYS LBP6300dn', 'Canon imageCLASS LBP6300dn', 'HP LaserJet Pro 400 M401a', 'Canon i-SENSYS LBP6650dn', 'Canon imageCLASS LBP6650dn', 'HP LaserJet Pro 400 M401d', 'Canon i-SENSYS LBP6670dn', 'Canon imageCLASS LBP6670dn', 'HP LaserJet Pro 400 M401dn', 'Canon i-SENSYS LBP6680x', 'Canon imageCLASS LBP6680x', 'HP LaserJet Pro 400 M401dw', 'Canon i-SENSYS MF411dw', 'Canon imageRUNNER 1133', 'HP LaserJet Pro 400 M401n', 'Canon i-SENSYS MF416dw', 'Canon imageRUNNER 1133A', 'HP LaserJet Pro 400 MFP M425dn', 'Canon i-SENSYS MF418x', 'Canon imageRUNNER 1133iF', 'HP LaserJet Pro 400 MFP M425dw', 'Canon i-SENSYS MF419x', 'HP LaserJet P2035'];E:\Projects\PycharmProjects\parser_profit\images\canon\RK2-2731-000CN.jpg
Подача и захват бумаги;RK2-2733-000CN;RK2-2733-000CN - Соленоид узла двухсторонней печати;['Canon i-SENSYS MF418x', 'HP LaserJet P2055d', 'Canon i-SENSYS LBP251dw', 'Canon i-SENSYS MF419x', 'HP LaserJet P2055dn', 'Canon i-SENSYS LBP252dw', 'Canon i-SENSYS MF6680dn', 'HP LaserJet P2055x', 'Canon i-SENSYS LBP253x', 'Canon imageCLASS LBP6300dn', 'HP LaserJet Pro 400 M401d', 'Canon i-SENSYS LBP6300dn', 'Canon imageCLASS LBP6650dn', 'HP LaserJet Pro 400 M401dn', 'Canon i-SENSYS LBP6650dn', 'Canon imageCLASS LBP6670dn', 'HP LaserJet Pro 400 M401dne', 'Canon i-SENSYS LBP6670dn', 'Canon imageCLASS LBP6680x', 'HP LaserJet Pro 400 M401dw', 'Canon i-SENSYS LBP6680x', 'Canon imageRUNNER 1133', 'HP LaserJet Pro 400 MFP M425dn', 'Canon i-SENSYS MF411dw', 'Canon imageRUNNER 1133A', 'HP LaserJet Pro 400 MFP M425dw', 'Canon i-SENSYS MF416dw', 'Canon imageRUNNER 1133iF'];E:\Projects\PycharmProjects\parser_profit\images\canon\RK2-2733-000CN.jpg
Подача и захват бумаги;RL1-2115-000CN;RL1-2115-000CN - Площадка отделения бумаги из лотка ручной подачи (лоток 1);['Canon i-SENSYS MF6680dn', 'HP LaserJet P2035n', 'Canon LASER SHOT LBP6650dn', 'Canon imageCLASS D1120', 'HP LaserJet P2055d', 'Canon i-SENSYS LBP251dw', 'Canon imageCLASS D1150', 'HP LaserJet P2055dn', 'Canon i-SENSYS LBP252dw', 'Canon imageCLASS D1170', 'HP LaserJet P2055x', 'Canon i-SENSYS LBP253x', 'Canon imageCLASS D1180', 'HP LaserJet Pro 400 M401a', 'Canon i-SENSYS LBP6300dn', 'Canon imageCLASS LBP6300dn', 'HP LaserJet Pro 400 M401d', 'Canon i-SENSYS LBP6650dn', 'Canon imageCLASS LBP6650dn', 'HP LaserJet Pro 400 M401dn', 'Canon i-SENSYS LBP6670dn', 'Canon imageCLASS LBP6670dn', 'HP LaserJet Pro 400 M401dw', 'Canon i-SENSYS LBP6680x', 'Canon imageCLASS LBP6680x', 'HP LaserJet Pro 400 M401n', 'Canon i-SENSYS MF411dw', 'Canon imageRUNNER 1133', 'HP LaserJet Pro 400 MFP M425dn', 'Canon i-SENSYS MF416dw', 'Canon imageRUNNER 1133A', 'HP LaserJet Pro 400 MFP M425dw', 'Canon i-SENSYS MF418x', 'Canon imageRUNNER 1133iF', 'Canon i-SENSYS MF419x', 'HP LaserJet P2035'];E:\Projects\PycharmProjects\parser_profit\images\canon\RL1-2115-000CN.jpg
Подача и захват бумаги;RL1-2115-000CN;CN | RL1-2115-000CN - Площадка отделения бумаги из лотка ручной подачи (лоток 1);['Canon i-SENSYS MF6680dn', 'HP LaserJet P2035n', 'Canon LASER SHOT LBP6650dn', 'Canon imageCLASS D1120', 'HP LaserJet P2055d', 'Canon i-SENSYS LBP251dw', 'Canon imageCLASS D1150', 'HP LaserJet P2055dn', 'Canon i-SENSYS LBP252dw', 'Canon imageCLASS D1170', 'HP LaserJet P2055x', 'Canon i-SENSYS LBP253x', 'Canon imageCLASS D1180', 'HP LaserJet Pro 400 M401a', 'Canon i-SENSYS LBP6300dn', 'Canon imageCLASS LBP6300dn', 'HP LaserJet Pro 400 M401d', 'Canon i-SENSYS LBP6650dn', 'Canon imageCLASS LBP6650dn', 'HP LaserJet Pro 400 M401dn', 'Canon i-SENSYS LBP6670dn', 'Canon imageCLASS LBP6670dn', 'HP LaserJet Pro 400 M401dw', 'Canon i-SENSYS LBP6680x', 'Canon imageCLASS LBP6680x', 'HP LaserJet Pro 400 M401n', 'Canon i-SENSYS MF411dw', 'Canon imageRUNNER 1133', 'HP LaserJet Pro 400 MFP M425dn', 'Canon i-SENSYS MF416dw', 'Canon imageRUNNER 1133A', 'HP LaserJet Pro 400 MFP M425dw', 'Canon i-SENSYS MF418x', 'Canon imageRUNNER 1133iF', 'Canon i-SENSYS MF419x', 'HP LaserJet P2035'];E:\Projects\PycharmProjects\parser_profit\images\canon\RL1-2115-000CN.jpg
Подача и захват бумаги;RL1-2120-000CN;RL1-2120-000CN - Ролик захвата бумаги из лотка ручной подачи (лоток 1);['Canon i-SENSYS MF6680dn', 'HP LaserJet P2035n', 'Canon LASER SHOT LBP6650dn', 'Canon imageCLASS D1120', 'HP LaserJet P2055', 'Canon i-SENSYS LBP251dw', 'Canon imageCLASS D1150', 'HP LaserJet P2055d', 'Canon i-SENSYS LBP252dw', 'Canon imageCLASS D1170', 'HP LaserJet P2055dn', 'Canon i-SENSYS LBP253x', 'Canon imageCLASS D1180', 'HP LaserJet P2055x', 'Canon i-SENSYS LBP6300dn', 'Canon imageCLASS LBP6300dn', 'HP LaserJet Pro 400 M401a', 'Canon i-SENSYS LBP6650dn', 'Canon imageCLASS LBP6650dn', 'HP LaserJet Pro 400 M401d', 'Canon i-SENSYS LBP6670dn', 'Canon imageCLASS LBP6670dn', 'HP LaserJet Pro 400 M401dn', 'Canon i-SENSYS LBP6680x', 'Canon imageCLASS LBP6680x', 'HP LaserJet Pro 400 M401dw', 'Canon i-SENSYS MF411dw', 'Canon imageRUNNER 1133', 'HP LaserJet Pro 400 M401n', 'Canon i-SENSYS MF416dw', 'Canon imageRUNNER 1133A', 'HP LaserJet Pro 400 MFP M425dn', 'Canon i-SENSYS MF418x', 'Canon imageRUNNER 1133iF', 'HP LaserJet Pro 400 MFP M425dw', 'Canon i-SENSYS MF419x', 'HP LaserJet P2035'];E:\Projects\PycharmProjects\parser_profit\images\canon\RL1-2120-000CN.jpg
Подача и захват бумаги;RL1-2120-000CN;CN | RL1-2120-000CN - Ролик захвата бумаги из лотка ручной подачи (лоток 1);['Canon i-SENSYS MF6680dn', 'HP LaserJet P2035n', 'Canon LASER SHOT LBP6650dn', 'Canon imageCLASS D1120', 'HP LaserJet P2055', 'Canon i-SENSYS LBP251dw', 'Canon imageCLASS D1150', 'HP LaserJet P2055d', 'Canon i-SENSYS LBP252dw', 'Canon imageCLASS D1170', 'HP LaserJet P2055dn', 'Canon i-SENSYS LBP253x', 'Canon imageCLASS D1180', 'HP LaserJet P2055x', 'Canon i-SENSYS LBP6300dn', 'Canon imageCLASS LBP6300dn', 'HP LaserJet Pro 400 M401a', 'Canon i-SENSYS LBP6650dn', 'Canon imageCLASS LBP6650dn', 'HP LaserJet Pro 400 M401d', 'Canon i-SENSYS LBP6670dn', 'Canon imageCLASS LBP6670dn', 'HP LaserJet Pro 400 M401dn', 'Canon i-SENSYS LBP6680x', 'Canon imageCLASS LBP6680x', 'HP LaserJet Pro 400 M401dw', 'Canon i-SENSYS MF411dw', 'Canon imageRUNNER 1133', 'HP LaserJet Pro 400 M401n', 'Canon i-SENSYS MF416dw', 'Canon imageRUNNER 1133A', 'HP LaserJet Pro 400 MFP M425dn', 'Canon i-SENSYS MF418x', 'Canon imageRUNNER 1133iF', 'HP LaserJet Pro 400 MFP M425dw', 'Canon i-SENSYS MF419x', 'HP LaserJet P2035', 'Canon LASER SHOT LBP6300', 'Canon imageCLASS D1170', 'HP LaserJet P2055d', 'Canon LASER SHOT LBP6650dn', 'Canon imageCLASS D1180', 'HP LaserJet P2055dn', 'Canon i-SENSYS LBP251dw', 'Canon imageCLASS LBP6300dn', 'HP LaserJet P2055x', 'Canon i-SENSYS LBP252dw', 'Canon imageCLASS LBP6650dn', 'HP LaserJet Pro 400 M401a', 'Canon i-SENSYS LBP253x', 'Canon imageCLASS LBP6670dn', 'HP LaserJet Pro 400 M401d', 'Canon i-SENSYS LBP6300dn', 'Canon imageCLASS LBP6680x', 'HP LaserJet Pro 400 M401dn', 'Canon i-SENSYS LBP6650dn', 'Canon imageRUNNER 1133', 'HP LaserJet Pro 400 M401dw', 'Canon i-SENSYS LBP6670dn', 'Canon imageRUNNER 1133A', 'HP LaserJet Pro 400 M401n', 'Canon i-SENSYS LBP6680x', 'Canon imageRUNNER 1133iF', 'HP LaserJet Pro 400 MFP M425dn', 'Canon i-SENSYS MF6680dn', 'HP LaserJet P2035', 'HP LaserJet Pro 400 MFP M425dw', 'Canon imageCLASS D1120', 'HP LaserJet P2035n', 'Canon imageCLASS D1150', 'HP LaserJet P2055'];E:\Projects\PycharmProjects\parser_profit\images\canon\RL1-2120-000CN.jpg
Подача и захват бумаги;RM1-1301-000CN;RM1-1301-000CN - Шестерня (в сборе) привода оси узла захвата из кассеты на 250 листов (лоток 2);['Canon i-SENSYS MF416dw', 'HP LaserJet 1320t', 'Canon LASER SHOT LBP3310', 'Canon i-SENSYS MF418x', 'HP LaserJet 1320tn', 'Canon LASER SHOT LBP3360', 'Canon i-SENSYS MF419x', 'HP LaserJet 3390', 'Canon LASER SHOT LBP3370', 'Canon i-SENSYS MF6680dn', 'HP LaserJet 3392', 'Canon LASER SHOT LBP6300', 'Canon imageCLASS D1120', 'HP LaserJet M2727nf', 'Canon LASER SHOT LBP6650dn', 'Canon imageCLASS D1150', 'HP LaserJet M2727nfs', 'Canon Satera LBP3300', 'Canon imageCLASS D1170', 'HP LaserJet P2014', 'Canon Satera LBP3310', 'Canon imageCLASS D1180', 'HP LaserJet P2014n', 'Canon i-SENSYS LBP251dw', 'Canon imageCLASS LBP6300dn', 'HP LaserJet P2015', 'Canon i-SENSYS LBP252dw', 'Canon imageCLASS LBP6650dn', 'HP LaserJet P2015d', 'Canon i-SENSYS LBP253x', 'Canon imageCLASS LBP6670dn', 'HP LaserJet P2015dn', 'Canon i-SENSYS LBP3300', 'Canon imageCLASS LBP6680x', 'HP LaserJet P2015n', 'Canon i-SENSYS LBP3310', 'Canon imageRUNNER 1133', 'HP LaserJet P2015x', 'Canon i-SENSYS LBP3360', 'Canon imageRUNNER 1133A', 'HP LaserJet P2035', 'Canon i-SENSYS LBP3370', 'Canon imageRUNNER 1133iF', 'HP LaserJet P2035n', 'Canon i-SENSYS LBP6300dn', 'HP LaserJet 1160', 'HP LaserJet P2055', 'Canon i-SENSYS LBP6650dn', 'HP LaserJet 1160Le', 'HP LaserJet P2055d', 'Canon i-SENSYS LBP6670dn', 'HP LaserJet 1320', 'HP LaserJet P2055dn', 'Canon i-SENSYS LBP6680x', 'HP LaserJet 1320n', 'HP LaserJet P2055x', 'Canon i-SENSYS MF411dw', 'HP LaserJet 1320nw'];E:\Projects\PycharmProjects\parser_profit\images\canon\RM1-1301-000CN.jpg
Подача и захват бумаги;RM1-4275-020CN;RM1-4275-020CN - Шестерня привода оси узла захвата из лотка ручной подачи, в сборе (лоток 1);['Canon i-SENSYS MF411dw', 'HP LaserJet P2014n', 'Canon LASER SHOT LBP3370', 'Canon i-SENSYS MF416dw', 'HP LaserJet P2015', 'Canon LASER SHOT LBP6300', 'Canon i-SENSYS MF418x', 'HP LaserJet P2015d', 'Canon LASER SHOT LBP6650dn', 'Canon i-SENSYS MF419x', 'HP LaserJet P2015dn', 'Canon Satera LBP3310', 'Canon imageCLASS LBP6300dn', 'HP LaserJet P2015n', 'Canon i-SENSYS LBP251dw', 'Canon imageCLASS LBP6650dn', 'HP LaserJet P2015x', 'Canon i-SENSYS LBP252dw', 'Canon imageCLASS LBP6670dn', 'HP LaserJet P2035', 'Canon i-SENSYS LBP253x', 'Canon imageCLASS LBP6680x', 'HP LaserJet P2035n', 'Canon i-SENSYS LBP3310', 'Canon imageRUNNER 1133', 'HP LaserJet P2055', 'Canon i-SENSYS LBP3370', 'Canon imageRUNNER 1133A', 'HP LaserJet P2055d', 'Canon i-SENSYS LBP6300dn', 'Canon imageRUNNER 1133iF', 'HP LaserJet P2055dn', 'Canon i-SENSYS LBP6650dn', 'HP LaserJet M2727nf', 'HP LaserJet P2055x', 'Canon i-SENSYS LBP6670dn', 'HP LaserJet M2727nfs', 'Canon i-SENSYS LBP6680x', 'HP LaserJet P2014'];
Подача и захват бумаги;RM1-6350-000CN;RM1-6350-000CN - Датчик наличия бумаги в лотке ручной подачи (лоток 1);['Canon i-SENSYS MF411dw', 'Canon imageRUNNER 1133A', 'Canon LASER SHOT LBP6650dn', 'Canon i-SENSYS MF416dw', 'Canon imageRUNNER 1133iF', 'Canon i-SENSYS LBP251dw', 'Canon i-SENSYS MF418x', 'HP LaserJet P2035', 'Canon i-SENSYS LBP252dw', 'Canon i-SENSYS MF419x', 'HP LaserJet P2035n', 'Canon i-SENSYS LBP253x', 'Canon imageCLASS LBP6300dn', 'HP LaserJet P2055', 'Canon i-SENSYS LBP6300dn', 'Canon imageCLASS LBP6650dn', 'HP LaserJet P2055d', 'Canon i-SENSYS LBP6650dn', 'Canon imageCLASS LBP6670dn', 'HP LaserJet P2055dn', 'Canon i-SENSYS LBP6670dn', 'Canon imageCLASS LBP6680x', 'HP LaserJet P2055x', 'Canon i-SENSYS LBP6680x', 'Canon imageRUNNER 1133'];
Подача и захват бумаги;RM1-6414-000CN;RM1-6414-000CN - Ролик захвата бумаги из кассеты на 250 листов (лоток 2);['Canon i-SENSYS MF411dw', 'Canon imageRUNNER 1133A', 'Canon LASER SHOT LBP6650dn', 'Canon i-SENSYS MF416dw', 'Canon imageRUNNER 1133iF', 'Canon i-SENSYS LBP251dw', 'Canon i-SENSYS MF418x', 'HP LaserJet P2035', 'Canon i-SENSYS LBP252dw', 'Canon i-SENSYS MF419x', 'HP LaserJet P2035n', 'Canon i-SENSYS LBP253x', 'Canon imageCLASS LBP6300dn', 'HP LaserJet P2055', 'Canon i-SENSYS LBP6300dn', 'Canon imageCLASS LBP6650dn', 'HP LaserJet P2055d', 'Canon i-SENSYS LBP6650dn', 'Canon imageCLASS LBP6670dn', 'HP LaserJet P2055dn', 'Canon i-SENSYS LBP6670dn', 'Canon imageCLASS LBP6680x', 'HP LaserJet P2055x', 'Canon i-SENSYS LBP6680x', 'Canon imageRUNNER 1133'];E:\Projects\PycharmProjects\parser_profit\images\canon\RM1-6414-000CN.jpg
Подача и захват бумаги;RM1-6414-000CN;CN | RM1-6414-000CN - Ролик захвата бумаги из кассеты на 250 листов (лоток 2);['Canon i-SENSYS MF411dw', 'Canon imageRUNNER 1133A', 'Canon LASER SHOT LBP6650dn', 'Canon i-SENSYS MF416dw', 'Canon imageRUNNER 1133iF', 'Canon i-SENSYS LBP251dw', 'Canon i-SENSYS MF418x', 'HP LaserJet P2035', 'Canon i-SENSYS LBP252dw', 'Canon i-SENSYS MF419x', 'HP LaserJet P2035n', 'Canon i-SENSYS LBP253x', 'Canon imageCLASS LBP6300dn', 'HP LaserJet P2055', 'Canon i-SENSYS LBP6300dn', 'Canon imageCLASS LBP6650dn', 'HP LaserJet P2055d', 'Canon i-SENSYS LBP6650dn', 'Canon imageCLASS LBP6670dn', 'HP LaserJet P2055dn', 'Canon i-SENSYS LBP6670dn', 'Canon imageCLASS LBP6680x', 'HP LaserJet P2055x', 'Canon i-SENSYS LBP6680x', 'Canon imageRUNNER 1133'];E:\Projects\PycharmProjects\parser_profit\images\canon\RM1-6414-000CN.jpg
Подача и захват бумаги;RM1-6454-000CN;"RM1-6454-000CN - Площадка отделения бумаги из кассеты на 500 листов (лоток 2*, лоток 3**)
* Canon MF-411 / 418 / 419 / iR 1133
** HP LaserJet P2035 / P2055";['Canon imageRUNNER 1133A', 'HP LaserJet P2055', 'Canon i-SENSYS MF418x', 'Canon imageRUNNER 1133iF', 'HP LaserJet P2055d', 'Canon i-SENSYS MF419x', 'HP LaserJet P2035', 'HP LaserJet P2055dn', 'Canon imageRUNNER 1133', 'HP LaserJet P2035n', 'HP LaserJet P2055x'];E:\Projects\PycharmProjects\parser_profit\images\canon\RM1-6454-000CN.jpg
Подача и захват бумаги;RC2-6130-000;RC2-6130-000 - Вспомогательный ролик протяжки бумаги из кассеты (лоток 2);['Canon i-SENSYS MF416dw', 'HP LaserJet P2035n', 'Canon i-SENSYS LBP252dw', 'Canon i-SENSYS MF418x', 'HP LaserJet P2055', 'Canon i-SENSYS LBP253x', 'Canon i-SENSYS MF419x', 'HP LaserJet P2055d', 'Canon i-SENSYS LBP6670dn', 'Canon imageCLASS LBP6670dn', 'HP LaserJet P2055dn', 'Canon i-SENSYS LBP6680x', 'Canon imageCLASS LBP6680x', 'HP LaserJet P2055x', 'Canon i-SENSYS MF411dw', 'HP LaserJet P2035'];E:\Projects\PycharmProjects\parser_profit\images\canon\RC2-6130-000.jpg
Подача и захват бумаги;RC1-3481-000;RC1-3481-000 - Шкив в узле захвата бумаги;['Canon i-SENSYS LBP252dw', 'Canon i-SENSYS MF411dw', 'Canon LASER SHOT LBP3360', 'Canon i-SENSYS LBP253x', 'Canon i-SENSYS MF416dw', 'Canon Satera LBP3300', 'Canon i-SENSYS LBP3300', 'Canon i-SENSYS MF418x', 'Canon i-SENSYS LBP251dw', 'Canon i-SENSYS LBP3360', 'Canon i-SENSYS MF419x'];
Подача и захват бумаги;RC2-6136-000;RC2-6136-000 - Ось привода ролика захвата бумаги из лотка ручной подачи (лоток 1);['Canon imageCLASS LBP6670dn', 'HP LaserJet Pro 400 M401d', 'Canon i-SENSYS LBP252dw', 'Canon imageCLASS LBP6680x', 'HP LaserJet Pro 400 M401dn', 'Canon i-SENSYS LBP253x', 'HP LaserJet P2035', 'HP LaserJet Pro 400 M401dne', 'Canon i-SENSYS LBP6670dn', 'HP LaserJet P2035n', 'HP LaserJet Pro 400 M401dw', 'Canon i-SENSYS LBP6680x', 'HP LaserJet P2055', 'HP LaserJet Pro 400 M401n', 'Canon i-SENSYS MF411dw', 'HP LaserJet P2055d', 'HP LaserJet Pro 400 MFP M425dn', 'Canon i-SENSYS MF416dw', 'HP LaserJet P2055dn', 'HP LaserJet Pro 400 MFP M425dw', 'Canon i-SENSYS MF418x', 'HP LaserJet P2055x', 'Canon i-SENSYS MF419x', 'HP LaserJet Pro 400 M401a'];E:\Projects\PycharmProjects\parser_profit\images\canon\RC2-6136-000.jpg
Подача и захват бумаги;RM1-6414-000CN;RM1-6414-000CN - (CET3690) Ролик захвата бумаги из кассеты на 250 листов *лоток 2;['Canon i-SENSYS MF419x', 'HP LaserJet P2055dn', 'Canon LASER SHOT LBP6650dn', 'Canon imageCLASS LBP6300dn', 'HP LaserJet P2055x', 'Canon i-SENSYS LBP251dw', 'Canon imageCLASS LBP6650dn', 'HP LaserJet Pro 400 M401a', 'Canon i-SENSYS LBP252dw', 'Canon imageCLASS LBP6670dn', 'HP LaserJet Pro 400 M401d', 'Canon i-SENSYS LBP253x', 'Canon imageCLASS LBP6680x', 'HP LaserJet Pro 400 M401dn', 'Canon i-SENSYS LBP6300dn', 'Canon imageRUNNER 1133', 'HP LaserJet Pro 400 M401dne', 'Canon i-SENSYS LBP6650dn', 'Canon imageRUNNER 1133A', 'HP LaserJet Pro 400 M401dw', 'Canon i-SENSYS LBP6670dn', 'Canon imageRUNNER 1133iF', 'HP LaserJet Pro 400 M401n', 'Canon i-SENSYS LBP6680x', 'HP LaserJet P2035', 'HP LaserJet Pro 400 MFP M425dn', 'Canon i-SENSYS MF411dw', 'HP LaserJet P2035n', 'HP LaserJet Pro 400 MFP M425dw', 'Canon i-SENSYS MF416dw', 'HP LaserJet P2055', 'Canon i-SENSYS MF418x', 'HP LaserJet P2055d'];E:\Projects\PycharmProjects\parser_profit\images\canon\RM1-6414-000CN.jpg
Внутренние компоненты;RC2-6237-000;RC2-6237-000 - Подшипник вала выхода бумаги;['Canon imageCLASS D1170', 'HP LaserJet P2055dn', 'Canon LASER SHOT LBP6650dn', 'Canon imageCLASS D1180', 'HP LaserJet P2055x', 'Canon i-SENSYS LBP6300dn', 'Canon imageCLASS LBP6300dn', 'HP LaserJet Pro 400 M401a', 'Canon i-SENSYS LBP6650dn', 'Canon imageCLASS LBP6650dn', 'HP LaserJet Pro 400 M401d', 'Canon i-SENSYS MF411dw', 'Canon imageRUNNER 1133', 'HP LaserJet Pro 400 M401dn', 'Canon i-SENSYS MF416dw', 'Canon imageRUNNER 1133A', 'HP LaserJet Pro 400 M401dw', 'Canon i-SENSYS MF418x', 'Canon imageRUNNER 1133iF', 'HP LaserJet Pro 400 M401n', 'Canon i-SENSYS MF419x', 'HP LaserJet P2035', 'HP LaserJet Pro 400 MFP M425dn', 'Canon i-SENSYS MF6680dn', 'HP LaserJet P2035n', 'HP LaserJet Pro 400 MFP M425dw', 'Canon imageCLASS D1120', 'HP LaserJet P2055', 'Canon imageCLASS D1150', 'HP LaserJet P2055d'];E:\Projects\PycharmProjects\parser_profit\images\canon\RC2-6237-000.jpg
Внутренние компоненты;RC2-6237-000;CN | RC2-6237-000 - Подшипник вала выхода бумаги;['Canon imageCLASS D1170', 'HP LaserJet P2055dn', 'Canon LASER SHOT LBP6650dn', 'Canon imageCLASS D1180', 'HP LaserJet P2055x', 'Canon i-SENSYS LBP6300dn', 'Canon imageCLASS LBP6300dn', 'HP LaserJet Pro 400 M401a', 'Canon i-SENSYS LBP6650dn', 'Canon imageCLASS LBP6650dn', 'HP LaserJet Pro 400 M401d', 'Canon i-SENSYS MF411dw', 'Canon imageRUNNER 1133', 'HP LaserJet Pro 400 M401dn', 'Canon i-SENSYS MF416dw', 'Canon imageRUNNER 1133A', 'HP LaserJet Pro 400 M401dw', 'Canon i-SENSYS MF418x', 'Canon imageRUNNER 1133iF', 'HP LaserJet Pro 400 M401n', 'Canon i-SENSYS MF419x', 'HP LaserJet P2035', 'HP LaserJet Pro 400 MFP M425dn', 'Canon i-SENSYS MF6680dn', 'HP LaserJet P2035n', 'HP LaserJet Pro 400 MFP M425dw', 'Canon imageCLASS D1120', 'HP LaserJet P2055', 'Canon imageCLASS D1150', 'HP LaserJet P2055d'];E:\Projects\PycharmProjects\parser_profit\images\canon\RC2-6237-000.jpg
Внутренние компоненты;RL1-2111-000;RL1-2111-000 - Ролик выхода бумаги (направляющий / 1 шт. / в узле 2 шт.);['Canon i-SENSYS MF418x', 'HP LaserJet P2035', 'Canon i-SENSYS LBP252dw', 'Canon i-SENSYS MF419x', 'HP LaserJet P2035n', 'Canon i-SENSYS LBP253x', 'Canon imageCLASS LBP6670dn', 'HP LaserJet P2055', 'Canon i-SENSYS LBP6670dn', 'Canon imageCLASS LBP6680x', 'HP LaserJet P2055d', 'Canon i-SENSYS LBP6680x', 'Canon imageRUNNER 1133', 'HP LaserJet P2055dn', 'Canon i-SENSYS MF411dw', 'Canon imageRUNNER 1133A', 'HP LaserJet P2055x', 'Canon i-SENSYS MF416dw', 'Canon imageRUNNER 1133iF'];E:\Projects\PycharmProjects\parser_profit\images\canon\RL1-2111-000.jpg
Внутренние компоненты;RM1-6423-000CN;RM1-6423-000CN - Привод узла двухсторонней печати, в сборе;['Canon i-SENSYS LBP6670dn', 'Canon imageCLASS LBP6670dn', 'Canon LASER SHOT LBP6650dn', 'Canon i-SENSYS LBP6680x', 'Canon imageCLASS LBP6680x', 'Canon Satera LBP6300', 'Canon i-SENSYS MF411dw', 'Canon imageRUNNER 1133', 'Canon i-SENSYS LBP251dw', 'Canon i-SENSYS MF416dw', 'Canon imageRUNNER 1133A', 'Canon i-SENSYS LBP252dw', 'Canon i-SENSYS MF418x', 'Canon imageRUNNER 1133iF', 'Canon i-SENSYS LBP253x', 'Canon i-SENSYS MF419x', 'HP LaserJet P2055d', 'Canon i-SENSYS LBP6300dn', 'Canon imageCLASS LBP6300dn', 'HP LaserJet P2055dn', 'Canon i-SENSYS LBP6650dn', 'Canon imageCLASS LBP6650dn', 'HP LaserJet P2055x'];E:\Projects\PycharmProjects\parser_profit\images\canon\RM1-6423-000CN.jpg
Внутренние компоненты;RM1-6441-000CN;RM1-6441-000CN - Узел подачи бумаги для двухсторонней печати, в сборе;['Canon i-SENSYS LBP6670dn', 'Canon imageCLASS LBP6670dn', 'Canon LASER SHOT LBP6650dn', 'Canon i-SENSYS LBP6680x', 'Canon imageCLASS LBP6680x', 'Canon Satera LBP6300', 'Canon i-SENSYS MF411dw', 'Canon imageRUNNER 1133', 'Canon i-SENSYS LBP251dw', 'Canon i-SENSYS MF416dw', 'Canon imageRUNNER 1133A', 'Canon i-SENSYS LBP252dw', 'Canon i-SENSYS MF418x', 'Canon imageRUNNER 1133iF', 'Canon i-SENSYS LBP253x', 'Canon i-SENSYS MF419x', 'HP LaserJet P2055d', 'Canon i-SENSYS LBP6300dn', 'Canon imageCLASS LBP6300dn', 'HP LaserJet P2055dn', 'Canon i-SENSYS LBP6650dn', 'Canon imageCLASS LBP6650dn', 'HP LaserJet P2055x'];
Внутренние компоненты;RM1-6441-000CN;ProfIT | RM1-6441-000CN - Узел подачи бумаги для двухсторонней печати, в сборе (восстановленный);['Canon i-SENSYS LBP6670dn', 'Canon imageCLASS LBP6670dn', 'Canon LASER SHOT LBP6650dn', 'Canon i-SENSYS LBP6680x', 'Canon imageCLASS LBP6680x', 'Canon Satera LBP6300', 'Canon i-SENSYS MF411dw', 'Canon imageRUNNER 1133', 'Canon i-SENSYS LBP251dw', 'Canon i-SENSYS MF416dw', 'Canon imageRUNNER 1133A', 'Canon i-SENSYS LBP252dw', 'Canon i-SENSYS MF418x', 'Canon imageRUNNER 1133iF', 'Canon i-SENSYS LBP253x', 'Canon i-SENSYS MF419x', 'HP LaserJet P2055d', 'Canon i-SENSYS LBP6300dn', 'Canon imageCLASS LBP6300dn', 'HP LaserJet P2055dn', 'Canon i-SENSYS LBP6650dn', 'Canon imageCLASS LBP6650dn', 'HP LaserJet P2055x'];
Внутренние компоненты;RM1-6445-000CN;RM1-6445-000CN - Датчик наличия бумаги в узле двухсторонней печати;['Canon i-SENSYS MF411dw', 'Canon imageCLASS LBP6650dn', 'Canon LASER SHOT LBP6650dn', 'Canon i-SENSYS MF416dw', 'Canon imageCLASS LBP6670dn', 'Canon Satera LBP6300', 'Canon i-SENSYS MF418x', 'Canon imageCLASS LBP6680x', 'Canon i-SENSYS LBP251dw', 'Canon i-SENSYS MF419x', 'Canon imageRUNNER 1133', 'Canon i-SENSYS LBP252dw', 'Canon i-SENSYS MF6680dn', 'Canon imageRUNNER 1133A', 'Canon i-SENSYS LBP253x', 'Canon imageCLASS D1120', 'Canon imageRUNNER 1133iF', 'Canon i-SENSYS LBP6300dn', 'Canon imageCLASS D1150', 'HP LaserJet P2055d', 'Canon i-SENSYS LBP6650dn', 'Canon imageCLASS D1170', 'HP LaserJet P2055dn', 'Canon i-SENSYS LBP6670dn', 'Canon imageCLASS D1180', 'HP LaserJet P2055x', 'Canon i-SENSYS LBP6680x', 'Canon imageCLASS LBP6300dn'];E:\Projects\PycharmProjects\parser_profit\images\canon\RM1-6445-000CN.jpg
Внутренние компоненты;RM1-6445-000CN;ProfIT | RM1-6445-000CN - Датчик наличия бумаги в узле двухсторонней печати (восстановленный);['Canon i-SENSYS MF411dw', 'Canon imageCLASS LBP6650dn', 'Canon LASER SHOT LBP6650dn', 'Canon i-SENSYS MF416dw', 'Canon imageCLASS LBP6670dn', 'Canon Satera LBP6300', 'Canon i-SENSYS MF418x', 'Canon imageCLASS LBP6680x', 'Canon i-SENSYS LBP251dw', 'Canon i-SENSYS MF419x', 'Canon imageRUNNER 1133', 'Canon i-SENSYS LBP252dw', 'Canon i-SENSYS MF6680dn', 'Canon imageRUNNER 1133A', 'Canon i-SENSYS LBP253x', 'Canon imageCLASS D1120', 'Canon imageRUNNER 1133iF', 'Canon i-SENSYS LBP6300dn', 'Canon imageCLASS D1150', 'HP LaserJet P2055d', 'Canon i-SENSYS LBP6650dn', 'Canon imageCLASS D1170', 'HP LaserJet P2055dn', 'Canon i-SENSYS LBP6670dn', 'Canon imageCLASS D1180', 'HP LaserJet P2055x', 'Canon i-SENSYS LBP6680x', 'Canon imageCLASS LBP6300dn'];E:\Projects\PycharmProjects\parser_profit\images\canon\RM1-6445-000CN.jpg
Внутренние компоненты;RU5-2895-000;RU5-2895-000 - Натяжная пружина лотка ручной подачи (лоток 1);['Canon i-SENSYS LBP6650dn', 'Canon imageCLASS LBP6300dn', 'Canon LASER SHOT LBP6650dn', 'Canon i-SENSYS LBP6670dn', 'Canon imageCLASS LBP6650dn', 'Canon Satera LBP6300', 'Canon i-SENSYS LBP6680x', 'Canon imageCLASS LBP6670dn', 'Canon i-SENSYS LBP251dw', 'Canon i-SENSYS MF411dw', 'Canon imageCLASS LBP6680x', 'Canon i-SENSYS LBP252dw', 'Canon i-SENSYS MF416dw', 'Canon imageRUNNER 1133', 'Canon i-SENSYS LBP253x', 'Canon i-SENSYS MF418x', 'Canon imageRUNNER 1133A', 'Canon i-SENSYS LBP6300dn', 'Canon i-SENSYS MF419x', 'Canon imageRUNNER 1133iF'];
Внутренние компоненты;RU6-2610-000;RU6-2610-000 - Пружина сжатия ролика выхода бумаги;['Canon i-SENSYS MF418x', 'HP LaserJet P2035', 'Canon i-SENSYS LBP252dw', 'Canon i-SENSYS MF419x', 'HP LaserJet P2035n', 'Canon i-SENSYS LBP253x', 'Canon imageCLASS LBP6670dn', 'HP LaserJet P2055', 'Canon i-SENSYS LBP6670dn', 'Canon imageCLASS LBP6680x', 'HP LaserJet P2055d', 'Canon i-SENSYS LBP6680x', 'Canon imageRUNNER 1133', 'HP LaserJet P2055dn', 'Canon i-SENSYS MF411dw', 'Canon imageRUNNER 1133A', 'HP LaserJet P2055x', 'Canon i-SENSYS MF416dw', 'Canon imageRUNNER 1133iF'];
Внутренние компоненты;RC2-6198-000;RC2-6198-000 - Рычаг крышки доступа к картриджу;['Canon i-SENSYS MF416dw', 'HP LaserJet P2035n', 'Canon i-SENSYS LBP252dw', 'Canon i-SENSYS MF418x', 'HP LaserJet P2055', 'Canon i-SENSYS LBP253x', 'Canon i-SENSYS MF419x', 'HP LaserJet P2055d', 'Canon i-SENSYS LBP6670dn', 'Canon imageCLASS LBP6670dn', 'HP LaserJet P2055dn', 'Canon i-SENSYS LBP6680x', 'Canon imageCLASS LBP6680x', 'HP LaserJet P2055x', 'Canon i-SENSYS MF411dw', 'HP LaserJet P2035'];
Внутренние компоненты;RU6-0688-000;RU6-0688-000 - Шестерня (21 зуб);['Canon i-SENSYS LBP6680x', 'Canon i-SENSYS MF419x', 'Canon i-SENSYS LBP252dw', 'Canon i-SENSYS MF411dw', 'Canon imageCLASS LBP6670dn', 'Canon i-SENSYS LBP253x', 'Canon i-SENSYS MF416dw', 'Canon imageCLASS LBP6680x', 'Canon i-SENSYS LBP6670dn', 'Canon i-SENSYS MF418x'];
Внутренние компоненты;RU6-0693-000;RU6-0693-000 - Шестерня (17 зубов);['Canon i-SENSYS LBP6680x', 'Canon i-SENSYS MF419x', 'Canon i-SENSYS LBP252dw', 'Canon i-SENSYS MF411dw', 'Canon imageCLASS LBP6670dn', 'Canon i-SENSYS LBP253x', 'Canon i-SENSYS MF416dw', 'Canon imageCLASS LBP6680x', 'Canon i-SENSYS LBP6670dn', 'Canon i-SENSYS MF418x'];
Внутренние компоненты;RU6-0674-000;RU6-0674-000 - Шестерня привода фотовала (145 зубов);['Canon i-SENSYS MF416dw', 'HP LaserJet P2035n', 'Canon i-SENSYS LBP252dw', 'Canon i-SENSYS MF418x', 'HP LaserJet P2055', 'Canon i-SENSYS LBP253x', 'Canon i-SENSYS MF419x', 'HP LaserJet P2055d', 'Canon i-SENSYS LBP6670dn', 'Canon imageCLASS LBP6670dn', 'HP LaserJet P2055dn', 'Canon i-SENSYS LBP6680x', 'Canon imageCLASS LBP6680x', 'HP LaserJet P2055x', 'Canon i-SENSYS MF411dw', 'HP LaserJet P2035'];
Внутренние компоненты;RC2-6217-000;RC2-6217-000 - Крышка шестерни привода фотовала;['Canon i-SENSYS MF418x', 'HP LaserJet P2055d', 'Canon i-SENSYS LBP252dw', 'Canon i-SENSYS MF419x', 'HP LaserJet P2055dn', 'Canon i-SENSYS LBP253x', 'HP LaserJet P2035', 'HP LaserJet P2055x', 'Canon i-SENSYS MF411dw', 'HP LaserJet P2035n', 'Canon i-SENSYS MF416dw', 'HP LaserJet P2055'];
Внутренние компоненты;RC2-6042-000;RC2-6042-000 - Рама шестерни привода фотовала;['Canon i-SENSYS MF418x', 'HP LaserJet P2055d', 'Canon i-SENSYS LBP252dw', 'Canon i-SENSYS MF419x', 'HP LaserJet P2055dn', 'Canon i-SENSYS LBP253x', 'HP LaserJet P2035', 'HP LaserJet P2055x', 'Canon i-SENSYS MF411dw', 'HP LaserJet P2035n', 'Canon i-SENSYS MF416dw', 'HP LaserJet P2055'];
Внутренние компоненты;VS1-7258-007;VS1-7258-007 - Разъём соединения;['Canon i-SENSYS LBP3300', 'Canon i-SENSYS MF411dw', 'Canon LASER SHOT LBP3360', 'Canon i-SENSYS LBP3360', 'Canon i-SENSYS MF416dw', 'Canon Satera LBP3300', 'Canon i-SENSYS LBP653Cdw', 'Canon i-SENSYS MF418x', 'Canon i-SENSYS LBP251dw', 'Canon i-SENSYS LBP654Cx', 'Canon i-SENSYS MF419x', 'Canon i-SENSYS LBP252dw', 'Canon i-SENSYS LBP710Cx', 'Canon i-SENSYS LBP253x', 'Canon i-SENSYS LBP712Cx'];
Электронные компоненты;RM1-6378-000CN;RM1-6378-000CN - Главный мотор;['Canon i-SENSYS MF411dw', 'Canon imageRUNNER 1133A', 'Canon LASER SHOT LBP6650dn', 'Canon i-SENSYS MF416dw', 'Canon imageRUNNER 1133iF', 'Canon i-SENSYS LBP251dw', 'Canon i-SENSYS MF418x', 'HP LaserJet P2035', 'Canon i-SENSYS LBP252dw', 'Canon i-SENSYS MF419x', 'HP LaserJet P2035n', 'Canon i-SENSYS LBP253x', 'Canon imageCLASS LBP6300dn', 'HP LaserJet P2055', 'Canon i-SENSYS LBP6300dn', 'Canon imageCLASS LBP6650dn', 'HP LaserJet P2055d', 'Canon i-SENSYS LBP6650dn', 'Canon imageCLASS LBP6670dn', 'HP LaserJet P2055dn', 'Canon i-SENSYS LBP6670dn', 'Canon imageCLASS LBP6680x', 'HP LaserJet P2055x', 'Canon i-SENSYS LBP6680x', 'Canon imageRUNNER 1133'];E:\Projects\PycharmProjects\parser_profit\images\canon\RM1-6378-000CN.jpg
Узел термозакрепления;BUSHING-P2035;BUSHING-P2035 - Подшипник прижимного вала;['Canon imageCLASS D1150', 'HP LaserJet P2055d', 'Canon LASER SHOT LBP6650dn', 'Canon imageCLASS D1170', 'HP LaserJet P2055dn', 'Canon Satera LBP6300', 'Canon imageCLASS D1180', 'HP LaserJet P2055x', 'Canon i-SENSYS LBP6300dn', 'Canon imageCLASS LBP6300dn', 'HP LaserJet Pro 400 M401a', 'Canon i-SENSYS LBP6650dn', 'Canon imageCLASS LBP6650dn', 'HP LaserJet Pro 400 M401d', 'Canon i-SENSYS LBP6670dn', 'Canon imageCLASS LBP6670dn', 'HP LaserJet Pro 400 M401dn', 'Canon i-SENSYS MF411dw', 'Canon imageRUNNER 1133', 'HP LaserJet Pro 400 M401dne', 'Canon i-SENSYS MF416dw', 'Canon imageRUNNER 1133A', 'HP LaserJet Pro 400 M401dw', 'Canon i-SENSYS MF418x', 'Canon imageRUNNER 1133iF', 'HP LaserJet Pro 400 M401n', 'Canon i-SENSYS MF419x', 'HP LaserJet P2035', 'HP LaserJet Pro 400 MFP M425dn', 'Canon i-SENSYS MF6680dn', 'HP LaserJet P2035n', 'HP LaserJet Pro 400 MFP M425dw', 'Canon imageCLASS D1120', 'HP LaserJet P2055'];
Узел термозакрепления;CET3687;CET | CET3687 - Подшипник прижимного вала;['Canon imageCLASS D1180', 'HP LaserJet P2055dn', 'Canon LASER SHOT LBP6300', 'Canon imageCLASS LBP6300dn', 'HP LaserJet P2055x', 'Canon LASER SHOT LBP6650dn', 'Canon imageCLASS LBP6650dn', 'HP LaserJet Pro 400 M401a', 'Canon Satera LBP6300', 'Canon imageCLASS LBP6670dn', 'HP LaserJet Pro 400 M401d', 'Canon i-SENSYS LBP6300dn', 'Canon imageRUNNER 1133', 'HP LaserJet Pro 400 M401dn', 'Canon i-SENSYS LBP6650dn', 'Canon imageRUNNER 1133A', 'HP LaserJet Pro 400 M401dne', 'Canon i-SENSYS LBP6670dn', 'Canon imageRUNNER 1133iF', 'HP LaserJet Pro 400 M401dw', 'Canon i-SENSYS MF6680dn', 'HP LaserJet P2035', 'HP LaserJet Pro 400 M401n', 'Canon imageCLASS D1120', 'HP LaserJet P2035n', 'HP LaserJet Pro 400 MFP M425dn', 'Canon imageCLASS D1150', 'HP LaserJet P2055', 'HP LaserJet Pro 400 MFP M425dw', 'Canon imageCLASS D1170', 'HP LaserJet P2055d'];E:\Projects\PycharmProjects\parser_profit\images\canon\CET3687.jpg
Узел термозакрепления;LPR-P2035;LPR-P2035 - (CET3685N) Прижимной вал;['Canon imageCLASS D1150', 'HP LaserJet P2055dn', 'Canon LASER SHOT LBP6650dn', 'Canon imageCLASS D1170', 'HP LaserJet P2055x', 'Canon i-SENSYS LBP6300dn', 'Canon imageCLASS D1180', 'HP LaserJet Pro 400 M401a', 'Canon i-SENSYS LBP6650dn', 'Canon imageCLASS LBP6670dn', 'HP LaserJet Pro 400 M401d', 'Canon i-SENSYS LBP6670dn', 'Canon imageRUNNER 1133', 'HP LaserJet Pro 400 M401dn', 'Canon i-SENSYS MF411dw', 'Canon imageRUNNER 1133A', 'HP LaserJet Pro 400 M401dne', 'Canon i-SENSYS MF416dw', 'Canon imageRUNNER 1133iF', 'HP LaserJet Pro 400 M401dw', 'Canon i-SENSYS MF418x', 'HP LaserJet P2035', 'HP LaserJet Pro 400 M401n', 'Canon i-SENSYS MF419x', 'HP LaserJet P2035n', 'HP LaserJet Pro 400 MFP M425dn', 'Canon i-SENSYS MF6680dn', 'HP LaserJet P2055', 'HP LaserJet Pro 400 MFP M425dw', 'Canon imageCLASS D1120', 'HP LaserJet P2055d'];E:\Projects\PycharmProjects\parser_profit\images\canon\LPR-P2035.jpg
Узел термозакрепления;LPR-P2035;Hi-Black | LPR-P2035 - Прижимной вал;['Canon imageCLASS D1150', 'HP LaserJet P2055dn', 'Canon LASER SHOT LBP6650dn', 'Canon imageCLASS D1170', 'HP LaserJet P2055x', 'Canon i-SENSYS LBP6300dn', 'Canon imageCLASS D1180', 'HP LaserJet Pro 400 M401a', 'Canon i-SENSYS LBP6650dn', 'Canon imageCLASS LBP6670dn', 'HP LaserJet Pro 400 M401d', 'Canon i-SENSYS LBP6670dn', 'Canon imageRUNNER 1133', 'HP LaserJet Pro 400 M401dn', 'Canon i-SENSYS MF411dw', 'Canon imageRUNNER 1133A', 'HP LaserJet Pro 400 M401dne', 'Canon i-SENSYS MF416dw', 'Canon imageRUNNER 1133iF', 'HP LaserJet Pro 400 M401dw', 'Canon i-SENSYS MF418x', 'HP LaserJet P2035', 'HP LaserJet Pro 400 M401n', 'Canon i-SENSYS MF419x', 'HP LaserJet P2035n', 'HP LaserJet Pro 400 MFP M425dn', 'Canon i-SENSYS MF6680dn', 'HP LaserJet P2055', 'HP LaserJet Pro 400 MFP M425dw', 'Canon imageCLASS D1120', 'HP LaserJet P2055d', 'Canon LASER SHOT LBP6300', 'Canon imageCLASS D1150', 'HP LaserJet P2055dn', 'Canon LASER SHOT LBP6650dn', 'Canon imageCLASS D1170', 'HP LaserJet P2055x', 'Canon i-SENSYS LBP6300dn', 'Canon imageCLASS D1180', 'HP LaserJet Pro 400 M401a', 'Canon i-SENSYS LBP6650dn', 'Canon imageCLASS LBP6670dn', 'HP LaserJet Pro 400 M401d', 'Canon i-SENSYS LBP6670dn', 'Canon imageRUNNER 1133', 'HP LaserJet Pro 400 M401dn', 'Canon i-SENSYS MF411dw', 'Canon imageRUNNER 1133A', 'HP LaserJet Pro 400 M401dne', 'Canon i-SENSYS MF416dw', 'Canon imageRUNNER 1133iF', 'HP LaserJet Pro 400 M401dw', 'Canon i-SENSYS MF418x', 'HP LaserJet P2035', 'HP LaserJet Pro 400 M401n', 'Canon i-SENSYS MF419x', 'HP LaserJet P2035n', 'HP LaserJet Pro 400 MFP M425dn', 'Canon i-SENSYS MF6680dn', 'HP LaserJet P2055', 'HP LaserJet Pro 400 MFP M425dw', 'Canon imageCLASS D1120', 'HP LaserJet P2055d', 'Canon LASER SHOT LBP6300', 'Canon imageCLASS D1150', 'HP LaserJet P2055dn', 'Canon LASER SHOT LBP6650dn', 'Canon imageCLASS D1170', 'HP LaserJet P2055x', 'Canon i-SENSYS LBP6300dn', 'Canon imageCLASS D1180', 'HP LaserJet Pro 400 M401a', 'Canon i-SENSYS LBP6650dn', 'Canon imageCLASS LBP6670dn', 'HP LaserJet Pro 400 M401d', 'Canon i-SENSYS LBP6670dn', 'Canon imageRUNNER 1133', 'HP LaserJet Pro 400 M401dn', 'Canon i-SENSYS MF411dw', 'Canon imageRUNNER 1133A', 'HP LaserJet Pro 400 M401dne', 'Canon i-SENSYS MF416dw', 'Canon imageRUNNER 1133iF', 'HP LaserJet Pro 400 M401dw', 'Canon i-SENSYS MF418x', 'HP LaserJet P2035', 'HP LaserJet Pro 400 M401n', 'Canon i-SENSYS MF419x', 'HP LaserJet P2035n', 'HP LaserJet Pro 400 MFP M425dn', 'Canon i-SENSYS MF6680dn', 'HP LaserJet P2055', 'HP LaserJet Pro 400 MFP M425dw', 'Canon imageCLASS D1120', 'HP LaserJet P2055d', 'Canon LASER SHOT LBP6300', 'Canon imageCLASS D1150', 'HP LaserJet P2055dn', 'Canon LASER SHOT LBP6650dn', 'Canon imageCLASS D1170', 'HP LaserJet P2055x', 'Canon i-SENSYS LBP6300dn', 'Canon imageCLASS D1180', 'HP LaserJet Pro 400 M401a', 'Canon i-SENSYS LBP6650dn', 'Canon imageCLASS LBP6670dn', 'HP LaserJet Pro 400 M401d', 'Canon i-SENSYS LBP6670dn', 'Canon imageRUNNER 1133', 'HP LaserJet Pro 400 M401dn', 'Canon i-SENSYS MF411dw', 'Canon imageRUNNER 1133A', 'HP LaserJet Pro 400 M401dne', 'Canon i-SENSYS MF416dw', 'Canon imageRUNNER 1133iF', 'HP LaserJet Pro 400 M401dw', 'Canon i-SENSYS MF418x', 'HP LaserJet P2035', 'HP LaserJet Pro 400 M401n', 'Canon i-SENSYS MF419x', 'HP LaserJet P2035n', 'HP LaserJet Pro 400 MFP M425dn', 'Canon i-SENSYS MF6680dn', 'HP LaserJet P2055', 'HP LaserJet Pro 400 MFP M425dw', 'Canon imageCLASS D1120', 'HP LaserJet P2055d'];E:\Projects\PycharmProjects\parser_profit\images\canon\LPR-P2035.jpg
Узел термозакрепления;RL1-2112-000;RL1-2112-000 - Вал выхода бумаги из узла термозакрепления;['Canon i-SENSYS MF418x', 'Canon imageRUNNER 1133', 'Canon LASER SHOT LBP6650dn', 'Canon i-SENSYS MF419x', 'Canon imageRUNNER 1133A', 'Canon i-SENSYS LBP251dw', 'Canon i-SENSYS MF6680dn', 'Canon imageRUNNER 1133iF', 'Canon i-SENSYS LBP252dw', 'Canon imageCLASS D1120', 'HP LaserJet P2035', 'Canon i-SENSYS LBP253x', 'Canon imageCLASS D1150', 'HP LaserJet P2035n', 'Canon i-SENSYS LBP6300dn', 'Canon imageCLASS D1170', 'HP LaserJet P2055', 'Canon i-SENSYS LBP6650dn', 'Canon imageCLASS D1180', 'HP LaserJet P2055d', 'Canon i-SENSYS LBP6670dn', 'Canon imageCLASS LBP6300dn', 'HP LaserJet P2055dn', 'Canon i-SENSYS LBP6680x', 'Canon imageCLASS LBP6650dn', 'HP LaserJet P2055x', 'Canon i-SENSYS MF411dw', 'Canon imageCLASS LBP6670dn', 'Canon i-SENSYS MF416dw', 'Canon imageCLASS LBP6680x'];
Узел термозакрепления;RM1-6406-000CN;RM1-6406-000CN - Печь, в сборе (220В);['Canon i-SENSYS MF6680dn', 'Canon imageRUNNER 1133A', 'Canon LASER SHOT LBP6650dn', 'Canon imageCLASS D1120', 'Canon imageRUNNER 1133iF', 'Canon i-SENSYS LBP6300dn', 'Canon imageCLASS D1150', 'HP LaserJet P2035', 'Canon i-SENSYS LBP6650dn', 'Canon imageCLASS D1170', 'HP LaserJet P2035n', 'Canon i-SENSYS LBP6670dn', 'Canon imageCLASS D1180', 'HP LaserJet P2055', 'Canon i-SENSYS LBP6680x', 'Canon imageCLASS LBP6300dn', 'HP LaserJet P2055d', 'Canon i-SENSYS MF411dw', 'Canon imageCLASS LBP6650dn', 'HP LaserJet P2055dn', 'Canon i-SENSYS MF416dw', 'Canon imageCLASS LBP6670dn', 'HP LaserJet P2055x', 'Canon i-SENSYS MF418x', 'Canon imageCLASS LBP6680x', 'Canon i-SENSYS MF419x', 'Canon imageRUNNER 1133'];E:\Projects\PycharmProjects\parser_profit\images\canon\RM1-6406-000CN.jpg
Узел термозакрепления;RM1-6406-000CN;ProfIT | RM1-6406-000CN - Печь, в сборе (восстановленная / 220В);['Canon i-SENSYS MF6680dn', 'Canon imageRUNNER 1133A', 'Canon LASER SHOT LBP6650dn', 'Canon imageCLASS D1120', 'Canon imageRUNNER 1133iF', 'Canon i-SENSYS LBP6300dn', 'Canon imageCLASS D1150', 'HP LaserJet P2035', 'Canon i-SENSYS LBP6650dn', 'Canon imageCLASS D1170', 'HP LaserJet P2035n', 'Canon i-SENSYS LBP6670dn', 'Canon imageCLASS D1180', 'HP LaserJet P2055', 'Canon i-SENSYS LBP6680x', 'Canon imageCLASS LBP6300dn', 'HP LaserJet P2055d', 'Canon i-SENSYS MF411dw', 'Canon imageCLASS LBP6650dn', 'HP LaserJet P2055dn', 'Canon i-SENSYS MF416dw', 'Canon imageCLASS LBP6670dn', 'HP LaserJet P2055x', 'Canon i-SENSYS MF418x', 'Canon imageCLASS LBP6680x', 'Canon i-SENSYS MF419x', 'Canon imageRUNNER 1133', 'Canon LASER SHOT LBP6300', 'Canon i-SENSYS MF6680dn', 'Canon imageRUNNER 1133A', 'Canon LASER SHOT LBP6650dn', 'Canon imageCLASS D1120', 'Canon imageRUNNER 1133iF', 'Canon i-SENSYS LBP6300dn', 'Canon imageCLASS D1150', 'HP LaserJet P2035', 'Canon i-SENSYS LBP6650dn', 'Canon imageCLASS D1170', 'HP LaserJet P2035n', 'Canon i-SENSYS LBP6670dn', 'Canon imageCLASS D1180', 'HP LaserJet P2055', 'Canon i-SENSYS LBP6680x', 'Canon imageCLASS LBP6300dn', 'HP LaserJet P2055d', 'Canon i-SENSYS MF411dw', 'Canon imageCLASS LBP6650dn', 'HP LaserJet P2055dn', 'Canon i-SENSYS MF416dw', 'Canon imageCLASS LBP6670dn', 'HP LaserJet P2055x', 'Canon i-SENSYS MF418x', 'Canon imageCLASS LBP6680x', 'Canon i-SENSYS MF419x', 'Canon imageRUNNER 1133'];E:\Projects\PycharmProjects\parser_profit\images\canon\RM1-6406-000CN.jpg
Узел термозакрепления;RM1-6406-HEAT;RM1-6406-HEAT - Нагревательный элемент узла термозакрепления (220В);['Canon imageCLASS D1150', 'HP LaserJet P2055', 'Canon LASER SHOT LBP6650dn', 'Canon imageCLASS D1170', 'HP LaserJet P2055d', 'Canon i-SENSYS LBP6300dn', 'Canon imageCLASS D1180', 'HP LaserJet P2055dn', 'Canon i-SENSYS LBP6650dn', 'Canon imageCLASS LBP6300dn', 'HP LaserJet P2055x', 'Canon i-SENSYS LBP6670dn', 'Canon imageCLASS LBP6650dn', 'HP LaserJet Pro 400 M401a', 'Canon i-SENSYS LBP6680x', 'Canon imageCLASS LBP6670dn', 'HP LaserJet Pro 400 M401d', 'Canon i-SENSYS MF411dw', 'Canon imageCLASS LBP6680x', 'HP LaserJet Pro 400 M401dn', 'Canon i-SENSYS MF416dw', 'Canon imageRUNNER 1133', 'HP LaserJet Pro 400 M401dw', 'Canon i-SENSYS MF418x', 'Canon imageRUNNER 1133A', 'HP LaserJet Pro 400 M401n', 'Canon i-SENSYS MF419x', 'Canon imageRUNNER 1133iF', 'HP LaserJet Pro 400 MFP M425dn', 'Canon i-SENSYS MF6680dn', 'HP LaserJet P2035', 'HP LaserJet Pro 400 MFP M425dw', 'Canon imageCLASS D1120', 'HP LaserJet P2035n'];
Узел термозакрепления;RU6-0690-000;RU6-0690-000 - Шестерня прижимного вала (27 зубов);['Canon i-SENSYS MF416dw', 'HP LaserJet P2035n', 'Canon i-SENSYS LBP252dw', 'Canon i-SENSYS MF418x', 'HP LaserJet P2055', 'Canon i-SENSYS LBP253x', 'Canon i-SENSYS MF419x', 'HP LaserJet P2055d', 'Canon i-SENSYS LBP6670dn', 'Canon imageCLASS LBP6670dn', 'HP LaserJet P2055dn', 'Canon i-SENSYS LBP6680x', 'Canon imageCLASS LBP6680x', 'HP LaserJet P2055x', 'Canon i-SENSYS MF411dw', 'HP LaserJet P2035'];
Узел термозакрепления;RU6-0690-000;CN | RU6-0690-000 - Шестерня прижимного вала (27 зубов);['Canon i-SENSYS MF416dw', 'HP LaserJet P2035n', 'Canon i-SENSYS LBP252dw', 'Canon i-SENSYS MF418x', 'HP LaserJet P2055', 'Canon i-SENSYS LBP253x', 'Canon i-SENSYS MF419x', 'HP LaserJet P2055d', 'Canon i-SENSYS LBP6670dn', 'Canon imageCLASS LBP6670dn', 'HP LaserJet P2055dn', 'Canon i-SENSYS LBP6680x', 'Canon imageCLASS LBP6680x', 'HP LaserJet P2055x', 'Canon i-SENSYS MF411dw', 'HP LaserJet P2035', 'Canon i-SENSYS LBP251dw', 'Canon i-SENSYS MF416dw', 'HP LaserJet P2035n', 'Canon i-SENSYS LBP252dw', 'Canon i-SENSYS MF418x', 'HP LaserJet P2055', 'Canon i-SENSYS LBP253x', 'Canon i-SENSYS MF419x', 'HP LaserJet P2055d', 'Canon i-SENSYS LBP6670dn', 'Canon imageCLASS LBP6670dn', 'HP LaserJet P2055dn', 'Canon i-SENSYS LBP6680x', 'Canon imageCLASS LBP6680x', 'HP LaserJet P2055x', 'Canon i-SENSYS MF411dw', 'HP LaserJet P2035'];
Узел термозакрепления;RM1-6406-FILM;RM1-6406-FILM - Термоплёнка (смазка в комплекте);['Canon imageRUNNER 1133', 'HP LaserJet Pro M402d', 'Canon LASER SHOT LBP6650dn', 'Canon imageRUNNER 1133A', 'HP LaserJet Pro M402dn', 'Canon i-SENSYS LBP6300dn', 'Canon imageRUNNER 1133iF', 'HP LaserJet Pro M402dw', 'Canon i-SENSYS LBP6650dn', 'HP LaserJet P2035', 'HP LaserJet Pro M402n', 'Canon i-SENSYS LBP6670dn', 'HP LaserJet P2035n', 'HP LaserJet Pro MFP M125a', 'Canon i-SENSYS LBP6680x', 'HP LaserJet P2055', 'HP LaserJet Pro MFP M125r', 'Canon i-SENSYS MF411dw', 'HP LaserJet P2055d', 'HP LaserJet Pro MFP M125ra', 'Canon i-SENSYS MF416dw', 'HP LaserJet P2055dn', 'HP LaserJet Pro MFP M125rnw', 'Canon i-SENSYS MF418x', 'HP LaserJet P2055x', 'HP LaserJet Pro MFP M127fn', 'Canon i-SENSYS MF419x', 'HP LaserJet Pro 400 M401a', 'HP LaserJet Pro MFP M127fp', 'Canon i-SENSYS MF6680dn', 'HP LaserJet Pro 400 M401d', 'HP LaserJet Pro MFP M127fw', 'Canon imageCLASS D1120', 'HP LaserJet Pro 400 M401dn', 'HP LaserJet Pro MFP M225dn', 'Canon imageCLASS D1150', 'HP LaserJet Pro 400 M401dne', 'HP LaserJet Pro MFP M225dw', 'Canon imageCLASS D1170', 'HP LaserJet Pro 400 M401dw', 'HP LaserJet Pro MFP M225rdn', 'Canon imageCLASS D1180', 'HP LaserJet Pro 400 M401n', 'HP LaserJet Pro MFP M426dw', 'Canon imageCLASS LBP6300dn', 'HP LaserJet Pro 400 MFP M425dn', 'HP LaserJet Pro MFP M426fdn', 'Canon imageCLASS LBP6650dn', 'HP LaserJet Pro 400 MFP M425dw', 'HP LaserJet Pro MFP M426fdw', 'Canon imageCLASS LBP6670dn', 'HP LaserJet Pro M201dw', 'Canon imageCLASS LBP6680x', 'HP LaserJet Pro M201n'];
Узел термозакрепления;RM1-6406-FILM;LT | RM1-6406-FILM - Термоплёнка;['Canon imageRUNNER 1133', 'HP LaserJet Pro M402d', 'Canon LASER SHOT LBP6650dn', 'Canon imageRUNNER 1133A', 'HP LaserJet Pro M402dn', 'Canon i-SENSYS LBP6300dn', 'Canon imageRUNNER 1133iF', 'HP LaserJet Pro M402dw', 'Canon i-SENSYS LBP6650dn', 'HP LaserJet P2035', 'HP LaserJet Pro M402n', 'Canon i-SENSYS LBP6670dn', 'HP LaserJet P2035n', 'HP LaserJet Pro MFP M125a', 'Canon i-SENSYS LBP6680x', 'HP LaserJet P2055', 'HP LaserJet Pro MFP M125r', 'Canon i-SENSYS MF411dw', 'HP LaserJet P2055d', 'HP LaserJet Pro MFP M125ra', 'Canon i-SENSYS MF416dw', 'HP LaserJet P2055dn', 'HP LaserJet Pro MFP M125rnw', 'Canon i-SENSYS MF418x', 'HP LaserJet P2055x', 'HP LaserJet Pro MFP M127fn', 'Canon i-SENSYS MF419x', 'HP LaserJet Pro 400 M401a', 'HP LaserJet Pro MFP M127fp', 'Canon i-SENSYS MF6680dn', 'HP LaserJet Pro 400 M401d', 'HP LaserJet Pro MFP M127fw', 'Canon imageCLASS D1120', 'HP LaserJet Pro 400 M401dn', 'HP LaserJet Pro MFP M225dn', 'Canon imageCLASS D1150', 'HP LaserJet Pro 400 M401dne', 'HP LaserJet Pro MFP M225dw', 'Canon imageCLASS D1170', 'HP LaserJet Pro 400 M401dw', 'HP LaserJet Pro MFP M225rdn', 'Canon imageCLASS D1180', 'HP LaserJet Pro 400 M401n', 'HP LaserJet Pro MFP M426dw', 'Canon imageCLASS LBP6300dn', 'HP LaserJet Pro 400 MFP M425dn', 'HP LaserJet Pro MFP M426fdn', 'Canon imageCLASS LBP6650dn', 'HP LaserJet Pro 400 MFP M425dw', 'HP LaserJet Pro MFP M426fdw', 'Canon imageCLASS LBP6670dn', 'HP LaserJet Pro M201dw', 'Canon imageCLASS LBP6680x', 'HP LaserJet Pro M201n', 'Canon LASER SHOT LBP6300', 'Canon imageRUNNER 1133', 'HP LaserJet Pro M402d', 'Canon LASER SHOT LBP6650dn', 'Canon imageRUNNER 1133A', 'HP LaserJet Pro M402dn', 'Canon i-SENSYS LBP6300dn', 'Canon imageRUNNER 1133iF', 'HP LaserJet Pro M402dw', 'Canon i-SENSYS LBP6650dn', 'HP LaserJet P2035', 'HP LaserJet Pro M402n', 'Canon i-SENSYS LBP6670dn', 'HP LaserJet P2035n', 'HP LaserJet Pro MFP M125a', 'Canon i-SENSYS LBP6680x', 'HP LaserJet P2055', 'HP LaserJet Pro MFP M125r', 'Canon i-SENSYS MF411dw', 'HP LaserJet P2055d', 'HP LaserJet Pro MFP M125ra', 'Canon i-SENSYS MF416dw', 'HP LaserJet P2055dn', 'HP LaserJet Pro MFP M125rnw', 'Canon i-SENSYS MF418x', 'HP LaserJet P2055x', 'HP LaserJet Pro MFP M127fn', 'Canon i-SENSYS MF419x', 'HP LaserJet Pro 400 M401a', 'HP LaserJet Pro MFP M127fp', 'Canon i-SENSYS MF6680dn', 'HP LaserJet Pro 400 M401d', 'HP LaserJet Pro MFP M127fw', 'Canon imageCLASS D1120', 'HP LaserJet Pro 400 M401dn', 'HP LaserJet Pro MFP M225dn', 'Canon imageCLASS D1150', 'HP LaserJet Pro 400 M401dne', 'HP LaserJet Pro MFP M225dw', 'Canon imageCLASS D1170', 'HP LaserJet Pro 400 M401dw', 'HP LaserJet Pro MFP M225rdn', 'Canon imageCLASS D1180', 'HP LaserJet Pro 400 M401n', 'HP LaserJet Pro MFP M426dw', 'Canon imageCLASS LBP6300dn', 'HP LaserJet Pro 400 MFP M425dn', 'HP LaserJet Pro MFP M426fdn', 'Canon imageCLASS LBP6650dn', 'HP LaserJet Pro 400 MFP M425dw', 'HP LaserJet Pro MFP M426fdw', 'Canon imageCLASS LBP6670dn', 'HP LaserJet Pro M201dw', 'Canon imageCLASS LBP6680x', 'HP LaserJet Pro M201n', 'Canon LASER SHOT LBP6300', 'Canon imageRUNNER 1133', 'HP LaserJet Pro M402d', 'Canon LASER SHOT LBP6650dn', 'Canon imageRUNNER 1133A', 'HP LaserJet Pro M402dn', 'Canon i-SENSYS LBP6300dn', 'Canon imageRUNNER 1133iF', 'HP LaserJet Pro M402dw', 'Canon i-SENSYS LBP6650dn', 'HP LaserJet P2035', 'HP LaserJet Pro M402n', 'Canon i-SENSYS LBP6670dn', 'HP LaserJet P2035n', 'HP LaserJet Pro MFP M125a', 'Canon i-SENSYS LBP6680x', 'HP LaserJet P2055', 'HP LaserJet Pro MFP M125r', 'Canon i-SENSYS MF411dw', 'HP LaserJet P2055d', 'HP LaserJet Pro MFP M125ra', 'Canon i-SENSYS MF416dw', 'HP LaserJet P2055dn', 'HP LaserJet Pro MFP M125rnw', 'Canon i-SENSYS MF418x', 'HP LaserJet P2055x', 'HP LaserJet Pro MFP M127fn', 'Canon i-SENSYS MF419x', 'HP LaserJet Pro 400 M401a', 'HP LaserJet Pro MFP M127fp', 'Canon i-SENSYS MF6680dn', 'HP LaserJet Pro 400 M401d', 'HP LaserJet Pro MFP M127fw', 'Canon imageCLASS D1120', 'HP LaserJet Pro 400 M401dn', 'HP LaserJet Pro MFP M225dn', 'Canon imageCLASS D1150', 'HP LaserJet Pro 400 M401dne', 'HP LaserJet Pro MFP M225dw', 'Canon imageCLASS D1170', 'HP LaserJet Pro 400 M401dw', 'HP LaserJet Pro MFP M225rdn', 'Canon imageCLASS D1180', 'HP LaserJet Pro 400 M401n', 'HP LaserJet Pro MFP M426dw', 'Canon imageCLASS LBP6300dn', 'HP LaserJet Pro 400 MFP M425dn', 'HP LaserJet Pro MFP M426fdn', 'Canon imageCLASS LBP6650dn', 'HP LaserJet Pro 400 MFP M425dw', 'HP LaserJet Pro MFP M426fdw', 'Canon imageCLASS LBP6670dn', 'HP LaserJet Pro M201dw', 'Canon imageCLASS LBP6680x', 'HP LaserJet Pro M201n'];
Узел термозакрепления;RM1-6405-FILM;RM1-6405-FILM - (CET2471N) Термоплёнка *смазка в комплекте;['Canon i-SENSYS MF4580dn', 'Canon imageRUNNER 1133A', 'Canon LASER SHOT LBP6000', 'Canon i-SENSYS MF4730', 'Canon imageRUNNER 1133iF', 'Canon LASER SHOT LBP6018', 'Canon i-SENSYS MF4870dn', 'HP LaserJet P1102', 'Canon LASER SHOT LBP6200d', 'Canon i-SENSYS MF6680dn', 'HP LaserJet P1102s', 'Canon LASER SHOT LBP6300', 'Canon imageCLASS D1120', 'HP LaserJet P1102w', 'Canon LASER SHOT LBP6650dn', 'Canon imageCLASS D1150', 'HP LaserJet P1566', 'Canon Satera MF216n', 'Canon imageCLASS D1170', 'HP LaserJet P1606dn', 'Canon Satera MF224dw', 'Canon imageCLASS D1180', 'HP LaserJet P2035', 'Canon Satera MF229dw', 'Canon imageCLASS D520', 'HP LaserJet P2035n', 'Canon Satera MF4410', 'Canon imageCLASS D550', 'HP LaserJet P2055', 'Canon Satera MF4420n', 'Canon imageCLASS LBP151dw', 'HP LaserJet P2055d', 'Canon i-SENSYS LBP151dw', 'Canon imageCLASS LBP6000', 'HP LaserJet P2055dn', 'Canon i-SENSYS LBP6000', 'Canon imageCLASS LBP6300dn', 'HP LaserJet P2055x', 'Canon i-SENSYS LBP6000B', 'Canon imageCLASS LBP6650dn', 'HP LaserJet Pro 400 M401a', 'Canon i-SENSYS LBP6020', 'Canon imageCLASS LBP6670dn', 'HP LaserJet Pro 400 M401d', 'Canon i-SENSYS LBP6020B', 'Canon imageCLASS LBP6680x', 'HP LaserJet Pro 400 M401dn', 'Canon i-SENSYS LBP6200d', 'Canon imageCLASS MF211', 'HP LaserJet Pro 400 M401dne', 'Canon i-SENSYS LBP6300dn', 'Canon imageCLASS MF212w', 'HP LaserJet Pro 400 M401dw', 'Canon i-SENSYS LBP6650dn', 'Canon imageCLASS MF215', 'HP LaserJet Pro 400 M401n', 'Canon i-SENSYS LBP6670dn', 'Canon imageCLASS MF216n', 'HP LaserJet Pro 400 MFP M425dn', 'Canon i-SENSYS LBP6680x', 'Canon imageCLASS MF216nz', 'HP LaserJet Pro 400 MFP M425dw', 'Canon i-SENSYS MF211', 'Canon imageCLASS MF217w', 'HP LaserJet Pro M201dw', 'Canon i-SENSYS MF212w', 'Canon imageCLASS MF221d', 'HP LaserJet Pro M201n', 'Canon i-SENSYS MF216n', 'Canon imageCLASS MF223d', 'HP LaserJet Pro M402d', 'Canon i-SENSYS MF217w', 'Canon imageCLASS MF226dn', 'HP LaserJet Pro M402dn', 'Canon i-SENSYS MF226dn', 'Canon imageCLASS MF226dnz', 'HP LaserJet Pro M402dw', 'Canon i-SENSYS MF229dw', 'Canon imageCLASS MF227dw', 'HP LaserJet Pro M402n', 'Canon i-SENSYS MF231', 'Canon imageCLASS MF229dw', 'HP LaserJet Pro MFP M125a', 'Canon i-SENSYS MF232w', 'Canon imageCLASS MF232w', 'HP LaserJet Pro MFP M125r', 'Canon i-SENSYS MF236n', 'Canon imageCLASS MF236n', 'HP LaserJet Pro MFP M125ra', 'Canon i-SENSYS MF237w', 'Canon imageCLASS MF4410', 'HP LaserJet Pro MFP M125rnw', 'Canon i-SENSYS MF244dw', 'Canon imageCLASS MF4412', 'HP LaserJet Pro MFP M127fn', 'Canon i-SENSYS MF247dw', 'Canon imageCLASS MF4420n', 'HP LaserJet Pro MFP M127fp', 'Canon i-SENSYS MF249dw', 'Canon imageCLASS MF4420w', 'HP LaserJet Pro MFP M127fw', 'Canon i-SENSYS MF411dw', 'Canon imageCLASS MF4450', 'HP LaserJet Pro MFP M225dn', 'Canon i-SENSYS MF416dw', 'Canon imageCLASS MF4452', 'HP LaserJet Pro MFP M225dw', 'Canon i-SENSYS MF418x', 'Canon imageCLASS MF4453', 'HP LaserJet Pro MFP M225rdn', 'Canon i-SENSYS MF419x', 'Canon imageCLASS MF4550d', 'HP LaserJet Pro MFP M426dw', 'Canon i-SENSYS MF4410', 'Canon imageCLASS MF4553d', 'HP LaserJet Pro MFP M426fdn', 'Canon i-SENSYS MF4430', 'Canon imageCLASS MF4554d', 'HP LaserJet Pro MFP M426fdw', 'Canon i-SENSYS MF4450', 'Canon imageCLASS MF4570dn', 'HP LaserJet Professional M1536dnf', 'Canon i-SENSYS MF4550d', 'Canon imageCLASS MF4570dw', 'Canon i-SENSYS MF4570dn', 'Canon imageRUNNER 1133'];E:\Projects\PycharmProjects\parser_profit\images\canon\RM1-6405-FILM.jpg
Узел термозакрепления;FB2-9601-000;FB2-9601-000 - Прижимной вал;['Canon PC400', 'Canon PC430', 'Canon FC200S', 'Canon PC420'];
Детали корпуса;FL3-1430-000;FL3-1430-000 - Петля модуля сканера;['Canon imageRUNNER 1133', 'Canon imageRUNNER ADVANCE C350iF', 'Canon i-SENSYS MF6680dn', 'Canon imageRUNNER 1133A', 'Canon imageRUNNER ADVANCE C351iF', 'Canon imageCLASS D1120', 'Canon imageRUNNER 1133iF', 'Canon imageRUNNER C1325', 'Canon imageCLASS D1150', 'Canon imageRUNNER ADVANCE C250i', 'Canon imageRUNNER C1325iF', 'Canon imageCLASS D1170', 'Canon imageRUNNER ADVANCE C250iF', 'Canon imageRUNNER C1335iF', 'Canon imageCLASS D1180', 'Canon imageRUNNER ADVANCE C350i'];E:\Projects\PycharmProjects\parser_profit\images\canon\FL3-1430-000.jpg
Детали корпуса;RC2-6273-000;RC2-6273-000 - Петля лотка ручной подачи бумаги (правая);['Canon i-SENSYS LBP6650dn', 'Canon imageCLASS LBP6300dn', 'Canon LASER SHOT LBP6650dn', 'Canon i-SENSYS LBP6670dn', 'Canon imageCLASS LBP6650dn', 'Canon Satera LBP6300', 'Canon i-SENSYS LBP6680x', 'Canon imageCLASS LBP6670dn', 'Canon i-SENSYS LBP251dw', 'Canon i-SENSYS MF411dw', 'Canon imageCLASS LBP6680x', 'Canon i-SENSYS LBP252dw', 'Canon i-SENSYS MF416dw', 'Canon imageRUNNER 1133', 'Canon i-SENSYS LBP253x', 'Canon i-SENSYS MF418x', 'Canon imageRUNNER 1133A', 'Canon i-SENSYS LBP6300dn', 'Canon i-SENSYS MF419x', 'Canon imageRUNNER 1133iF'];
Детали корпуса;RC2-8291-000;RC2-8291-000 - Петля лотка ручной подачи бумаги (левая);['Canon i-SENSYS LBP6650dn', 'Canon imageCLASS LBP6300dn', 'Canon LASER SHOT LBP6650dn', 'Canon i-SENSYS LBP6670dn', 'Canon imageCLASS LBP6650dn', 'Canon Satera LBP6300', 'Canon i-SENSYS LBP6680x', 'Canon imageCLASS LBP6670dn', 'Canon i-SENSYS LBP251dw', 'Canon i-SENSYS MF411dw', 'Canon imageCLASS LBP6680x', 'Canon i-SENSYS LBP252dw', 'Canon i-SENSYS MF416dw', 'Canon imageRUNNER 1133', 'Canon i-SENSYS LBP253x', 'Canon i-SENSYS MF418x', 'Canon imageRUNNER 1133A', 'Canon i-SENSYS LBP6300dn', 'Canon i-SENSYS MF419x', 'Canon imageRUNNER 1133iF'];
Детали корпуса;XA9-1671-000;XA9-1671-000 - Винт (M3X8);['Canon i-SENSYS LBP712Cx', 'Canon i-SENSYS MF8540Cdn', 'Canon LASER SHOT LBP6650dn', 'Canon i-SENSYS LBP7200Cd', 'Canon imageCLASS LBP6300dn', 'Canon LASER SHOT LBP7200Cd', 'Canon i-SENSYS LBP7200Cdn', 'Canon imageCLASS LBP6650dn', 'Canon LASER SHOT LBP7200Cdn', 'Canon i-SENSYS LBP7210Cdn', 'Canon imageCLASS LBP6670dn', 'Canon Satera LBP6300', 'Canon i-SENSYS LBP7660Cdn', 'Canon imageCLASS LBP6680x', 'Canon Satera LBP7200Cd', 'Canon i-SENSYS LBP7680Cx', 'Canon imageCLASS LBP7200Cdn', 'Canon Satera LBP7200Cdn', 'Canon i-SENSYS MF411dw', 'Canon imageCLASS LBP7660Cdn', 'Canon i-SENSYS LBP251dw', 'Canon i-SENSYS MF416dw', 'Canon imageRUNNER 1133', 'Canon i-SENSYS LBP252dw', 'Canon i-SENSYS MF418x', 'Canon imageRUNNER 1133A', 'Canon i-SENSYS LBP253x', 'Canon i-SENSYS MF419x', 'Canon imageRUNNER 1133iF', 'Canon i-SENSYS LBP621Cw', 'Canon i-SENSYS MF641Cw', 'HP LaserJet 500 color MFP M575dn', 'Canon i-SENSYS LBP623Cdw', 'Canon i-SENSYS MF643Cdw', 'HP LaserJet 500 color MFP M575f', 'Canon i-SENSYS LBP6300dn', 'Canon i-SENSYS MF645Cx', 'HP LaserJet P2035', 'Canon i-SENSYS LBP653Cdw', 'Canon i-SENSYS MF724Cdw', 'HP LaserJet P2035n', 'Canon i-SENSYS LBP654Cx', 'Canon i-SENSYS MF728Cdw', 'HP LaserJet P2055', 'Canon i-SENSYS LBP6650dn', 'Canon i-SENSYS MF729Cx', 'HP LaserJet P2055d', 'Canon i-SENSYS LBP6670dn', 'Canon i-SENSYS MF732Cdw', 'HP LaserJet P2055dn', 'Canon i-SENSYS LBP6680x', 'Canon i-SENSYS MF734Cdw', 'HP LaserJet P2055x', 'Canon i-SENSYS LBP710Cx', 'Canon i-SENSYS MF735Cx', 'HP LaserJet color flow MFP M575c'];
Детали корпуса;XA9-1503-000;XA9-1503-000 - Винт (M3X6);['Canon i-SENSYS LBP3360', 'Canon imageCLASS LBP312dn', 'Canon LASER SHOT LBP3360', 'Canon i-SENSYS LBP6300dn', 'Canon imageCLASS LBP6300dn', 'Canon LASER SHOT LBP6300', 'Canon i-SENSYS LBP6650dn', 'Canon imageCLASS LBP6650dn', 'Canon LASER SHOT LBP6650dn', 'Canon i-SENSYS LBP6670dn', 'Canon imageCLASS LBP6670dn', 'Canon Satera LBP3300', 'Canon i-SENSYS LBP6680x', 'Canon imageCLASS LBP6680x', 'Canon Satera LBP6300', 'Canon i-SENSYS LBP710Cx', 'HP LaserJet P2035', 'Canon i-SENSYS LBP251dw', 'Canon i-SENSYS LBP712Cx', 'HP LaserJet P2035n', 'Canon i-SENSYS LBP252dw', 'Canon i-SENSYS MF411dw', 'HP LaserJet P2055', 'Canon i-SENSYS LBP253x', 'Canon i-SENSYS MF416dw', 'HP LaserJet P2055d', 'Canon i-SENSYS LBP312x', 'Canon i-SENSYS MF418x', 'HP LaserJet P2055dn', 'Canon i-SENSYS LBP3300', 'Canon i-SENSYS MF419x', 'HP LaserJet P2055x'];
Детали корпуса;WC4-5171-000CN;WC4-5171-000CN - Переключатель;['Canon i-SENSYS MF411dw', 'HP LaserJet P2055', 'Canon LASER SHOT LBP6650dn', 'Canon i-SENSYS MF416dw', 'HP LaserJet P2055d', 'Canon Satera LBP6300', 'Canon i-SENSYS MF418x', 'HP LaserJet P2055dn', 'Canon i-SENSYS LBP251dw', 'Canon i-SENSYS MF419x', 'HP LaserJet P2055x', 'Canon i-SENSYS LBP252dw', 'Canon imageCLASS LBP6300dn', 'HP LaserJet P3015', 'Canon i-SENSYS LBP253x', 'Canon imageCLASS LBP6650dn', 'HP LaserJet P3015d', 'Canon i-SENSYS LBP6300dn', 'Canon imageCLASS LBP6670dn', 'HP LaserJet P3015dn', 'Canon i-SENSYS LBP6650dn', 'Canon imageCLASS LBP6680x', 'HP LaserJet P3015x', 'Canon i-SENSYS LBP6670dn', 'HP LaserJet P2035', 'Canon i-SENSYS LBP6680x', 'HP LaserJet P2035n'];
