Узел автоматической подачи оригиналов;303LJ44040;303LJ44040 - Электромагнитная муфта в узле автоматической подачи документов;['Kyocera FS-1035MFP (PF-120)', 'Kyocera FS-3540MFP', 'Kyocera ECOSYS M2035dn', 'Kyocera FS-1124MFP', 'Kyocera FS-3640MFP', 'Kyocera ECOSYS M2530dn', 'Kyocera FS-1128MFP', 'Kyocera FS-C2026MFP', 'Kyocera ECOSYS M2535dn', 'Kyocera FS-1130MFP', 'Kyocera FS-C2026MFP+', 'Kyocera ECOSYS M6026cdn', 'Kyocera FS-1135MFP', 'Kyocera FS-C2126MFP', 'Kyocera ECOSYS M6526cdn', 'Kyocera FS-1135MFP (PF-120 / CB-120)', 'Kyocera FS-C2126MFP+', 'Kyocera FS-1028MFP (DP-110)', 'Kyocera FS-1135MFP (PF-120)', 'Kyocera FS-C2526MFP', 'Kyocera FS-1030MFP/DP', 'Kyocera FS-3040MFP', 'Kyocera FS-C2626MFP', 'Kyocera FS-1035MFP', 'Kyocera FS-3040MFP+', 'Kyocera FS-1035MFP (PF-120 / CB-120)', 'Kyocera FS-3140MFP+'];E:\Projects\PycharmProjects\parser_profit\images\kyoceramita\303LJ44040.jpg
Узел автоматической подачи оригиналов;303LJ94120;303LJ94120 - Лоток подачи бумаги автоподатчика документов, в сборе;['Kyocera FS-1035MFP (PF-120 / CB-120)', 'Kyocera FS-3140MFP+', 'Kyocera ECOSYS M2035dn', 'Kyocera FS-1035MFP (PF-120)', 'Kyocera FS-3540MFP', 'Kyocera ECOSYS M2530dn', 'Kyocera FS-1128MFP', 'Kyocera FS-3640MFP', 'Kyocera ECOSYS M2535dn', 'Kyocera FS-1130MFP', 'Kyocera FS-C2026MFP', 'Kyocera ECOSYS M6026cdn', 'Kyocera FS-1135MFP', 'Kyocera FS-C2026MFP+', 'Kyocera ECOSYS M6526cdn', 'Kyocera FS-1135MFP (PF-120 / CB-120)', 'Kyocera FS-C2126MFP', 'Kyocera FS-1028MFP (DP-110)', 'Kyocera FS-1135MFP (PF-120)', 'Kyocera FS-C2126MFP+', 'Kyocera FS-1030MFP/DP', 'Kyocera FS-3040MFP', 'Kyocera FS-C2526MFP', 'Kyocera FS-1035MFP', 'Kyocera FS-3040MFP+', 'Kyocera FS-C2626MFP'];
Узел автоматической подачи оригиналов;303M694030;303M694030 - Площадка отделения бумаги в узле автоматической подачи документов, в сборе;['Kyocera FS-1035MFP', 'Kyocera FS-1135MFP (PF-120)', 'Kyocera ECOSYS M2035dn', 'Kyocera FS-1035MFP (PF-120 / CB-120)', 'Kyocera FS-C2026MFP', 'Kyocera ECOSYS M2530dn', 'Kyocera FS-1035MFP (PF-120)', 'Kyocera FS-C2026MFP+', 'Kyocera ECOSYS M2535dn', 'Kyocera FS-1124MFP', 'Kyocera FS-C2126MFP', 'Kyocera ECOSYS M6026cdn', 'Kyocera FS-1130MFP', 'Kyocera FS-C2126MFP+', 'Kyocera ECOSYS M6526cdn', 'Kyocera FS-1135MFP', 'Kyocera FS-C2526MFP', 'Kyocera FS-1030MFP/DP', 'Kyocera FS-1135MFP (PF-120 / CB-120)', 'Kyocera FS-C2626MFP'];
Узел автоматической подачи оригиналов;36211110;36211110 - Ролик захвата бумаги в узле автоматической подачи документов;['Kyocera FS-1030MFP/DP', 'Kyocera FS-C2026MFP+', 'Kyocera ECOSYS M2035dn', 'Kyocera FS-1035MFP', 'Kyocera FS-C2126MFP', 'Kyocera ECOSYS M2040dn', 'Kyocera FS-1035MFP (PF-120 / CB-120)', 'Kyocera FS-C2126MFP+', 'Kyocera ECOSYS M2135dn', 'Kyocera FS-1035MFP (PF-120)', 'Kyocera FS-C2526MFP', 'Kyocera ECOSYS M2530dn', 'Kyocera FS-1118MFP', 'Kyocera FS-C2626MFP', 'Kyocera ECOSYS M2535dn', 'Kyocera FS-1124MFP', 'Kyocera KM-1815', 'Kyocera ECOSYS M2540dn', 'Kyocera FS-1128MFP', 'Kyocera KM-1820', 'Kyocera ECOSYS M2635dn', 'Kyocera FS-1130MFP', 'Kyocera KM-2540', 'Kyocera ECOSYS M2640idw', 'Kyocera FS-1135MFP', 'Kyocera KM-2560', 'Kyocera ECOSYS M2735dn', 'Kyocera FS-1135MFP (PF-120 / CB-120)', 'Kyocera KM-3040', 'Kyocera ECOSYS M2735dw', 'Kyocera FS-1135MFP (PF-120)', 'Kyocera KM-3060', 'Kyocera ECOSYS M5521cdn', 'Kyocera FS-3040MFP', 'Kyocera TASKalfa 180 (DP-420)', 'Kyocera ECOSYS M5521cdw', 'Kyocera FS-3040MFP+', 'Kyocera TASKalfa 181 (DP-420)', 'Kyocera ECOSYS M5526cdn', 'Kyocera FS-3140MFP', 'Kyocera TASKalfa 220 (DP-420)', 'Kyocera ECOSYS M5526cdw', 'Kyocera FS-3140MFP+', 'Kyocera TASKalfa 221 (DP-420)', 'Kyocera ECOSYS M6026cdn', 'Kyocera FS-3540MFP', 'Kyocera TASKalfa 2550ci', 'Kyocera ECOSYS M6526cdn', 'Kyocera FS-3640MFP', 'Kyocera TASKalfa 2551ci', 'Kyocera FS-1028MFP (DP-110)', 'Kyocera FS-C2026MFP'];E:\Projects\PycharmProjects\parser_profit\images\kyoceramita\36211110.jpg
Узел автоматической подачи оригиналов;36211110;CN | 36211110 - Ролик захвата бумаги в узле автоматической подачи документов;['Kyocera FS-1030MFP/DP', 'Kyocera FS-C2026MFP+', 'Kyocera ECOSYS M2035dn', 'Kyocera FS-1035MFP', 'Kyocera FS-C2126MFP', 'Kyocera ECOSYS M2040dn', 'Kyocera FS-1035MFP (PF-120 / CB-120)', 'Kyocera FS-C2126MFP+', 'Kyocera ECOSYS M2135dn', 'Kyocera FS-1035MFP (PF-120)', 'Kyocera FS-C2526MFP', 'Kyocera ECOSYS M2530dn', 'Kyocera FS-1118MFP', 'Kyocera FS-C2626MFP', 'Kyocera ECOSYS M2535dn', 'Kyocera FS-1124MFP', 'Kyocera KM-1815', 'Kyocera ECOSYS M2540dn', 'Kyocera FS-1128MFP', 'Kyocera KM-1820', 'Kyocera ECOSYS M2635dn', 'Kyocera FS-1130MFP', 'Kyocera KM-2540', 'Kyocera ECOSYS M2640idw', 'Kyocera FS-1135MFP', 'Kyocera KM-2560', 'Kyocera ECOSYS M2735dn', 'Kyocera FS-1135MFP (PF-120 / CB-120)', 'Kyocera KM-3040', 'Kyocera ECOSYS M2735dw', 'Kyocera FS-1135MFP (PF-120)', 'Kyocera KM-3060', 'Kyocera ECOSYS M5521cdn', 'Kyocera FS-3040MFP', 'Kyocera TASKalfa 180 (DP-420)', 'Kyocera ECOSYS M5521cdw', 'Kyocera FS-3040MFP+', 'Kyocera TASKalfa 181 (DP-420)', 'Kyocera ECOSYS M5526cdn', 'Kyocera FS-3140MFP', 'Kyocera TASKalfa 220 (DP-420)', 'Kyocera ECOSYS M5526cdw', 'Kyocera FS-3140MFP+', 'Kyocera TASKalfa 221 (DP-420)', 'Kyocera ECOSYS M6026cdn', 'Kyocera FS-3540MFP', 'Kyocera TASKalfa 2550ci', 'Kyocera ECOSYS M6526cdn', 'Kyocera FS-3640MFP', 'Kyocera TASKalfa 2551ci', 'Kyocera FS-1028MFP (DP-110)', 'Kyocera FS-C2026MFP', 'Kyocera ECOSYS M2030dn', 'Kyocera FS-1030MFP/DP', 'Kyocera FS-C2026MFP+', 'Kyocera ECOSYS M2035dn', 'Kyocera FS-1035MFP', 'Kyocera FS-C2126MFP', 'Kyocera ECOSYS M2040dn', 'Kyocera FS-1035MFP (PF-120 / CB-120)', 'Kyocera FS-C2126MFP+', 'Kyocera ECOSYS M2135dn', 'Kyocera FS-1035MFP (PF-120)', 'Kyocera FS-C2526MFP', 'Kyocera ECOSYS M2530dn', 'Kyocera FS-1118MFP', 'Kyocera FS-C2626MFP', 'Kyocera ECOSYS M2535dn', 'Kyocera FS-1124MFP', 'Kyocera KM-1815', 'Kyocera ECOSYS M2540dn', 'Kyocera FS-1128MFP', 'Kyocera KM-1820', 'Kyocera ECOSYS M2635dn', 'Kyocera FS-1130MFP', 'Kyocera KM-2540', 'Kyocera ECOSYS M2640idw', 'Kyocera FS-1135MFP', 'Kyocera KM-2560', 'Kyocera ECOSYS M2735dn', 'Kyocera FS-1135MFP (PF-120 / CB-120)', 'Kyocera KM-3040', 'Kyocera ECOSYS M2735dw', 'Kyocera FS-1135MFP (PF-120)', 'Kyocera KM-3060', 'Kyocera ECOSYS M5521cdn', 'Kyocera FS-3040MFP', 'Kyocera TASKalfa 180 (DP-420)', 'Kyocera ECOSYS M5521cdw', 'Kyocera FS-3040MFP+', 'Kyocera TASKalfa 181 (DP-420)', 'Kyocera ECOSYS M5526cdn', 'Kyocera FS-3140MFP', 'Kyocera TASKalfa 220 (DP-420)', 'Kyocera ECOSYS M5526cdw', 'Kyocera FS-3140MFP+', 'Kyocera TASKalfa 221 (DP-420)', 'Kyocera ECOSYS M6026cdn', 'Kyocera FS-3540MFP', 'Kyocera TASKalfa 2550ci', 'Kyocera ECOSYS M6526cdn', 'Kyocera FS-3640MFP', 'Kyocera TASKalfa 2551ci', 'Kyocera FS-1028MFP (DP-110)', 'Kyocera FS-C2026MFP'];E:\Projects\PycharmProjects\parser_profit\images\kyoceramita\36211110.jpg
Узел автоматической подачи оригиналов;3BR07040;3BR07040 - Ролик подачи бумаги в узле автоматической подачи документов;['Kyocera FS-1135MFP (PF-120 / CB-120)', 'Kyocera KM-1815', 'Kyocera ECOSYS M2030dn PN', 'Kyocera FS-1135MFP (PF-120)', 'Kyocera KM-1820', 'Kyocera ECOSYS M2035dn', 'Kyocera FS-3040MFP', 'Kyocera KM-2020', 'Kyocera ECOSYS M2530dn', 'Kyocera FS-3040MFP+', 'Kyocera KM-2035', 'Kyocera ECOSYS M2530dn PN', 'Kyocera FS-3140MFP', 'Kyocera KM-2035 (DP-410)', 'Kyocera ECOSYS M2535dn', 'Kyocera FS-3140MFP+', 'Kyocera KM-2050', 'Kyocera ECOSYS M5521cdn', 'Kyocera FS-3540MFP', 'Kyocera KM-2050 (DP-410)', 'Kyocera ECOSYS M5521cdw', 'Kyocera FS-3640MFP', 'Kyocera KM-2540', 'Kyocera ECOSYS M5526cdn', 'Kyocera FS-C2026MFP', 'Kyocera KM-2550', 'Kyocera ECOSYS M5526cdw', 'Kyocera FS-C2026MFP+', 'Kyocera KM-2550 (DF-410 / DP-410 / PF-410)', 'Kyocera ECOSYS M6026cdn', 'Kyocera FS-C2126MFP', 'Kyocera KM-2550 (DP-410)', 'Kyocera ECOSYS M6526cdn', 'Kyocera FS-C2126MFP+', 'Kyocera KM-2560', 'Kyocera FS-1028MFP (DP-110)', 'Kyocera FS-C2526MFP', 'Kyocera KM-3040', 'Kyocera FS-1030MFP/DP', 'Kyocera FS-C2626MFP', 'Kyocera KM-3060', 'Kyocera FS-1035MFP', 'Kyocera KM-1620', 'Kyocera TASKalfa 180', 'Kyocera FS-1035MFP (PF-120 / CB-120)', 'Kyocera KM-1635', 'Kyocera TASKalfa 180 (DP-420)', 'Kyocera FS-1035MFP (PF-120)', 'Kyocera KM-1635 (DP-410 / PF-410)', 'Kyocera TASKalfa 181 (DP-420)', 'Kyocera FS-1118MFP', 'Kyocera KM-1635 (DP-410)', 'Kyocera TASKalfa 220 (DP-420)', 'Kyocera FS-1124MFP', 'Kyocera KM-1650', 'Kyocera TASKalfa 221 (DP-420)', 'Kyocera FS-1128MFP', 'Kyocera KM-1650 (DF-410 / DP-410 / PF-410)', 'Kyocera TASKalfa 300i', 'Kyocera FS-1130MFP', 'Kyocera KM-1650 (DP-410 / PF-410)', 'Kyocera FS-1135MFP', 'Kyocera KM-1650 (DP-410)'];E:\Projects\PycharmProjects\parser_profit\images\kyoceramita\3BR07040.jpg
Узел автоматической подачи оригиналов;3BR07040;CET | 3BR07040 - (CET6550) Ролик подачи бумаги в узле автоматической подачи документов;['Kyocera FS-1135MFP (PF-120 / CB-120)', 'Kyocera KM-1815', 'Kyocera ECOSYS M2030dn PN', 'Kyocera FS-1135MFP (PF-120)', 'Kyocera KM-1820', 'Kyocera ECOSYS M2035dn', 'Kyocera FS-3040MFP', 'Kyocera KM-2020', 'Kyocera ECOSYS M2530dn', 'Kyocera FS-3040MFP+', 'Kyocera KM-2035', 'Kyocera ECOSYS M2530dn PN', 'Kyocera FS-3140MFP', 'Kyocera KM-2035 (DP-410)', 'Kyocera ECOSYS M2535dn', 'Kyocera FS-3140MFP+', 'Kyocera KM-2050', 'Kyocera ECOSYS M5521cdn', 'Kyocera FS-3540MFP', 'Kyocera KM-2050 (DP-410)', 'Kyocera ECOSYS M5521cdw', 'Kyocera FS-3640MFP', 'Kyocera KM-2540', 'Kyocera ECOSYS M5526cdn', 'Kyocera FS-C2026MFP', 'Kyocera KM-2550', 'Kyocera ECOSYS M5526cdw', 'Kyocera FS-C2026MFP+', 'Kyocera KM-2550 (DF-410 / DP-410 / PF-410)', 'Kyocera ECOSYS M6026cdn', 'Kyocera FS-C2126MFP', 'Kyocera KM-2550 (DP-410)', 'Kyocera ECOSYS M6526cdn', 'Kyocera FS-C2126MFP+', 'Kyocera KM-2560', 'Kyocera FS-1028MFP (DP-110)', 'Kyocera FS-C2526MFP', 'Kyocera KM-3040', 'Kyocera FS-1030MFP/DP', 'Kyocera FS-C2626MFP', 'Kyocera KM-3060', 'Kyocera FS-1035MFP', 'Kyocera KM-1620', 'Kyocera TASKalfa 180', 'Kyocera FS-1035MFP (PF-120 / CB-120)', 'Kyocera KM-1635', 'Kyocera TASKalfa 180 (DP-420)', 'Kyocera FS-1035MFP (PF-120)', 'Kyocera KM-1635 (DP-410 / PF-410)', 'Kyocera TASKalfa 181 (DP-420)', 'Kyocera FS-1118MFP', 'Kyocera KM-1635 (DP-410)', 'Kyocera TASKalfa 220 (DP-420)', 'Kyocera FS-1124MFP', 'Kyocera KM-1650', 'Kyocera TASKalfa 221 (DP-420)', 'Kyocera FS-1128MFP', 'Kyocera KM-1650 (DF-410 / DP-410 / PF-410)', 'Kyocera TASKalfa 300i', 'Kyocera FS-1130MFP', 'Kyocera KM-1650 (DP-410 / PF-410)', 'Kyocera FS-1135MFP', 'Kyocera KM-1650 (DP-410)', 'Kyocera ECOSYS M2030dn', 'Kyocera FS-1135MFP (PF-120 / CB-120)', 'Kyocera KM-1815', 'Kyocera ECOSYS M2030dn PN', 'Kyocera FS-1135MFP (PF-120)', 'Kyocera KM-1820', 'Kyocera ECOSYS M2035dn', 'Kyocera FS-3040MFP', 'Kyocera KM-2020', 'Kyocera ECOSYS M2530dn', 'Kyocera FS-3040MFP+', 'Kyocera KM-2035', 'Kyocera ECOSYS M2530dn PN', 'Kyocera FS-3140MFP', 'Kyocera KM-2035 (DP-410)', 'Kyocera ECOSYS M2535dn', 'Kyocera FS-3140MFP+', 'Kyocera KM-2050', 'Kyocera ECOSYS M5521cdn', 'Kyocera FS-3540MFP', 'Kyocera KM-2050 (DP-410)', 'Kyocera ECOSYS M5521cdw', 'Kyocera FS-3640MFP', 'Kyocera KM-2540', 'Kyocera ECOSYS M5526cdn', 'Kyocera FS-C2026MFP', 'Kyocera KM-2550', 'Kyocera ECOSYS M5526cdw', 'Kyocera FS-C2026MFP+', 'Kyocera KM-2550 (DF-410 / DP-410 / PF-410)', 'Kyocera ECOSYS M6026cdn', 'Kyocera FS-C2126MFP', 'Kyocera KM-2550 (DP-410)', 'Kyocera ECOSYS M6526cdn', 'Kyocera FS-C2126MFP+', 'Kyocera KM-2560', 'Kyocera FS-1028MFP (DP-110)', 'Kyocera FS-C2526MFP', 'Kyocera KM-3040', 'Kyocera FS-1030MFP/DP', 'Kyocera FS-C2626MFP', 'Kyocera KM-3060', 'Kyocera FS-1035MFP', 'Kyocera KM-1620', 'Kyocera TASKalfa 180', 'Kyocera FS-1035MFP (PF-120 / CB-120)', 'Kyocera KM-1635', 'Kyocera TASKalfa 180 (DP-420)', 'Kyocera FS-1035MFP (PF-120)', 'Kyocera KM-1635 (DP-410 / PF-410)', 'Kyocera TASKalfa 181 (DP-420)', 'Kyocera FS-1118MFP', 'Kyocera KM-1635 (DP-410)', 'Kyocera TASKalfa 220 (DP-420)', 'Kyocera FS-1124MFP', 'Kyocera KM-1650', 'Kyocera TASKalfa 221 (DP-420)', 'Kyocera FS-1128MFP', 'Kyocera KM-1650 (DF-410 / DP-410 / PF-410)', 'Kyocera TASKalfa 300i', 'Kyocera FS-1130MFP', 'Kyocera KM-1650 (DP-410 / PF-410)', 'Kyocera FS-1135MFP', 'Kyocera KM-1650 (DP-410)'];E:\Projects\PycharmProjects\parser_profit\images\kyoceramita\3BR07040.jpg
Подача и захват бумаги;302KT94051;302KT94051 - Узел отделения бумаги из кассеты на 500 листов, в сборе (ролик и держатель);['Kyocera FS-C2026MFP+', 'Kyocera FS-C2526MFP', 'Kyocera ECOSYS P6021cdn', 'Kyocera FS-C2126MFP', 'Kyocera FS-C2626MFP', 'Kyocera FS-C2026MFP', 'Kyocera FS-C2126MFP+', 'Kyocera FS-C5150DN'];E:\Projects\PycharmProjects\parser_profit\images\kyoceramita\302KT94051.jpg
Подача и захват бумаги;302KV94192;302KV94192 - Узел подачи бумаги из кассеты, в сборе (ролики и держатель);['Kyocera ECOSYS M6635cidn', 'Kyocera FS-C2026MFP', 'Kyocera ECOSYS M6030cdn', 'Kyocera ECOSYS P6021cdn', 'Kyocera FS-C2026MFP+', 'Kyocera ECOSYS M6035cidn', 'Kyocera ECOSYS P6026cdn', 'Kyocera FS-C2126MFP', 'Kyocera ECOSYS M6230cidn', 'Kyocera ECOSYS P6035cdn', 'Kyocera FS-C2126MFP+', 'Kyocera ECOSYS M6235cidn', 'Kyocera ECOSYS P6130cdn', 'Kyocera FS-C2526MFP', 'Kyocera ECOSYS M6526cdn', 'Kyocera ECOSYS P6230cdn', 'Kyocera FS-C2626MFP', 'Kyocera ECOSYS M6530cdn', 'Kyocera ECOSYS P6235cdn', 'Kyocera FS-C5150DN', 'Kyocera ECOSYS M6535cidn', 'Kyocera ECOSYS P7040cdn', 'Kyocera FS-C5250DN', 'Kyocera ECOSYS M6630cidn', 'Kyocera ECOSYS P7240cdn'];E:\Projects\PycharmProjects\parser_profit\images\kyoceramita\302KV94192.jpg
Подача и захват бумаги;302KV94211;302KV94211 - Привод узла подачи бумаги из кассеты, в сборе;['Kyocera FS-C2026MFP', 'Kyocera FS-C2526MFP', 'Kyocera ECOSYS M6526cdn', 'Kyocera FS-C2026MFP+', 'Kyocera FS-C2626MFP', 'Kyocera ECOSYS P6021cdn', 'Kyocera FS-C2126MFP', 'Kyocera FS-C5150DN', 'Kyocera ECOSYS P6026cdn', 'Kyocera FS-C2126MFP+', 'Kyocera FS-C5250DN'];
Подача и захват бумаги;302KV94230;302KV94230 - Привод узла ручной подачи бумаги, в сборе;['Kyocera FS-C2026MFP', 'Kyocera FS-C2526MFP', 'Kyocera ECOSYS M6526cdn', 'Kyocera FS-C2026MFP+', 'Kyocera FS-C2626MFP', 'Kyocera ECOSYS P6021cdn', 'Kyocera FS-C2126MFP', 'Kyocera FS-C5150DN', 'Kyocera ECOSYS P6026cdn', 'Kyocera FS-C2126MFP+', 'Kyocera FS-C5250DN'];
Подача и захват бумаги;5AAVR0LL+051;5AAVR0LL+051 - Ролик захвата бумаги из лотка ручной подачи;['Kyocera FS-2020DN', 'Kyocera FS-C2126MFP', 'Kyocera ECOSYS M6026cdn', 'Kyocera FS-3040MFP', 'Kyocera FS-C2126MFP+', 'Kyocera ECOSYS M6526cdn', 'Kyocera FS-3040MFP+', 'Kyocera FS-C2526MFP', 'Kyocera ECOSYS P6021cdn', 'Kyocera FS-3140MFP', 'Kyocera FS-C2626MFP', 'Kyocera ECOSYS P6026cdn', 'Kyocera FS-3140MFP+', 'Kyocera FS-C5015N', 'Kyocera ECOSYS P6030cdn', 'Kyocera FS-3540MFP', 'Kyocera FS-C5016N', 'Kyocera ECOSYS P7035cdn', 'Kyocera FS-3640MFP', 'Kyocera FS-C5020N', 'Kyocera FS-1800', 'Kyocera FS-3800', 'Kyocera FS-C5025N', 'Kyocera FS-1800+', 'Kyocera FS-3800N', 'Kyocera FS-C5030N', 'Kyocera FS-1800N', 'Kyocera FS-3900DN', 'Kyocera FS-C5100DN', 'Kyocera FS-1900', 'Kyocera FS-3920DN', 'Kyocera FS-C5150DN', 'Kyocera FS-1900N', 'Kyocera FS-4000DN', 'Kyocera FS-C5200DN', 'Kyocera FS-1920', 'Kyocera FS-4020DN', 'Kyocera FS-C5250DN', 'Kyocera FS-1920N', 'Kyocera FS-6950DN', 'Kyocera FS-C5300DN', 'Kyocera FS-2000D', 'Kyocera FS-6970DN', 'Kyocera FS-C5350DN', 'Kyocera FS-2000DN', 'Kyocera FS-C2026MFP', 'Kyocera FS-C5400DN', 'Kyocera FS-2020D', 'Kyocera FS-C2026MFP+'];E:\Projects\PycharmProjects\parser_profit\images\kyoceramita\5AAVR0LL+051.jpg
Внутренние компоненты;302F944160;302F944160 - Вентилятор;['Kyocera FS-3140MFP', 'Kyocera FS-6970DN', 'Kyocera ECOSYS M6526cdn', 'Kyocera FS-3140MFP+', 'Kyocera FS-C2026MFP', 'Kyocera ECOSYS P6021cdn', 'Kyocera FS-3540MFP', 'Kyocera FS-C2026MFP+', 'Kyocera ECOSYS P6026cdn', 'Kyocera FS-3640MFP', 'Kyocera FS-C2126MFP', 'Kyocera FS-2000D', 'Kyocera FS-3900DN', 'Kyocera FS-C2126MFP+', 'Kyocera FS-2000D (PF-310)', 'Kyocera FS-3900DN (PF-310)', 'Kyocera FS-C2526MFP', 'Kyocera FS-2000DN', 'Kyocera FS-3920DN', 'Kyocera FS-C2626MFP', 'Kyocera FS-2020D', 'Kyocera FS-4000DN', 'Kyocera FS-C5150DN', 'Kyocera FS-2020DN', 'Kyocera FS-4000DN (PF-310)', 'Kyocera FS-C5250DN', 'Kyocera FS-3040MFP', 'Kyocera FS-4020DN', 'Kyocera FS-3040MFP+', 'Kyocera FS-6950DN'];
Внутренние компоненты;302KV28070;302KV28070 - Вал выхода бумаги;['Kyocera FS-C2026MFP', 'Kyocera FS-C2526MFP', 'Kyocera ECOSYS M6526cdn', 'Kyocera FS-C2026MFP+', 'Kyocera FS-C2626MFP', 'Kyocera ECOSYS P6021cdn', 'Kyocera FS-C2126MFP', 'Kyocera FS-C5150DN', 'Kyocera ECOSYS P6026cdn', 'Kyocera FS-C2126MFP+', 'Kyocera FS-C5250DN'];
Внутренние компоненты;302KV28101;302KV28101 - Шестерня вала выхода бумаги (25/19 зубов);['Kyocera FS-C2026MFP', 'Kyocera FS-C2526MFP', 'Kyocera ECOSYS M6526cdn', 'Kyocera FS-C2026MFP+', 'Kyocera FS-C2626MFP', 'Kyocera ECOSYS P6021cdn', 'Kyocera FS-C2126MFP', 'Kyocera FS-C5150DN', 'Kyocera ECOSYS P6026cdn', 'Kyocera FS-C2126MFP+', 'Kyocera FS-C5250DN'];
Внутренние компоненты;302KV28140;302KV28140 - Шестерня привода вала выхода бумаги (19 зубов);['Kyocera FS-C2026MFP', 'Kyocera FS-C2526MFP', 'Kyocera ECOSYS M6526cdn', 'Kyocera FS-C2026MFP+', 'Kyocera FS-C2626MFP', 'Kyocera ECOSYS P6021cdn', 'Kyocera FS-C2126MFP', 'Kyocera FS-C5150DN', 'Kyocera ECOSYS P6026cdn', 'Kyocera FS-C2126MFP+', 'Kyocera FS-C5250DN'];
Внутренние компоненты;302KV31091;302KV31091 - Шестерня (50 зубов);['Kyocera FS-C2526MFP', 'Kyocera TASKalfa 5002i', 'Kyocera ECOSYS M6526cdn', 'Kyocera FS-C2626MFP', 'Kyocera TASKalfa 5052ci', 'Kyocera ECOSYS P6021cdn', 'Kyocera FS-C5150DN', 'Kyocera TASKalfa 6002i', 'Kyocera ECOSYS P6026cdn', 'Kyocera FS-C5250DN', 'Kyocera TASKalfa 6052ci', 'Kyocera ECOSYS P8060cdn', 'Kyocera TASKalfa 2552ci', 'Kyocera TASKalfa 7002i', 'Kyocera FS-C2026MFP', 'Kyocera TASKalfa 3252ci', 'Kyocera TASKalfa 7052ci', 'Kyocera FS-C2026MFP+', 'Kyocera TASKalfa 3552ci', 'Kyocera TASKalfa 8002i', 'Kyocera FS-C2126MFP', 'Kyocera TASKalfa 4002i', 'Kyocera TASKalfa 8052ci', 'Kyocera FS-C2126MFP+', 'Kyocera TASKalfa 4052ci'];
Внутренние компоненты;302KV31130;302KV31130 - Шестерня редуктора (36 зубов);['Kyocera FS-C2026MFP', 'Kyocera FS-C2526MFP', 'Kyocera ECOSYS M6526cdn', 'Kyocera FS-C2026MFP+', 'Kyocera FS-C2626MFP', 'Kyocera ECOSYS P6021cdn', 'Kyocera FS-C2126MFP', 'Kyocera FS-C5150DN', 'Kyocera ECOSYS P6026cdn', 'Kyocera FS-C2126MFP+', 'Kyocera FS-C5250DN'];
Внутренние компоненты;302KV31170;302KV31170 - Рычаг редуктора;['Kyocera FS-C2026MFP', 'Kyocera FS-C2526MFP', 'Kyocera ECOSYS M6526cdn', 'Kyocera FS-C2026MFP+', 'Kyocera FS-C2626MFP', 'Kyocera ECOSYS P6021cdn', 'Kyocera FS-C2126MFP', 'Kyocera FS-C5150DN', 'Kyocera ECOSYS P6026cdn', 'Kyocera FS-C2126MFP+', 'Kyocera FS-C5250DN'];
Внутренние компоненты;302KV31190;302KV31190 - Пружина рычага в редукторе;['Kyocera FS-C2026MFP', 'Kyocera FS-C2526MFP', 'Kyocera ECOSYS M6526cdn', 'Kyocera FS-C2026MFP+', 'Kyocera FS-C2626MFP', 'Kyocera ECOSYS P6021cdn', 'Kyocera FS-C2126MFP', 'Kyocera FS-C5150DN', 'Kyocera ECOSYS P6026cdn', 'Kyocera FS-C2126MFP+', 'Kyocera FS-C5250DN'];
Внутренние компоненты;302KV94350;302KV94350 - Подшипник шестерни;['Kyocera FS-C2026MFP', 'Kyocera FS-C2526MFP', 'Kyocera ECOSYS M6526cdn', 'Kyocera FS-C2026MFP+', 'Kyocera FS-C2626MFP', 'Kyocera ECOSYS P6021cdn', 'Kyocera FS-C2126MFP', 'Kyocera FS-C5150DN', 'Kyocera ECOSYS P6026cdn', 'Kyocera FS-C2126MFP+', 'Kyocera FS-C5250DN'];
Внутренние компоненты;DR-590A;DR-590A - Редуктор, в сборе;['Kyocera FS-C2026MFP', 'Kyocera FS-C2526MFP', 'Kyocera ECOSYS M6526cdn', 'Kyocera FS-C2026MFP+', 'Kyocera FS-C2626MFP', 'Kyocera ECOSYS P6021cdn', 'Kyocera FS-C2126MFP', 'Kyocera FS-C5150DN', 'Kyocera ECOSYS P6026cdn', 'Kyocera FS-C2126MFP+', 'Kyocera FS-C5250DN'];
Внутренние компоненты;DR-590B;DR-590B - Редуктор, в сборе;['Kyocera FS-C2026MFP', 'Kyocera FS-C2526MFP', 'Kyocera ECOSYS M6526cdn', 'Kyocera FS-C2026MFP+', 'Kyocera FS-C2626MFP', 'Kyocera ECOSYS P6021cdn', 'Kyocera FS-C2126MFP', 'Kyocera FS-C5150DN', 'Kyocera ECOSYS P6026cdn', 'Kyocera FS-C2126MFP+', 'Kyocera FS-C5250DN'];
Узел переноса;302KV94160;302KV94160 - Вал переноса, в сборе;['Kyocera FS-C2026MFP', 'Kyocera FS-C2526MFP', 'Kyocera ECOSYS M6526cdn', 'Kyocera FS-C2026MFP+', 'Kyocera FS-C2626MFP', 'Kyocera ECOSYS P6021cdn', 'Kyocera FS-C2126MFP', 'Kyocera FS-C5150DN', 'Kyocera ECOSYS P6026cdn', 'Kyocera FS-C2126MFP+', 'Kyocera FS-C5250DN'];
Узел переноса;DV-560C;DV-560C - Блок проявки (Голубой / Ресурс: до 200,000 стр.);['Kyocera FS-C2026MFP', 'Kyocera FS-C2626MFP', 'Kyocera ECOSYS M6026cdn', 'Kyocera FS-C2026MFP+', 'Kyocera FS-C5200DN', 'Kyocera ECOSYS M6526cdn', 'Kyocera FS-C2126MFP', 'Kyocera FS-C5250DN', 'Kyocera ECOSYS P6026cdn', 'Kyocera FS-C2126MFP+', 'Kyocera FS-C5300DN', 'Kyocera ECOSYS P6030cdn', 'Kyocera FS-C2526MFP', 'Kyocera FS-C5350DN'];E:\Projects\PycharmProjects\parser_profit\images\kyoceramita\DV-560C.jpg
Узел переноса;DV-560K;DV-560K - Блок проявки (Чёрный / Ресурс: до 200,000 стр.);['Kyocera FS-C2026MFP', 'Kyocera FS-C2626MFP', 'Kyocera ECOSYS M6026cdn', 'Kyocera FS-C2026MFP+', 'Kyocera FS-C5200DN', 'Kyocera ECOSYS M6526cdn', 'Kyocera FS-C2126MFP', 'Kyocera FS-C5250DN', 'Kyocera ECOSYS P6026cdn', 'Kyocera FS-C2126MFP+', 'Kyocera FS-C5300DN', 'Kyocera ECOSYS P6030cdn', 'Kyocera FS-C2526MFP', 'Kyocera FS-C5350DN'];E:\Projects\PycharmProjects\parser_profit\images\kyoceramita\DV-560K.jpg
Узел переноса;DV-560M;DV-560M - Блок проявки (Пурпурный / Ресурс: до 200,000 стр.);['Kyocera FS-C2026MFP', 'Kyocera FS-C2626MFP', 'Kyocera ECOSYS M6026cdn', 'Kyocera FS-C2026MFP+', 'Kyocera FS-C5200DN', 'Kyocera ECOSYS M6526cdn', 'Kyocera FS-C2126MFP', 'Kyocera FS-C5250DN', 'Kyocera ECOSYS P6026cdn', 'Kyocera FS-C2126MFP+', 'Kyocera FS-C5300DN', 'Kyocera ECOSYS P6030cdn', 'Kyocera FS-C2526MFP', 'Kyocera FS-C5350DN'];E:\Projects\PycharmProjects\parser_profit\images\kyoceramita\DV-560M.jpg
Узел переноса;DV-560Y;DV-560Y - Блок проявки (Жёлтый / Ресурс: до 200,000 стр.);['Kyocera FS-C2026MFP', 'Kyocera FS-C2626MFP', 'Kyocera ECOSYS M6026cdn', 'Kyocera FS-C2026MFP+', 'Kyocera FS-C5200DN', 'Kyocera ECOSYS M6526cdn', 'Kyocera FS-C2126MFP', 'Kyocera FS-C5250DN', 'Kyocera ECOSYS P6026cdn', 'Kyocera FS-C2126MFP+', 'Kyocera FS-C5300DN', 'Kyocera ECOSYS P6030cdn', 'Kyocera FS-C2526MFP', 'Kyocera FS-C5350DN'];E:\Projects\PycharmProjects\parser_profit\images\kyoceramita\DV-560Y.jpg
Узел переноса;MC-590;MC-590 - Узел переноса заряда в драм-картридже, в сборе;['Kyocera FS-C2026MFP+', 'Kyocera FS-C2626MFP', 'Kyocera ECOSYS M6526cdn', 'Kyocera FS-C2126MFP', 'Kyocera FS-C5250DN', 'Kyocera ECOSYS P6026cdn', 'Kyocera FS-C2126MFP+', 'Kyocera FS-C2026MFP', 'Kyocera FS-C2526MFP'];
Узел переноса;TR-590;TR-590 - Узел переноса изображения (Ресурс: до 200,000 стр.);['Kyocera FS-C2026MFP+', 'Kyocera FS-C2626MFP', 'Kyocera ECOSYS M6526cdn', 'Kyocera FS-C2126MFP', 'Kyocera FS-C5250DN', 'Kyocera ECOSYS P6026cdn', 'Kyocera FS-C2126MFP+', 'Kyocera FS-C2026MFP', 'Kyocera FS-C2526MFP'];E:\Projects\PycharmProjects\parser_profit\images\kyoceramita\TR-590.jpg
Электронные компоненты;302KV00070;302KV00070 - Мотор;['Kyocera FS-C2026MFP', 'Kyocera FS-C2526MFP', 'Kyocera ECOSYS M6526cdn', 'Kyocera FS-C2026MFP+', 'Kyocera FS-C2626MFP', 'Kyocera ECOSYS P6021cdn', 'Kyocera FS-C2126MFP', 'Kyocera FS-C5150DN', 'Kyocera ECOSYS P6026cdn', 'Kyocera FS-C2126MFP+', 'Kyocera FS-C5250DN'];
Электронные компоненты;302KV44041;302KV44041 - Электромагнитная муфта;['Kyocera FS-6025MFP', 'Kyocera TASKalfa 3552ci', 'Kyocera ECOSYS M3040idn', 'Kyocera FS-6025MFP/B', 'Kyocera TASKalfa 356ci', 'Kyocera ECOSYS M3540dn', 'Kyocera FS-6030MFP', 'Kyocera TASKalfa 4002i', 'Kyocera ECOSYS M3540idn', 'Kyocera FS-C2026MFP', 'Kyocera TASKalfa 4051ci', 'Kyocera ECOSYS M3550idn', 'Kyocera FS-C2026MFP+', 'Kyocera TASKalfa 4052ci', 'Kyocera ECOSYS M3560idn', 'Kyocera FS-C2126MFP', 'Kyocera TASKalfa 406ci', 'Kyocera ECOSYS M4125idn', 'Kyocera FS-C2126MFP+', 'Kyocera TASKalfa 4500i', 'Kyocera ECOSYS M4132idn', 'Kyocera FS-C2526MFP', 'Kyocera TASKalfa 4501i', 'Kyocera ECOSYS M6026cdn', 'Kyocera FS-C2626MFP', 'Kyocera TASKalfa 5002i', 'Kyocera ECOSYS M6030cdn', 'Kyocera FS-C5150DN', 'Kyocera TASKalfa 5052ci', 'Kyocera ECOSYS M6035cidn', 'Kyocera FS-C5250DN', 'Kyocera TASKalfa 5500i', 'Kyocera ECOSYS M6526cdn', 'Kyocera FS-C8600DN', 'Kyocera TASKalfa 5501i', 'Kyocera ECOSYS M6530cdn', 'Kyocera FS-C8650DN', 'Kyocera TASKalfa 5551ci', 'Kyocera ECOSYS M6535cidn', 'Kyocera TASKalfa 2460ci', 'Kyocera TASKalfa 6002i', 'Kyocera ECOSYS M8124cidn', 'Kyocera TASKalfa 2510i', 'Kyocera TASKalfa 6052ci', 'Kyocera ECOSYS M8130cidn', 'Kyocera TASKalfa 2550ci', 'Kyocera TASKalfa 6500i', 'Kyocera ECOSYS P3045dn', 'Kyocera TASKalfa 2551ci', 'Kyocera TASKalfa 6501i', 'Kyocera ECOSYS P3050dn', 'Kyocera TASKalfa 2552ci', 'Kyocera TASKalfa 6550ci', 'Kyocera ECOSYS P3055dn', 'Kyocera TASKalfa 3010i', 'Kyocera TASKalfa 6551ci', 'Kyocera ECOSYS P3060dn', 'Kyocera TASKalfa 3011i', 'Kyocera TASKalfa 7002i', 'Kyocera ECOSYS P4040dn', 'Kyocera TASKalfa 3051ci', 'Kyocera TASKalfa 7052ci', 'Kyocera ECOSYS P6021cdn', 'Kyocera TASKalfa 306ci', 'Kyocera TASKalfa 7550ci', 'Kyocera ECOSYS P6026cdn', 'Kyocera TASKalfa 3252ci', 'Kyocera TASKalfa 7551ci', 'Kyocera ECOSYS P6035cdn', 'Kyocera TASKalfa 3500i', 'Kyocera TASKalfa 8000i', 'Kyocera ECOSYS P6130cdn', 'Kyocera TASKalfa 3501i', 'Kyocera TASKalfa 8001i', 'Kyocera ECOSYS P7040cdn', 'Kyocera TASKalfa 3510i', 'Kyocera TASKalfa 8002i', 'Kyocera ECOSYS P7240cdn', 'Kyocera TASKalfa 3511i', 'Kyocera TASKalfa 8052ci', 'Kyocera ECOSYS P8060cdn', 'Kyocera TASKalfa 3551ci'];E:\Projects\PycharmProjects\parser_profit\images\kyoceramita\302KV44041.jpg
Электронные компоненты;302KV94270;302KV94270 - Мотор привода тонер-картриджа (Жёлтый);['Kyocera FS-C2026MFP', 'Kyocera FS-C2526MFP', 'Kyocera ECOSYS M6526cdn', 'Kyocera FS-C2026MFP+', 'Kyocera FS-C2626MFP', 'Kyocera ECOSYS P6021cdn', 'Kyocera FS-C2126MFP', 'Kyocera FS-C5150DN', 'Kyocera ECOSYS P6026cdn', 'Kyocera FS-C2126MFP+', 'Kyocera FS-C5250DN'];
Электронные компоненты;302KV94280;302KV94280 - Мотор привода тонер-картриджа (Голубой);['Kyocera FS-C2026MFP', 'Kyocera FS-C2526MFP', 'Kyocera ECOSYS M6526cdn', 'Kyocera FS-C2026MFP+', 'Kyocera FS-C2626MFP', 'Kyocera ECOSYS P6021cdn', 'Kyocera FS-C2126MFP', 'Kyocera FS-C5150DN', 'Kyocera ECOSYS P6026cdn', 'Kyocera FS-C2126MFP+', 'Kyocera FS-C5250DN'];
Электронные компоненты;302KV94290;302KV94290 - Мотор привода тонер-картриджа (Пурпурный);['Kyocera FS-C2026MFP', 'Kyocera FS-C2526MFP', 'Kyocera ECOSYS M6526cdn', 'Kyocera FS-C2026MFP+', 'Kyocera FS-C2626MFP', 'Kyocera ECOSYS P6021cdn', 'Kyocera FS-C2126MFP', 'Kyocera FS-C5150DN', 'Kyocera ECOSYS P6026cdn', 'Kyocera FS-C2126MFP+', 'Kyocera FS-C5250DN'];
Электронные компоненты;302KV94300;302KV94300 - Мотор привода тонер-картриджа (Чёрный);['Kyocera FS-C2026MFP', 'Kyocera FS-C2526MFP', 'Kyocera ECOSYS M6526cdn', 'Kyocera FS-C2026MFP+', 'Kyocera FS-C2626MFP', 'Kyocera ECOSYS P6021cdn', 'Kyocera FS-C2126MFP', 'Kyocera FS-C5150DN', 'Kyocera ECOSYS P6026cdn', 'Kyocera FS-C2126MFP+', 'Kyocera FS-C5250DN'];
Электронные компоненты;302KV94310;302KV94310 - Мотор блока лазера;['Kyocera FS-C2026MFP', 'Kyocera FS-C2526MFP', 'Kyocera ECOSYS M6526cdn', 'Kyocera FS-C2026MFP+', 'Kyocera FS-C2626MFP', 'Kyocera ECOSYS P6021cdn', 'Kyocera FS-C2126MFP', 'Kyocera FS-C5150DN', 'Kyocera ECOSYS P6026cdn', 'Kyocera FS-C2126MFP+', 'Kyocera FS-C5250DN'];E:\Projects\PycharmProjects\parser_profit\images\kyoceramita\302KV94310.jpg
Электронные компоненты;302KV94320;302KV94320 - Датчик, в сборе;['Kyocera FS-C2026MFP', 'Kyocera FS-C2526MFP', 'Kyocera ECOSYS M6526cdn', 'Kyocera FS-C2026MFP+', 'Kyocera FS-C2626MFP', 'Kyocera ECOSYS P6021cdn', 'Kyocera FS-C2126MFP', 'Kyocera FS-C5150DN', 'Kyocera ECOSYS P6026cdn', 'Kyocera FS-C2126MFP+', 'Kyocera FS-C5250DN'];
Электронные компоненты;302KV94350;302KV94350 - Плата контроля тонер-картриджей, в сборе;['Kyocera FS-C2026MFP', 'Kyocera FS-C2526MFP', 'Kyocera ECOSYS M6526cdn', 'Kyocera FS-C2026MFP+', 'Kyocera FS-C2626MFP', 'Kyocera ECOSYS P6021cdn', 'Kyocera FS-C2126MFP', 'Kyocera FS-C5150DN', 'Kyocera ECOSYS P6026cdn', 'Kyocera FS-C2126MFP+', 'Kyocera FS-C5250DN'];
Электронные компоненты;302KV94360;302KV94360 - Плата контроля температуры;['Kyocera FS-C2126MFP', 'Kyocera FS-C8520MFP', 'Kyocera ECOSYS M6526cdn', 'Kyocera FS-C2126MFP+', 'Kyocera FS-C8525MFP', 'Kyocera ECOSYS M8124cidn', 'Kyocera FS-C2526MFP', 'Kyocera TASKalfa 205c', 'Kyocera ECOSYS M8130cidn', 'Kyocera FS-C2626MFP', 'Kyocera TASKalfa 2460ci', 'Kyocera ECOSYS P6021cdn', 'Kyocera FS-C5150DN', 'Kyocera TASKalfa 2550ci', 'Kyocera ECOSYS P6026cdn', 'Kyocera FS-C5250DN', 'Kyocera TASKalfa 255c', 'Kyocera FS-C2026MFP', 'Kyocera FS-C8020MFP', 'Kyocera FS-C2026MFP+', 'Kyocera FS-C8025MFP'];
Электронные компоненты;LK-5135;LK-5135 - Блок лазера;['Kyocera FS-C2126MFP+', 'Kyocera FS-C5250DN', 'Kyocera FS-C2026MFP+', 'Kyocera FS-C2526MFP', 'Kyocera FS-C2126MFP', 'Kyocera FS-C2626MFP'];
Электронные компоненты;LK-5136;LK-5136 - Блок лазера;['Kyocera FS-C2126MFP+', 'Kyocera FS-C5250DN', 'Kyocera FS-C2026MFP+', 'Kyocera FS-C2526MFP', 'Kyocera FS-C2126MFP', 'Kyocera FS-C2626MFP'];
Электронные компоненты;302KT94070;302KT94070 - Плата датчиков наличия бумаги в кассете;['Kyocera ECOSYS M6530cdn', 'Kyocera FS-C2026MFP+', 'Kyocera ECOSYS M6030cdn', 'Kyocera ECOSYS M6535cidn', 'Kyocera FS-C2126MFP', 'Kyocera ECOSYS M6035cidn', 'Kyocera ECOSYS M6630cidn', 'Kyocera FS-C2126MFP+', 'Kyocera ECOSYS M6230cidn', 'Kyocera ECOSYS M6635cidn', 'Kyocera FS-C2526MFP', 'Kyocera ECOSYS M6235cidn', 'Kyocera ECOSYS P6021cdn', 'Kyocera FS-C2626MFP', 'Kyocera ECOSYS M6526cdn', 'Kyocera FS-C2026MFP', 'Kyocera FS-C5150DN'];
Узел термозакрепления;302KV94220;302KV94220 - Привод узла термозакрепления, в сборе;['Kyocera FS-C2026MFP', 'Kyocera FS-C2526MFP', 'Kyocera ECOSYS M6526cdn', 'Kyocera FS-C2026MFP+', 'Kyocera FS-C2626MFP', 'Kyocera ECOSYS P6021cdn', 'Kyocera FS-C2126MFP', 'Kyocera FS-C5150DN', 'Kyocera ECOSYS P6026cdn', 'Kyocera FS-C2126MFP+', 'Kyocera FS-C5250DN'];
Узел термозакрепления;FK-590;FK-590 - Печь, в сборе (220В);['Kyocera FS-C2026MFP', 'Kyocera FS-C2526MFP', 'Kyocera ECOSYS M6526cdn', 'Kyocera FS-C2026MFP+', 'Kyocera FS-C2626MFP', 'Kyocera ECOSYS P6021cdn', 'Kyocera FS-C2126MFP', 'Kyocera FS-C5150DN', 'Kyocera ECOSYS P6026cdn', 'Kyocera FS-C2126MFP+', 'Kyocera FS-C5250DN'];E:\Projects\PycharmProjects\parser_profit\images\kyoceramita\FK-590.jpg
Комплекты;MK-590;"MK-590 - Комплект для технического обслуживания (Ресурс: до 200,000 стр.)
---
Состав:
DK-590 - Драм-картридж (4)
DV-560C - Блок проявки, голубой (1)
DV-560K - Блок проявки, чёрный (1)
DV-560M - Блок проявки, пурпурный (1)
DV-560Y - Блок проявки, жёлтый (1)
302KT94051 - Узел отделения бумаги из кассеты на 500 листов (1)
302KV94181 - Узел отделения бумаги из кассеты на 250 листов (1)
302KV94192 - Узел подачи бумаги из кассеты (1)
5AAVR0LL+051 - Ролик захвата бумаги из лотка ручной подачи (1)
TR-590 - Узел переноса изображения (1)
FK-590 - Печь, в сборе (1)
---";['Kyocera FS-C2026MFP+', 'Kyocera FS-C2626MFP', 'Kyocera ECOSYS M6526cdn', 'Kyocera FS-C2126MFP', 'Kyocera FS-C5250DN', 'Kyocera ECOSYS P6026cdn', 'Kyocera FS-C2126MFP+', 'Kyocera FS-C2026MFP', 'Kyocera FS-C2526MFP'];
