Узел автоматической подачи оригиналов;JC97-03186A;JC97-03186A - Ролик захвата бумаги из автоподатчика документов, в сборе (в аппарате 2 шт.);['Samsung CLX-3175FW', 'Samsung CLX-3185FW', 'Samsung CLX-3175FN', 'Samsung CLX-3185FN'];E:\Projects\PycharmProjects\parser_profit\images\samsung\JC97-03186A.jpg
Подача и захват бумаги;0604-001415;0604-001415 - Датчик наличия бумаги;['Samsung CLX-8385ND', 'Samsung SCX-4655FN', 'Dell 1815dn', 'Samsung ML-1450', 'Samsung SCX-4720F', 'Dell 2145сn', 'Samsung ML-1451N', 'Samsung SCX-4720FN', 'Dell 2335dn', 'Samsung ML-1630', 'Samsung SCX-4727FD', 'Dell 2355dn', 'Samsung ML-1630W', 'Samsung SCX-4728FD', 'Dell 5330dn', 'Samsung ML-1650', 'Samsung SCX-4729FD', 'Ricoh Aficio SP 3300D', 'Samsung ML-1651N', 'Samsung SCX-4729FW', 'Ricoh Aficio SP 3300DN', 'Samsung ML-2150', 'Samsung SCX-4824FN', 'Ricoh Aficio SP 5100N', 'Samsung ML-2151N', 'Samsung SCX-4825FN', 'Samsung CLP-300', 'Samsung ML-2152W', 'Samsung SCX-4826FN', 'Samsung CLP-300N', 'Samsung ML-2250', 'Samsung SCX-4828FN', 'Samsung CLP-310', 'Samsung ML-2251N', 'Samsung SCX-4833FD', 'Samsung CLP-310N', 'Samsung ML-2251NP', 'Samsung SCX-4833FR', 'Samsung CLP-315', 'Samsung ML-2252W', 'Samsung SCX-4835FR', 'Samsung CLP-315W', 'Samsung ML-2550', 'Samsung SCX-5330N', 'Samsung CLP-320', 'Samsung ML-2551N', 'Samsung SCX-5530FN', 'Samsung CLP-320K', 'Samsung ML-2552W', 'Samsung SCX-5530N', 'Samsung CLP-320N', 'Samsung ML-2850D', 'Samsung SCX-5635FN', 'Samsung CLP-325', 'Samsung ML-2850N', 'Samsung SCX-5637FR', 'Samsung CLP-325K', 'Samsung ML-2851DK', 'Samsung SCX-5639FR', 'Samsung CLP-325W', 'Samsung ML-2851ND', 'Samsung SCX-5737FW', 'Samsung CLP-325WK', 'Samsung ML-2855ND', 'Samsung SCX-5739FW', 'Samsung CLP-360', 'Samsung ML-3050', 'Samsung SCX-5835FN', 'Samsung CLP-365', 'Samsung ML-3051N', 'Samsung SCX-5935FN', 'Samsung CLP-365W', 'Samsung ML-3051ND', 'Samsung SCX-6145', 'Samsung CLP-415N', 'Samsung ML-3470D', 'Samsung SCX-6245N', 'Samsung CLP-415NW', 'Samsung ML-3471ND', 'Samsung SCX-6345N', 'Samsung CLP-600', 'Samsung ML-3560', 'Samsung SCX-6345NJ', 'Samsung CLP-600N', 'Samsung ML-3561N', 'Samsung SCX-6545N', 'Samsung CLP-610ND', 'Samsung ML-3561ND', 'Samsung SCX-6555N', 'Samsung CLP-620ND', 'Samsung ML-4050', 'Samsung SF-560', 'Samsung CLP-620NDK', 'Samsung ML-4050N', 'Samsung SF-565P', 'Samsung CLP-650', 'Samsung ML-4550', 'Samsung SF-750', 'Samsung CLP-650N', 'Samsung ML-4551N', 'Samsung SF-755P', 'Samsung CLP-660N', 'Samsung ML-4551ND', 'Samsung Xpress C1810W', 'Samsung CLP-660ND', 'Samsung ML-4551NDR', 'Samsung Xpress C1860FW', 'Samsung CLP-670N', 'Samsung ML-5510N', 'Samsung Xpress C410W', 'Samsung CLP-670ND', 'Samsung ML-5510ND', 'Samsung Xpress C460FW', 'Samsung CLP-670NDK', 'Samsung ML-5512ND', 'Samsung Xpress C460W', 'Samsung CLP-680ND', 'Samsung ML-5515ND', 'Samsung Xpress M2625', 'Samsung CLP-770ND', 'Samsung ML-6510ND', 'Samsung Xpress M2625D', 'Samsung CLP-775ND', 'Samsung ML-6512ND', 'Samsung Xpress M2626', 'Samsung CLX-2160', 'Samsung ML-6515ND', 'Samsung Xpress M2626D', 'Samsung CLX-2160N', 'Samsung ProXpress M3870FD', 'Samsung Xpress M2675FN', 'Samsung CLX-3160FN', 'Samsung ProXpress M3870FW', 'Samsung Xpress M2676FH', 'Samsung CLX-3160N', 'Samsung ProXpress M4070FR', 'Samsung Xpress M2825DW', 'Samsung CLX-3170FN', 'Samsung SCX-3200', 'Samsung Xpress M2825ND', 'Samsung CLX-3175', 'Samsung SCX-3201', 'Samsung Xpress M2826ND', 'Samsung CLX-3175FN', 'Samsung SCX-3201G', 'Samsung Xpress M2835DW', 'Samsung CLX-3175FW', 'Samsung SCX-3205', 'Samsung Xpress M2870FD', 'Samsung CLX-3175N', 'Samsung SCX-3205W', 'Samsung Xpress M2870FW', 'Samsung CLX-3185', 'Samsung SCX-3206', 'Samsung Xpress M2875FD', 'Samsung CLX-3185FN', 'Samsung SCX-3206W', 'Samsung Xpress M2875FW', 'Samsung CLX-3185FW', 'Samsung SCX-3207', 'Samsung Xpress M2875ND', 'Samsung CLX-3185N', 'Samsung SCX-3208', 'Samsung Xpress M2876HN', 'Samsung CLX-3185W', 'Samsung SCX-3400', 'Samsung Xpress M2880FW', 'Samsung CLX-3300', 'Samsung SCX-3400F', 'Samsung Xpress M2885FW', 'Samsung CLX-3305', 'Samsung SCX-3405', 'Samsung Xpress M3015DW', 'Samsung CLX-3305FN', 'Samsung SCX-3405F', 'Samsung Xpress M3065FW', 'Samsung CLX-3305FW', 'Samsung SCX-3405FW', 'Xerox Phaser 3250D', 'Samsung CLX-3305W', 'Samsung SCX-3405W', 'Xerox Phaser 3250DN', 'Samsung CLX-4195FN', 'Samsung SCX-4016', 'Xerox Phaser 3420', 'Samsung CLX-4195FW', 'Samsung SCX-4116', 'Xerox Phaser 3425', 'Samsung CLX-6200FX', 'Samsung SCX-4216F', 'Xerox Phaser 3425 PS', 'Samsung CLX-6200ND', 'Samsung SCX-4321', 'Xerox Phaser 6110', 'Samsung CLX-6210FX', 'Samsung SCX-4500', 'Xerox Phaser 6110MFP/B', 'Samsung CLX-6220FX', 'Samsung SCX-4500W', 'Xerox Phaser 6110MFP/S', 'Samsung CLX-6240FX', 'Samsung SCX-4520', 'Xerox Phaser 6110MFP/X', 'Samsung CLX-6250FX', 'Samsung SCX-4521F', 'Xerox Phaser 6110N', 'Samsung CLX-6260FD', 'Samsung SCX-4600', 'Xerox WorkCentre 3210', 'Samsung CLX-6260FR', 'Samsung SCX-4623F', 'Xerox WorkCentre 3210N', 'Samsung CLX-6260FW', 'Samsung SCX-4623FH', 'Xerox WorkCentre 3220', 'Samsung CLX-6260ND', 'Samsung SCX-4623FN', 'Xerox WorkCentre 3220DN', 'Samsung CLX-8380ND', 'Samsung SCX-4650N'];E:\Projects\PycharmProjects\parser_profit\images\samsung\0604-001415.jpg
Подача и захват бумаги;JC33-00026A;JC33-00026A - Соленоид узла захвата бумаги из лотка подачи;['Samsung CLX-3185N', 'Samsung SCX-4825FN', 'Ricoh Aficio SP 3300DN', 'Samsung CLX-3185W', 'Samsung SCX-4826FN', 'Samsung CLP-310', 'Samsung ML-1910', 'Samsung SCX-4828FN', 'Samsung CLP-310N', 'Samsung ML-1915', 'Samsung SF-650', 'Samsung CLP-315', 'Samsung ML-2525', 'Samsung SF-650P', 'Samsung CLP-315W', 'Samsung ML-2525W', 'Xerox Phaser 3140', 'Samsung CLP-320', 'Samsung ML-2540', 'Xerox Phaser 3140 Orange', 'Samsung CLP-320K', 'Samsung ML-2540R', 'Xerox Phaser 3140 Silver / Black', 'Samsung CLP-320N', 'Samsung ML-2580N', 'Xerox Phaser 3140B', 'Samsung CLP-325', 'Samsung ML-2580NK', 'Xerox Phaser 3155', 'Samsung CLP-325K', 'Samsung ML-2850D', 'Xerox Phaser 3155B', 'Samsung CLP-325W', 'Samsung ML-2850N', 'Xerox Phaser 3160', 'Samsung CLP-325WK', 'Samsung ML-2851DK', 'Xerox Phaser 3160B', 'Samsung CLX-3170FN', 'Samsung ML-2851ND', 'Xerox Phaser 3160N', 'Samsung CLX-3175', 'Samsung ML-2855ND', 'Xerox Phaser 3250D', 'Samsung CLX-3175FN', 'Samsung SCX-4600', 'Xerox Phaser 3250DN', 'Samsung CLX-3175FW', 'Samsung SCX-4623F', 'Xerox WorkCentre 3210', 'Samsung CLX-3175N', 'Samsung SCX-4623FH', 'Xerox WorkCentre 3210N', 'Samsung CLX-3185', 'Samsung SCX-4623FN', 'Xerox WorkCentre 3220', 'Samsung CLX-3185FN', 'Samsung SCX-4623FW', 'Xerox WorkCentre 3220DN', 'Samsung CLX-3185FW', 'Samsung SCX-4824FN'];E:\Projects\PycharmProjects\parser_profit\images\samsung\JC33-00026A.jpg
Подача и захват бумаги;121N01168;Xerox | 121N01168 - Соленоид узла захвата бумаги из лотка подачи;['Samsung CLX-3185N', 'Samsung SCX-4825FN', 'Ricoh Aficio SP 3300DN', 'Samsung CLX-3185W', 'Samsung SCX-4826FN', 'Samsung CLP-310', 'Samsung ML-1910', 'Samsung SCX-4828FN', 'Samsung CLP-310N', 'Samsung ML-1915', 'Samsung SF-650', 'Samsung CLP-315', 'Samsung ML-2525', 'Samsung SF-650P', 'Samsung CLP-315W', 'Samsung ML-2525W', 'Xerox Phaser 3140', 'Samsung CLP-320', 'Samsung ML-2540', 'Xerox Phaser 3140 Orange', 'Samsung CLP-320K', 'Samsung ML-2540R', 'Xerox Phaser 3140 Silver / Black', 'Samsung CLP-320N', 'Samsung ML-2580N', 'Xerox Phaser 3140B', 'Samsung CLP-325', 'Samsung ML-2580NK', 'Xerox Phaser 3155', 'Samsung CLP-325K', 'Samsung ML-2850D', 'Xerox Phaser 3155B', 'Samsung CLP-325W', 'Samsung ML-2850N', 'Xerox Phaser 3160', 'Samsung CLP-325WK', 'Samsung ML-2851DK', 'Xerox Phaser 3160B', 'Samsung CLX-3170FN', 'Samsung ML-2851ND', 'Xerox Phaser 3160N', 'Samsung CLX-3175', 'Samsung ML-2855ND', 'Xerox Phaser 3250D', 'Samsung CLX-3175FN', 'Samsung SCX-4600', 'Xerox Phaser 3250DN', 'Samsung CLX-3175FW', 'Samsung SCX-4623F', 'Xerox WorkCentre 3210', 'Samsung CLX-3175N', 'Samsung SCX-4623FH', 'Xerox WorkCentre 3210N', 'Samsung CLX-3185', 'Samsung SCX-4623FN', 'Xerox WorkCentre 3220', 'Samsung CLX-3185FN', 'Samsung SCX-4623FW', 'Xerox WorkCentre 3220DN', 'Samsung CLX-3185FW', 'Samsung SCX-4824FN'];
Подача и захват бумаги;JC47-00019A;JC47-00019A - Электромагнитная муфта узла подачи;['Samsung CLP-325', 'Samsung CLX-3175FW', 'Samsung CLP-310N', 'Samsung CLP-325K', 'Samsung CLX-3175N', 'Samsung CLP-315', 'Samsung CLP-325W', 'Samsung CLX-3185', 'Samsung CLP-315W', 'Samsung CLP-325WK', 'Samsung CLX-3185FN', 'Samsung CLP-320', 'Samsung CLX-3170FN', 'Samsung CLX-3185FW', 'Samsung CLP-320K', 'Samsung CLX-3175', 'Samsung CLX-3185N', 'Samsung CLP-320N', 'Samsung CLX-3175FN', 'Samsung CLX-3185W'];
Подача и захват бумаги;JC73-00309A;JC73-00309A - Резиновый элемент на ролик захвата бумаги из основного лотка;['Samsung CLP-365W', 'Samsung CLX-3305FN', 'Samsung CLP-310N', 'Samsung CLX-3170FN', 'Samsung CLX-3305FW', 'Samsung CLP-315', 'Samsung CLX-3175', 'Samsung CLX-3305W', 'Samsung CLP-315W', 'Samsung CLX-3175FN', 'Samsung Xpress C410W', 'Samsung CLP-320', 'Samsung CLX-3175FW', 'Samsung Xpress C430', 'Samsung CLP-320K', 'Samsung CLX-3175N', 'Samsung Xpress C430W', 'Samsung CLP-320N', 'Samsung CLX-3185', 'Samsung Xpress C460FW', 'Samsung CLP-325', 'Samsung CLX-3185FN', 'Samsung Xpress C460W', 'Samsung CLP-325K', 'Samsung CLX-3185FW', 'Samsung Xpress C480', 'Samsung CLP-325W', 'Samsung CLX-3185N', 'Samsung Xpress C480FW', 'Samsung CLP-325WK', 'Samsung CLX-3185W', 'Samsung Xpress C480W', 'Samsung CLP-360', 'Samsung CLX-3300', 'Samsung CLP-365', 'Samsung CLX-3305'];E:\Projects\PycharmProjects\parser_profit\images\samsung\JC73-00309A.jpg
Подача и захват бумаги;JC97-03028A;"JC97-03028A - Ось узла захвата из основного лотка, в сборе (ролик захвата бумаги в комплекте)
Снято с производства";['Samsung CLP-325', 'Samsung CLX-3175FW', 'Samsung CLP-310N', 'Samsung CLP-325K', 'Samsung CLX-3175N', 'Samsung CLP-315', 'Samsung CLP-325W', 'Samsung CLX-3185', 'Samsung CLP-315W', 'Samsung CLP-325WK', 'Samsung CLX-3185FN', 'Samsung CLP-320', 'Samsung CLX-3170FN', 'Samsung CLX-3185FW', 'Samsung CLP-320K', 'Samsung CLX-3175', 'Samsung CLX-3185N', 'Samsung CLP-320N', 'Samsung CLX-3175FN', 'Samsung CLX-3185W'];E:\Projects\PycharmProjects\parser_profit\images\samsung\JC97-03028A.jpg
Подача и захват бумаги;JC97-03029A;"JC97-03029A - Площадка отделения бумаги с пластиковой направляющей, в сборе
Снято с производства";['Samsung CLP-315W', 'Samsung CLX-3175FN', 'Samsung CLP-310N', 'Samsung CLX-3170FN', 'Samsung CLX-3175FW', 'Samsung CLP-315', 'Samsung CLX-3175', 'Samsung CLX-3175N'];E:\Projects\PycharmProjects\parser_profit\images\samsung\JC97-03029A.jpg
Внутренние компоненты;6602-001637;6602-001637 - Ремень привода сканера;['Samsung SCX-3400', 'Samsung SCX-4727FD', 'Samsung CLX-3175', 'Samsung SCX-3400F', 'Samsung SCX-4728FD', 'Samsung CLX-3175FN', 'Samsung SCX-3405', 'Samsung SCX-4729FD', 'Samsung CLX-3175FW', 'Samsung SCX-3405F', 'Samsung SCX-4729FW', 'Samsung CLX-3175N', 'Samsung SCX-3405FW', 'Samsung SCX-4824FN', 'Samsung CLX-3185', 'Samsung SCX-3405W', 'Samsung SCX-4825FN', 'Samsung CLX-3185FN', 'Samsung SCX-4300', 'Samsung SCX-4826FN', 'Samsung CLX-3185FW', 'Samsung SCX-4600', 'Samsung SCX-4828FN', 'Samsung CLX-3185N', 'Samsung SCX-4623F', 'Xerox WorkCentre 3119', 'Samsung CLX-3185W', 'Samsung SCX-4623FH', 'Xerox WorkCentre 3210', 'Samsung SCX-3200', 'Samsung SCX-4623FN', 'Xerox WorkCentre 3210N', 'Samsung SCX-3205', 'Samsung SCX-4650N', 'Xerox WorkCentre 3220', 'Samsung SCX-3205W', 'Samsung SCX-4655FN', 'Xerox WorkCentre 3220DN'];E:\Projects\PycharmProjects\parser_profit\images\samsung\6602-001637.jpg
Внутренние компоненты;007N01549;Xerox | 007N01549 - Ремень привода сканера;['Samsung SCX-3400', 'Samsung SCX-4727FD', 'Samsung CLX-3175', 'Samsung SCX-3400F', 'Samsung SCX-4728FD', 'Samsung CLX-3175FN', 'Samsung SCX-3405', 'Samsung SCX-4729FD', 'Samsung CLX-3175FW', 'Samsung SCX-3405F', 'Samsung SCX-4729FW', 'Samsung CLX-3175N', 'Samsung SCX-3405FW', 'Samsung SCX-4824FN', 'Samsung CLX-3185', 'Samsung SCX-3405W', 'Samsung SCX-4825FN', 'Samsung CLX-3185FN', 'Samsung SCX-4300', 'Samsung SCX-4826FN', 'Samsung CLX-3185FW', 'Samsung SCX-4600', 'Samsung SCX-4828FN', 'Samsung CLX-3185N', 'Samsung SCX-4623F', 'Xerox WorkCentre 3119', 'Samsung CLX-3185W', 'Samsung SCX-4623FH', 'Xerox WorkCentre 3210', 'Samsung SCX-3200', 'Samsung SCX-4623FN', 'Xerox WorkCentre 3210N', 'Samsung SCX-3205', 'Samsung SCX-4650N', 'Xerox WorkCentre 3220', 'Samsung SCX-3205W', 'Samsung SCX-4655FN', 'Xerox WorkCentre 3220DN'];
Внутренние компоненты;JC61-01548A;JC61-01548A - Подшипник вала холостого хода;['Samsung CLX-3300', 'Samsung ML-1865W', 'Samsung CLP-300N', 'Samsung CLX-3305', 'Samsung ML-1865WK', 'Samsung CLP-310', 'Samsung CLX-3305', 'Samsung ML-1866', 'Samsung CLP-310N', 'Samsung CLX-3305FN', 'Samsung ML-1867', 'Samsung CLP-315', 'Samsung CLX-3305FW', 'Samsung ML-2240', 'Samsung CLP-315W', 'Samsung CLX-3305W', 'Samsung ML-2241', 'Samsung CLP-320', 'Samsung ML-1630', 'Samsung SCX-3200', 'Samsung CLP-320K', 'Samsung ML-1630W', 'Samsung SCX-3201', 'Samsung CLP-320N', 'Samsung ML-1640', 'Samsung SCX-3201G', 'Samsung CLP-325', 'Samsung ML-1641', 'Samsung SCX-3205', 'Samsung CLP-325K', 'Samsung ML-1645', 'Samsung SCX-3205W', 'Samsung CLP-325W', 'Samsung ML-1660', 'Samsung SCX-3206', 'Samsung CLP-325WK', 'Samsung ML-1661', 'Samsung SCX-3206W', 'Samsung CLP-360', 'Samsung ML-1665', 'Samsung SCX-3207', 'Samsung CLP-365', 'Samsung ML-1666', 'Samsung SCX-3208', 'Samsung CLP-365W', 'Samsung ML-1667', 'Samsung SCX-4500', 'Samsung CLX-2160', 'Samsung ML-1670', 'Samsung SCX-4500W', 'Samsung CLX-2160N', 'Samsung ML-1671', 'Samsung Xpress C410W', 'Samsung CLX-3160FN', 'Samsung ML-1672', 'Samsung Xpress C430', 'Samsung CLX-3160N', 'Samsung ML-1673', 'Samsung Xpress C430W', 'Samsung CLX-3170FN', 'Samsung ML-1674', 'Samsung Xpress C460FW', 'Samsung CLX-3175', 'Samsung ML-1675', 'Samsung Xpress C460W', 'Samsung CLX-3175FN', 'Samsung ML-1676', 'Samsung Xpress C480', 'Samsung CLX-3175FW', 'Samsung ML-1677', 'Samsung Xpress C480FW', 'Samsung CLX-3175N', 'Samsung ML-1860', 'Samsung Xpress C480W', 'Samsung CLX-3185', 'Samsung ML-1861', 'Xerox Phaser 6110', 'Samsung CLX-3185FN', 'Samsung ML-1861K', 'Xerox Phaser 6110MFP/B', 'Samsung CLX-3185FW', 'Samsung ML-1864K', 'Xerox Phaser 6110MFP/S', 'Samsung CLX-3185N', 'Samsung ML-1865', 'Xerox Phaser 6110MFP/X', 'Samsung CLX-3185W', 'Samsung ML-1865K', 'Xerox Phaser 6110N'];E:\Projects\PycharmProjects\parser_profit\images\samsung\JC61-01548A.jpg
Внутренние компоненты;JC96-04750A;JC96-04750A - Главный редуктор, в сборе (мотор в комплекте);['Samsung CLP-315W', 'Samsung CLX-3175FN', 'Samsung CLP-310N', 'Samsung CLX-3170FN', 'Samsung CLX-3175FW', 'Samsung CLP-315', 'Samsung CLX-3175', 'Samsung CLX-3175N'];
Внутренние компоненты;JC97-03024A;JC97-03024A - Узел выхода бумаги, в сборе;['Samsung CLP-315W', 'Samsung CLX-3175FN', 'Samsung CLP-310N', 'Samsung CLX-3170FN', 'Samsung CLX-3175FW', 'Samsung CLP-315', 'Samsung CLX-3175', 'Samsung CLX-3175N'];E:\Projects\PycharmProjects\parser_profit\images\samsung\JC97-03024A.jpg
Внутренние компоненты;JG66-40003A;JG66-40003A - Шестерня ограничителей формата бумаги;['Samsung ML-1915', 'Samsung SCX-4100', 'Dell 1815dn', 'Samsung ML-2010', 'Samsung SCX-4116', 'Dell 2145сn', 'Samsung ML-2010P', 'Samsung SCX-4200', 'Dell 2355dn', 'Samsung ML-2010R', 'Samsung SCX-4200R', 'Dell 5330dn', 'Samsung ML-2015', 'Samsung SCX-4216F', 'Samsung CLP-300', 'Samsung ML-2160', 'Samsung SCX-4220', 'Samsung CLP-300N', 'Samsung ML-2165', 'Samsung SCX-4300', 'Samsung CLP-310', 'Samsung ML-2165W', 'Samsung SCX-4321', 'Samsung CLP-310N', 'Samsung ML-2240', 'Samsung SCX-4500', 'Samsung CLP-315', 'Samsung ML-2250', 'Samsung SCX-4500W', 'Samsung CLP-315W', 'Samsung ML-2251N', 'Samsung SCX-4520', 'Samsung CLP-320', 'Samsung ML-2251NP', 'Samsung SCX-4521F', 'Samsung CLP-320K', 'Samsung ML-2252W', 'Samsung SCX-4600', 'Samsung CLP-320N', 'Samsung ML-2510', 'Samsung SCX-4623F', 'Samsung CLP-325', 'Samsung ML-2525', 'Samsung SCX-4623FH', 'Samsung CLP-325K', 'Samsung ML-2525W', 'Samsung SCX-4623FN', 'Samsung CLP-325W', 'Samsung ML-2540', 'Samsung SCX-4720F', 'Samsung CLP-325WK', 'Samsung ML-2540R', 'Samsung SCX-4720FN', 'Samsung CLP-350N', 'Samsung ML-2550', 'Samsung SCX-4725F', 'Samsung CLP-600', 'Samsung ML-2551N', 'Samsung SCX-4725FN', 'Samsung CLP-600N', 'Samsung ML-2552W', 'Samsung SCX-4824FN', 'Samsung CLP-610ND', 'Samsung ML-2570', 'Samsung SCX-4825FN', 'Samsung CLP-620ND', 'Samsung ML-2571N', 'Samsung SCX-4826FN', 'Samsung CLP-620NDK', 'Samsung ML-2580N', 'Samsung SCX-4828FN', 'Samsung CLP-650', 'Samsung ML-2580NK', 'Samsung SCX-4833FD', 'Samsung CLP-650N', 'Samsung ML-2850D', 'Samsung SCX-4833FR', 'Samsung CLP-660N', 'Samsung ML-2850N', 'Samsung SCX-4835FR', 'Samsung CLP-660ND', 'Samsung ML-2851DK', 'Samsung SCX-5330N', 'Samsung CLP-670N', 'Samsung ML-2851ND', 'Samsung SCX-5530FN', 'Samsung CLP-670ND', 'Samsung ML-2855ND', 'Samsung SCX-5530N', 'Samsung CLP-670NDK', 'Samsung ML-3050', 'Samsung SCX-5635FN', 'Samsung CLP-770ND', 'Samsung ML-3051N', 'Samsung SCX-5637FR', 'Samsung CLX-2160', 'Samsung ML-3051ND', 'Samsung SCX-5639FR', 'Samsung CLX-2160N', 'Samsung ML-3310D', 'Samsung SCX-5737FW', 'Samsung CLX-3160FN', 'Samsung ML-3310ND', 'Samsung SCX-5739FW', 'Samsung CLX-3160N', 'Samsung ML-3470D', 'Samsung SCX-5835FN', 'Samsung CLX-3170', 'Samsung ML-3471ND', 'Samsung SCX-5935FN', 'Samsung CLX-3170FN', 'Samsung ML-3560', 'Samsung SCX-6345N', 'Samsung CLX-3170FW', 'Samsung ML-3561N', 'Samsung SCX-6345NJ', 'Samsung CLX-3170N', 'Samsung ML-3561ND', 'Samsung SF-5100', 'Samsung CLX-3175', 'Samsung ML-3710D', 'Samsung SF-5100P', 'Samsung CLX-3175FN', 'Samsung ML-3710DW', 'Samsung SF-5100PI', 'Samsung CLX-3175FW', 'Samsung ML-3710ND', 'Samsung SF-560', 'Samsung CLX-3175N', 'Samsung ML-3750ND', 'Samsung SF-565P', 'Samsung CLX-3185', 'Samsung ML-4050', 'Samsung SF-650', 'Samsung CLX-3185FN', 'Samsung ML-4050N', 'Samsung SF-650P', 'Samsung CLX-3185FW', 'Samsung ML-4050ND', 'Samsung SF-750', 'Samsung CLX-3185N', 'Samsung ML-4510ND', 'Samsung SF-755P', 'Samsung CLX-3185W', 'Samsung ML-4512ND', 'Samsung SF-760P', 'Samsung CLX-6200FX', 'Samsung ML-4550', 'Samsung SF-830', 'Samsung CLX-6200ND', 'Samsung ML-4551N', 'Samsung SF-835P', 'Samsung CLX-6210FX', 'Samsung ML-4551ND', 'Xerox Phaser 3115', 'Samsung CLX-6220FX', 'Samsung ML-4551NDR', 'Xerox Phaser 3120', 'Samsung CLX-6240FX', 'Samsung ML-5010ND', 'Xerox Phaser 3121', 'Samsung CLX-6250FX', 'Samsung ML-5012ND', 'Xerox Phaser 3122', 'Samsung ML-1520', 'Samsung ML-5015ND', 'Xerox Phaser 3130', 'Samsung ML-1520P', 'Samsung ML-5017ND', 'Xerox Phaser 3200MFP', 'Samsung ML-1610', 'Samsung Msys-5100P', 'Xerox Phaser 3200MFP/B', 'Samsung ML-1615', 'Samsung Msys-830', 'Xerox Phaser 3200MFP/N', 'Samsung ML-1630', 'Samsung Msys-835P', 'Xerox Phaser 3250D', 'Samsung ML-1630W', 'Samsung MultiXpress CLX-9301NA', 'Xerox Phaser 3250DN', 'Samsung ML-1640', 'Samsung SCX-3200', 'Xerox WorkCentre 3210', 'Samsung ML-1660', 'Samsung SCX-3205', 'Xerox WorkCentre 3210N', 'Samsung ML-1665', 'Samsung SCX-3205W', 'Xerox WorkCentre 3220', 'Samsung ML-1740', 'Samsung SCX-3400', 'Xerox WorkCentre 3220DN', 'Samsung ML-1860', 'Samsung SCX-3400F', 'Xerox WorkCentre PE114e', 'Samsung ML-1865', 'Samsung SCX-3405', 'Xerox WorkCentre PE120', 'Samsung ML-1865K', 'Samsung SCX-3405F', 'Xerox WorkCentre PE120i', 'Samsung ML-1865W', 'Samsung SCX-3405FW', 'Xerox WorkCentre PE16', 'Samsung ML-1865WK', 'Samsung SCX-3405W', 'Xerox WorkCentre PE16e', 'Samsung ML-1910', 'Samsung SCX-4016', 'Xerox WorkCentre PE220'];
Внутренние компоненты;007N01178;Xerox | 007N01178 - Шестерня ограничителей формата бумаги;['Samsung ML-1915', 'Samsung SCX-4100', 'Dell 1815dn', 'Samsung ML-2010', 'Samsung SCX-4116', 'Dell 2145сn', 'Samsung ML-2010P', 'Samsung SCX-4200', 'Dell 2355dn', 'Samsung ML-2010R', 'Samsung SCX-4200R', 'Dell 5330dn', 'Samsung ML-2015', 'Samsung SCX-4216F', 'Samsung CLP-300', 'Samsung ML-2160', 'Samsung SCX-4220', 'Samsung CLP-300N', 'Samsung ML-2165', 'Samsung SCX-4300', 'Samsung CLP-310', 'Samsung ML-2165W', 'Samsung SCX-4321', 'Samsung CLP-310N', 'Samsung ML-2240', 'Samsung SCX-4500', 'Samsung CLP-315', 'Samsung ML-2250', 'Samsung SCX-4500W', 'Samsung CLP-315W', 'Samsung ML-2251N', 'Samsung SCX-4520', 'Samsung CLP-320', 'Samsung ML-2251NP', 'Samsung SCX-4521F', 'Samsung CLP-320K', 'Samsung ML-2252W', 'Samsung SCX-4600', 'Samsung CLP-320N', 'Samsung ML-2510', 'Samsung SCX-4623F', 'Samsung CLP-325', 'Samsung ML-2525', 'Samsung SCX-4623FH', 'Samsung CLP-325K', 'Samsung ML-2525W', 'Samsung SCX-4623FN', 'Samsung CLP-325W', 'Samsung ML-2540', 'Samsung SCX-4720F', 'Samsung CLP-325WK', 'Samsung ML-2540R', 'Samsung SCX-4720FN', 'Samsung CLP-350N', 'Samsung ML-2550', 'Samsung SCX-4725F', 'Samsung CLP-600', 'Samsung ML-2551N', 'Samsung SCX-4725FN', 'Samsung CLP-600N', 'Samsung ML-2552W', 'Samsung SCX-4824FN', 'Samsung CLP-610ND', 'Samsung ML-2570', 'Samsung SCX-4825FN', 'Samsung CLP-620ND', 'Samsung ML-2571N', 'Samsung SCX-4826FN', 'Samsung CLP-620NDK', 'Samsung ML-2580N', 'Samsung SCX-4828FN', 'Samsung CLP-650', 'Samsung ML-2580NK', 'Samsung SCX-4833FD', 'Samsung CLP-650N', 'Samsung ML-2850D', 'Samsung SCX-4833FR', 'Samsung CLP-660N', 'Samsung ML-2850N', 'Samsung SCX-4835FR', 'Samsung CLP-660ND', 'Samsung ML-2851DK', 'Samsung SCX-5330N', 'Samsung CLP-670N', 'Samsung ML-2851ND', 'Samsung SCX-5530FN', 'Samsung CLP-670ND', 'Samsung ML-2855ND', 'Samsung SCX-5530N', 'Samsung CLP-670NDK', 'Samsung ML-3050', 'Samsung SCX-5635FN', 'Samsung CLP-770ND', 'Samsung ML-3051N', 'Samsung SCX-5637FR', 'Samsung CLX-2160', 'Samsung ML-3051ND', 'Samsung SCX-5639FR', 'Samsung CLX-2160N', 'Samsung ML-3310D', 'Samsung SCX-5737FW', 'Samsung CLX-3160FN', 'Samsung ML-3310ND', 'Samsung SCX-5739FW', 'Samsung CLX-3160N', 'Samsung ML-3470D', 'Samsung SCX-5835FN', 'Samsung CLX-3170', 'Samsung ML-3471ND', 'Samsung SCX-5935FN', 'Samsung CLX-3170FN', 'Samsung ML-3560', 'Samsung SCX-6345N', 'Samsung CLX-3170FW', 'Samsung ML-3561N', 'Samsung SCX-6345NJ', 'Samsung CLX-3170N', 'Samsung ML-3561ND', 'Samsung SF-5100', 'Samsung CLX-3175', 'Samsung ML-3710D', 'Samsung SF-5100P', 'Samsung CLX-3175FN', 'Samsung ML-3710DW', 'Samsung SF-5100PI', 'Samsung CLX-3175FW', 'Samsung ML-3710ND', 'Samsung SF-560', 'Samsung CLX-3175N', 'Samsung ML-3750ND', 'Samsung SF-565P', 'Samsung CLX-3185', 'Samsung ML-4050', 'Samsung SF-650', 'Samsung CLX-3185FN', 'Samsung ML-4050N', 'Samsung SF-650P', 'Samsung CLX-3185FW', 'Samsung ML-4050ND', 'Samsung SF-750', 'Samsung CLX-3185N', 'Samsung ML-4510ND', 'Samsung SF-755P', 'Samsung CLX-3185W', 'Samsung ML-4512ND', 'Samsung SF-760P', 'Samsung CLX-6200FX', 'Samsung ML-4550', 'Samsung SF-830', 'Samsung CLX-6200ND', 'Samsung ML-4551N', 'Samsung SF-835P', 'Samsung CLX-6210FX', 'Samsung ML-4551ND', 'Xerox Phaser 3115', 'Samsung CLX-6220FX', 'Samsung ML-4551NDR', 'Xerox Phaser 3120', 'Samsung CLX-6240FX', 'Samsung ML-5010ND', 'Xerox Phaser 3121', 'Samsung CLX-6250FX', 'Samsung ML-5012ND', 'Xerox Phaser 3122', 'Samsung ML-1520', 'Samsung ML-5015ND', 'Xerox Phaser 3130', 'Samsung ML-1520P', 'Samsung ML-5017ND', 'Xerox Phaser 3200MFP', 'Samsung ML-1610', 'Samsung Msys-5100P', 'Xerox Phaser 3200MFP/B', 'Samsung ML-1615', 'Samsung Msys-830', 'Xerox Phaser 3200MFP/N', 'Samsung ML-1630', 'Samsung Msys-835P', 'Xerox Phaser 3250D', 'Samsung ML-1630W', 'Samsung MultiXpress CLX-9301NA', 'Xerox Phaser 3250DN', 'Samsung ML-1640', 'Samsung SCX-3200', 'Xerox WorkCentre 3210', 'Samsung ML-1660', 'Samsung SCX-3205', 'Xerox WorkCentre 3210N', 'Samsung ML-1665', 'Samsung SCX-3205W', 'Xerox WorkCentre 3220', 'Samsung ML-1740', 'Samsung SCX-3400', 'Xerox WorkCentre 3220DN', 'Samsung ML-1860', 'Samsung SCX-3400F', 'Xerox WorkCentre PE114e', 'Samsung ML-1865', 'Samsung SCX-3405', 'Xerox WorkCentre PE120', 'Samsung ML-1865K', 'Samsung SCX-3405F', 'Xerox WorkCentre PE120i', 'Samsung ML-1865W', 'Samsung SCX-3405FW', 'Xerox WorkCentre PE16', 'Samsung ML-1865WK', 'Samsung SCX-3405W', 'Xerox WorkCentre PE16e', 'Samsung ML-1910', 'Samsung SCX-4016', 'Xerox WorkCentre PE220'];
Внутренние компоненты;JC66-00810A;JC66-00810A - Шестерня узла выхода бумаги (17 зубов);['Samsung CLX-6210FX', 'Samsung SCX-4521F', 'Samsung CLP-300N', 'Samsung CLX-6220FX', 'Samsung SCX-4725F', 'Samsung CLP-310', 'Samsung CLX-6240FX', 'Samsung SCX-4725FN', 'Samsung CLP-310N', 'Samsung CLX-6250FX', 'Xerox Phaser 3117', 'Samsung CLP-315', 'Samsung ML-1610', 'Xerox Phaser 3122', 'Samsung CLP-315W', 'Samsung ML-1615', 'Xerox Phaser 3124', 'Samsung CLP-350N', 'Samsung ML-1640', 'Xerox Phaser 3125', 'Samsung CLX-2160', 'Samsung ML-1641', 'Xerox Phaser 3125N', 'Samsung CLX-2160N', 'Samsung ML-1645', 'Xerox Phaser 3200MFP', 'Samsung CLX-3160FN', 'Samsung ML-2010', 'Xerox Phaser 3200MFP/B', 'Samsung CLX-3160N', 'Samsung ML-2010P', 'Xerox Phaser 3200MFP/N', 'Samsung CLX-3170FN', 'Samsung ML-2010R', 'Xerox Phaser 6110', 'Samsung CLX-3175', 'Samsung ML-2240', 'Xerox Phaser 6110MFP/B', 'Samsung CLX-3175FN', 'Samsung ML-2241', 'Xerox Phaser 6110MFP/S', 'Samsung CLX-3175FW', 'Samsung ML-2510', 'Xerox Phaser 6110MFP/X', 'Samsung CLX-3175N', 'Samsung ML-2570', 'Xerox Phaser 6110N', 'Samsung CLX-6200FX', 'Samsung ML-2571N', 'Xerox WorkCentre PE220', 'Samsung CLX-6200ND', 'Samsung SCX-4321'];
Внутренние компоненты;007N01377;Xerox | 007N01377 - Шестерня узла выхода бумаги (17 зубов);['Samsung CLX-6210FX', 'Samsung SCX-4521F', 'Samsung CLP-300N', 'Samsung CLX-6220FX', 'Samsung SCX-4725F', 'Samsung CLP-310', 'Samsung CLX-6240FX', 'Samsung SCX-4725FN', 'Samsung CLP-310N', 'Samsung CLX-6250FX', 'Xerox Phaser 3117', 'Samsung CLP-315', 'Samsung ML-1610', 'Xerox Phaser 3122', 'Samsung CLP-315W', 'Samsung ML-1615', 'Xerox Phaser 3124', 'Samsung CLP-350N', 'Samsung ML-1640', 'Xerox Phaser 3125', 'Samsung CLX-2160', 'Samsung ML-1641', 'Xerox Phaser 3125N', 'Samsung CLX-2160N', 'Samsung ML-1645', 'Xerox Phaser 3200MFP', 'Samsung CLX-3160FN', 'Samsung ML-2010', 'Xerox Phaser 3200MFP/B', 'Samsung CLX-3160N', 'Samsung ML-2010P', 'Xerox Phaser 3200MFP/N', 'Samsung CLX-3170FN', 'Samsung ML-2010R', 'Xerox Phaser 6110', 'Samsung CLX-3175', 'Samsung ML-2240', 'Xerox Phaser 6110MFP/B', 'Samsung CLX-3175FN', 'Samsung ML-2241', 'Xerox Phaser 6110MFP/S', 'Samsung CLX-3175FW', 'Samsung ML-2510', 'Xerox Phaser 6110MFP/X', 'Samsung CLX-3175N', 'Samsung ML-2570', 'Xerox Phaser 6110N', 'Samsung CLX-6200FX', 'Samsung ML-2571N', 'Xerox WorkCentre PE220', 'Samsung CLX-6200ND', 'Samsung SCX-4321'];
Электронные компоненты;0609-001305;0609-001305 - Линейка сканирования;['Samsung SCX-4824FN', 'Xerox WorkCentre 3210N', 'Samsung CLX-3175', 'Samsung SCX-4825FN', 'Xerox WorkCentre 3220', 'Samsung CLX-3175FN', 'Samsung SCX-4826FN', 'Xerox WorkCentre 3220DN', 'Samsung CLX-3175FW', 'Samsung SCX-4828FN', 'Samsung CLX-3175N', 'Xerox WorkCentre 3210'];
Электронные компоненты;130N01570;Xerox | 130N01570 - Линейка сканирования;['Samsung SCX-4824FN', 'Xerox WorkCentre 3210N', 'Samsung CLX-3175', 'Samsung SCX-4825FN', 'Xerox WorkCentre 3220', 'Samsung CLX-3175FN', 'Samsung SCX-4826FN', 'Xerox WorkCentre 3220DN', 'Samsung CLX-3175FW', 'Samsung SCX-4828FN', 'Samsung CLX-3175N', 'Xerox WorkCentre 3210'];
Электронные компоненты;JC31-00091A;"JC31-00091A - Мотор главного редуктора
Снято с производства";['Samsung CLP-620ND', 'Samsung CLX-3175FN', 'Samsung CLP-310N', 'Samsung CLP-620NDK', 'Samsung CLX-3175FW', 'Samsung CLP-315', 'Samsung CLX-3170FN', 'Samsung CLX-3175N', 'Samsung CLP-315W', 'Samsung CLX-3175', 'Samsung CLX-6220FX'];
Электронные компоненты;JC44-00096B;"JC44-00096B - Плата импульсного питания (220В)
Снято с производства";['Samsung CLX-3175FN', 'Samsung SCX-4826FN', 'Samsung CLP-310N', 'Samsung CLX-3175FW', 'Samsung SCX-4828FN', 'Samsung CLP-315', 'Samsung CLX-3175N', 'Xerox WorkCentre 3210', 'Samsung CLP-315W', 'Samsung ML-2855ND', 'Xerox WorkCentre 3210N', 'Samsung CLX-3170FN', 'Samsung SCX-4824FN', 'Xerox WorkCentre 3220', 'Samsung CLX-3175', 'Samsung SCX-4825FN', 'Xerox WorkCentre 3220DN'];
Электронные компоненты;105N02163;Xerox | 105N02163 - Плата импульсного питания (220В);['Samsung ML-2850D', 'Samsung ML-3051N', 'Samsung CLP-300N', 'Samsung ML-2850N', 'Samsung ML-3051ND', 'Samsung CLP-350N', 'Samsung ML-2851DK', 'Xerox Phaser 3250D', 'Samsung CLX-2160', 'Samsung ML-2851ND', 'Xerox Phaser 3250DN', 'Samsung CLX-2160N', 'Samsung ML-3050', 'Samsung CLP-300', 'Samsung ML-2850D', 'Samsung ML-3051N', 'Samsung CLP-300N', 'Samsung ML-2850N', 'Samsung ML-3051ND', 'Samsung CLP-350N', 'Samsung ML-2851DK', 'Xerox Phaser 3250D', 'Samsung CLX-2160', 'Samsung ML-2851ND', 'Xerox Phaser 3250DN', 'Samsung CLX-2160N', 'Samsung ML-3050'];E:\Projects\PycharmProjects\parser_profit\images\samsung\105N02163.jpg
Электронные компоненты;JC44-00164A;"JC44-00164A - Плата высоковольтного питания
Снято с производства";['Samsung CLP-315W', 'Samsung CLX-3175FN', 'Samsung CLP-310N', 'Samsung CLX-3170FN', 'Samsung CLX-3175FW', 'Samsung CLP-315', 'Samsung CLX-3175', 'Samsung CLX-3175N'];
Электронные компоненты;JC92-02022A;JC92-02022A - Плата форматтера (для моделей без беспроводной печати);['Samsung CLX-3175FN', 'Samsung CLX-3175', 'Samsung CLX-3175N'];
Электронные компоненты;JC96-04826A;JC96-04826A - Блок лазера;['Samsung CLP-320N', 'Samsung CLX-3175', 'Samsung CLP-310N', 'Samsung CLP-325', 'Samsung CLX-3175FN', 'Samsung CLP-315', 'Samsung CLP-325K', 'Samsung CLX-3175FW', 'Samsung CLP-315W', 'Samsung CLP-325W', 'Samsung CLX-3175N', 'Samsung CLP-320', 'Samsung CLP-325WK', 'Samsung CLP-320K', 'Samsung CLX-3170FN'];E:\Projects\PycharmProjects\parser_profit\images\samsung\JC96-04826A.jpg
Электронные компоненты;JC96-05014A;JC96-05014A - Панель управления, в сборе;[];
Узел термозакрепления;4712-001027;"4712-001027 - Термостат
Снято с производства";['Samsung CLX-3160N', 'Samsung SCX-6322DNG', 'Samsung CLP-300N', 'Samsung CLX-3170FN', 'Xerox CopyCentre C20', 'Samsung CLP-350N', 'Samsung CLX-3175', 'Xerox FaxCentre 2218', 'Samsung CLP-351NK', 'Samsung CLX-3175FN', 'Xerox Phaser 6110', 'Samsung CLP-351NKG', 'Samsung CLX-3175FW', 'Xerox Phaser 6110MFP/B', 'Samsung CLP-600', 'Samsung CLX-3175N', 'Xerox Phaser 6110MFP/S', 'Samsung CLP-600N', 'Samsung ML-1630', 'Xerox Phaser 6110MFP/X', 'Samsung CLP-650', 'Samsung ML-1630W', 'Xerox Phaser 6110N', 'Samsung CLP-650N', 'Samsung SCX-4500', 'Xerox WorkCentre 4118p', 'Samsung CLX-2160', 'Samsung SCX-4500W', 'Xerox WorkCentre 4118x', 'Samsung CLX-2160N', 'Samsung SCX-6122FN', 'Xerox WorkCentre M20', 'Samsung CLX-3160FN', 'Samsung SCX-6322DN', 'Xerox WorkCentre M20i'];
Узел термозакрепления;130N01491;Xerox | 130N01491 - Термостат;['Samsung CLX-3160N', 'Samsung SCX-6322DNG', 'Samsung CLP-300N', 'Samsung CLX-3170FN', 'Xerox CopyCentre C20', 'Samsung CLP-350N', 'Samsung CLX-3175', 'Xerox FaxCentre 2218', 'Samsung CLP-351NK', 'Samsung CLX-3175FN', 'Xerox Phaser 6110', 'Samsung CLP-351NKG', 'Samsung CLX-3175FW', 'Xerox Phaser 6110MFP/B', 'Samsung CLP-600', 'Samsung CLX-3175N', 'Xerox Phaser 6110MFP/S', 'Samsung CLP-600N', 'Samsung ML-1630', 'Xerox Phaser 6110MFP/X', 'Samsung CLP-650', 'Samsung ML-1630W', 'Xerox Phaser 6110N', 'Samsung CLP-650N', 'Samsung SCX-4500', 'Xerox WorkCentre 4118p', 'Samsung CLX-2160', 'Samsung SCX-4500W', 'Xerox WorkCentre 4118x', 'Samsung CLX-2160N', 'Samsung SCX-6122FN', 'Xerox WorkCentre M20', 'Samsung CLX-3160FN', 'Samsung SCX-6322DN', 'Xerox WorkCentre M20i'];
Узел термозакрепления;4713-001210;4713-001210 - Лампа нагрева тефлонового вала (230В / 850Вт / 8 x 299.5мм);['Samsung CLX-2160N', 'Samsung CLX-3175N', 'Samsung CLP-300N', 'Samsung CLX-3160FN', 'Xerox Phaser 6110', 'Samsung CLP-310', 'Samsung CLX-3160N', 'Xerox Phaser 6110MFP/B', 'Samsung CLP-310N', 'Samsung CLX-3170FN', 'Xerox Phaser 6110MFP/S', 'Samsung CLP-315', 'Samsung CLX-3175', 'Xerox Phaser 6110MFP/X', 'Samsung CLP-315W', 'Samsung CLX-3175FN', 'Xerox Phaser 6110N', 'Samsung CLX-2160', 'Samsung CLX-3175FW'];
Узел термозакрепления;122N00264;Xerox | 122N00264 - Лампа нагрева тефлонового вала (220В);['Samsung CLX-2160N', 'Samsung CLX-3175N', 'Samsung CLP-300N', 'Samsung CLX-3160FN', 'Xerox Phaser 6110', 'Samsung CLP-310', 'Samsung CLX-3160N', 'Xerox Phaser 6110MFP/B', 'Samsung CLP-310N', 'Samsung CLX-3170FN', 'Xerox Phaser 6110MFP/S', 'Samsung CLP-315', 'Samsung CLX-3175', 'Xerox Phaser 6110MFP/X', 'Samsung CLP-315W', 'Samsung CLX-3175FN', 'Xerox Phaser 6110N', 'Samsung CLX-2160', 'Samsung CLX-3175FW'];
Узел термозакрепления;JC66-01737A;JC66-01737A - Вал выхода бумаги из узла термозакрепления;['Samsung CLP-325', 'Samsung CLX-3175FW', 'Samsung CLP-310N', 'Samsung CLP-325K', 'Samsung CLX-3175N', 'Samsung CLP-315', 'Samsung CLP-325W', 'Samsung CLX-3185', 'Samsung CLP-315W', 'Samsung CLP-325WK', 'Samsung CLX-3185FN', 'Samsung CLP-320', 'Samsung CLX-3170FN', 'Samsung CLX-3185FW', 'Samsung CLP-320K', 'Samsung CLX-3175', 'Samsung CLX-3185FW', 'Samsung CLP-320N', 'Samsung CLX-3175FN', 'Samsung CLX-3185W'];
Узел термозакрепления;JC66-01780A;"JC66-01780A - Прижимной вал (большой)
Снято с производства";['Samsung CLP-315W', 'Samsung CLX-3175FN', 'Samsung CLP-310N', 'Samsung CLX-3170FN', 'Samsung CLX-3175FW', 'Samsung CLP-315', 'Samsung CLX-3175', 'Samsung CLX-3175N'];
Узел термозакрепления;JC66-01780A;CN | JC66-01780A - Прижимной вал (большой);['Samsung CLP-315W', 'Samsung CLX-3175FN', 'Samsung CLP-310N', 'Samsung CLX-3170FN', 'Samsung CLX-3175FW', 'Samsung CLP-315', 'Samsung CLX-3175', 'Samsung CLX-3175N'];
Узел термозакрепления;JC66-01804A;"JC66-01804A - Прижимной вал (малый)
Снято с производства";['Samsung CLP-325', 'Samsung CLX-3175FW', 'Samsung CLP-310N', 'Samsung CLP-325K', 'Samsung CLX-3175N', 'Samsung CLP-315', 'Samsung CLP-325W', 'Samsung CLX-3185', 'Samsung CLP-315W', 'Samsung CLP-325WK', 'Samsung CLX-3185FN', 'Samsung CLP-320', 'Samsung CLX-3170FN', 'Samsung CLX-3185FW', 'Samsung CLP-320K', 'Samsung CLX-3175', 'Samsung CLX-3185N', 'Samsung CLP-320N', 'Samsung CLX-3175FN', 'Samsung CLX-3185W'];
Узел термозакрепления;JC66-02722A;"JC66-02722A - Тефлоновый вал
Снято с производства";['Samsung CLP-350N', 'Samsung CLX-3175N', 'Samsung CLP-300N', 'Samsung CLX-2160', 'Samsung CLX-3185', 'Samsung CLP-310', 'Samsung CLX-2160N', 'Samsung CLX-3185FN', 'Samsung CLP-310N', 'Samsung CLX-3160FN', 'Samsung CLX-3185FW', 'Samsung CLP-315', 'Samsung CLX-3160N', 'Samsung CLX-3185N', 'Samsung CLP-315W', 'Samsung CLX-3170', 'Samsung CLX-3185W', 'Samsung CLP-320', 'Samsung CLX-3170', 'Xerox Phaser 6110', 'Samsung CLP-320K', 'Samsung CLX-3170FN', 'Xerox Phaser 6110MFP/B', 'Samsung CLP-320N', 'Samsung CLX-3170FW', 'Xerox Phaser 6110MFP/S', 'Samsung CLP-325', 'Samsung CLX-3170N', 'Xerox Phaser 6110MFP/X', 'Samsung CLP-325K', 'Samsung CLX-3175', 'Xerox Phaser 6110N', 'Samsung CLP-325W', 'Samsung CLX-3175FN', 'Samsung CLP-325WK', 'Samsung CLX-3175FW'];E:\Projects\PycharmProjects\parser_profit\images\samsung\JC66-02722A.jpg
Узел термозакрепления;022N02300;Xerox | 022N02300 - Тефлоновый вал;['Samsung CLP-350N', 'Samsung CLX-3175N', 'Samsung CLP-300N', 'Samsung CLX-2160', 'Samsung CLX-3185', 'Samsung CLP-310', 'Samsung CLX-2160N', 'Samsung CLX-3185FN', 'Samsung CLP-310N', 'Samsung CLX-3160FN', 'Samsung CLX-3185FW', 'Samsung CLP-315', 'Samsung CLX-3160N', 'Samsung CLX-3185N', 'Samsung CLP-315W', 'Samsung CLX-3170', 'Samsung CLX-3185W', 'Samsung CLP-320', 'Samsung CLX-3170', 'Xerox Phaser 6110', 'Samsung CLP-320K', 'Samsung CLX-3170FN', 'Xerox Phaser 6110MFP/B', 'Samsung CLP-320N', 'Samsung CLX-3170FW', 'Xerox Phaser 6110MFP/S', 'Samsung CLP-325', 'Samsung CLX-3170N', 'Xerox Phaser 6110MFP/X', 'Samsung CLP-325K', 'Samsung CLX-3175', 'Xerox Phaser 6110N', 'Samsung CLP-325W', 'Samsung CLX-3175FN', 'Samsung CLP-325WK', 'Samsung CLX-3175FW'];
Узел термозакрепления;JC96-04780A;JC96-04780A - Печь, в сборе (220В);['Samsung CLP-315W', 'Samsung CLX-3175FN', 'Samsung CLP-310N', 'Samsung CLX-3170FN', 'Samsung CLX-3175FW', 'Samsung CLP-315', 'Samsung CLX-3175', 'Samsung CLX-3175N'];E:\Projects\PycharmProjects\parser_profit\images\samsung\JC96-04780A.jpg
Узел термозакрепления;JC96-05491B;Samsung | JC96-05491B - Печь, в сборе (220В);['Samsung CLP-315W', 'Samsung CLX-3175FN', 'Samsung CLP-310N', 'Samsung CLX-3170FN', 'Samsung CLX-3175FW', 'Samsung CLP-315', 'Samsung CLX-3175', 'Samsung CLX-3175N'];E:\Projects\PycharmProjects\parser_profit\images\samsung\JC96-05491B.jpg
Узел термозакрепления;1404-001141;1404-001141 - Термистор;['Samsung CLX-3175FN', 'Xerox Phaser 3500', 'Samsung CLP-310N', 'Samsung CLX-3175FW', 'Xerox Phaser 3500B', 'Samsung CLP-315', 'Samsung CLX-3175N', 'Xerox Phaser 3500DN', 'Samsung CLP-315W', 'Samsung ML-3560', 'Xerox Phaser 3500N', 'Samsung CLX-3170FN', 'Samsung ML-3561N', 'Samsung CLX-3175', 'Samsung ML-3561ND'];
Узел термозакрепления;JC61-02423A;JC61-02423A - Пружина в узле термозакрепления;['Samsung CLX-3175FN', 'Samsung Xpress C430', 'Samsung CLP-310N', 'Samsung CLX-3175FW', 'Samsung Xpress C430W', 'Samsung CLP-315', 'Samsung CLX-3175N', 'Samsung Xpress C460FW', 'Samsung CLP-315W', 'Samsung CLX-3300', 'Samsung Xpress C460W', 'Samsung CLP-360', 'Samsung CLX-3305', 'Samsung Xpress C480', 'Samsung CLP-365', 'Samsung CLX-3305FN', 'Samsung Xpress C480FW', 'Samsung CLP-365W', 'Samsung CLX-3305FW', 'Samsung Xpress C480W', 'Samsung CLX-3170FN', 'Samsung CLX-3305W', 'Samsung CLX-3175', 'Samsung Xpress C410W'];
Детали корпуса;JC97-03191A;JC97-03191A - Петля модуля сканера (для моделей с автоподатчиком);['Samsung SCX-4623F', 'Samsung Xpress M2070FW', 'Samsung CLX-3175FN', 'Samsung SCX-4623FH', 'Samsung Xpress M2675FN', 'Samsung CLX-3175FW', 'Samsung SCX-4623FH', 'Samsung Xpress M2870FD', 'Samsung CLX-3185FN', 'Samsung SCX-4623FN', 'Samsung Xpress M2870FW', 'Samsung CLX-3185FW', 'Samsung SCX-4623FN', 'Samsung Xpress M2875FD', 'Samsung CLX-3305FN', 'Samsung SCX-4650N', 'Samsung Xpress M2875FW', 'Samsung CLX-3305FW', 'Samsung SCX-4655FN', 'Samsung Xpress M2875ND', 'Samsung CLX-4195FN', 'Samsung SCX-4727FD', 'Samsung Xpress M2880FW', 'Samsung CLX-4195FW', 'Samsung SCX-4728FD', 'Samsung Xpress M2885FW', 'Samsung CLX-6260FR', 'Samsung SCX-4729FD', 'Samsung Xpress M3065FW', 'Samsung CLX-6260ND', 'Samsung SCX-4729FW', 'Xerox WorkCentre 3025NI', 'Samsung ProXpress M3370FD', 'Samsung SCX-4833FD', 'Xerox WorkCentre 3215NI', 'Samsung ProXpress M3870FD', 'Samsung SCX-4835FD', 'Xerox WorkCentre 3225DNI', 'Samsung SCX-3400F', 'Samsung Xpress C1860FW', 'Xerox WorkCentre 3315', 'Samsung SCX-3405F', 'Samsung Xpress C460FW', 'Xerox WorkCentre 3315DN', 'Samsung SCX-3405FW', 'Samsung Xpress C480FW', 'Xerox WorkCentre 3335', 'Samsung SCX-4623F', 'Samsung Xpress M2070F'];E:\Projects\PycharmProjects\parser_profit\images\samsung\JC97-03191A.jpg
Детали корпуса;003N01102;Xerox | 003N01102 - Петля модуля сканера (для моделей с автоподатчиком);['Samsung SCX-4623F', 'Samsung Xpress M2070FW', 'Samsung CLX-3175FN', 'Samsung SCX-4623FH', 'Samsung Xpress M2675FN', 'Samsung CLX-3175FW', 'Samsung SCX-4623FH', 'Samsung Xpress M2870FD', 'Samsung CLX-3185FN', 'Samsung SCX-4623FN', 'Samsung Xpress M2870FW', 'Samsung CLX-3185FW', 'Samsung SCX-4623FN', 'Samsung Xpress M2875FD', 'Samsung CLX-3305FN', 'Samsung SCX-4650N', 'Samsung Xpress M2875FW', 'Samsung CLX-3305FW', 'Samsung SCX-4655FN', 'Samsung Xpress M2875ND', 'Samsung CLX-4195FN', 'Samsung SCX-4727FD', 'Samsung Xpress M2880FW', 'Samsung CLX-4195FW', 'Samsung SCX-4728FD', 'Samsung Xpress M2885FW', 'Samsung CLX-6260FR', 'Samsung SCX-4729FD', 'Samsung Xpress M3065FW', 'Samsung CLX-6260ND', 'Samsung SCX-4729FW', 'Xerox WorkCentre 3025NI', 'Samsung ProXpress M3370FD', 'Samsung SCX-4833FD', 'Xerox WorkCentre 3215NI', 'Samsung ProXpress M3870FD', 'Samsung SCX-4835FD', 'Xerox WorkCentre 3225DNI', 'Samsung SCX-3400F', 'Samsung Xpress C1860FW', 'Xerox WorkCentre 3315', 'Samsung SCX-3405F', 'Samsung Xpress C460FW', 'Xerox WorkCentre 3315DN', 'Samsung SCX-3405FW', 'Samsung Xpress C480FW', 'Xerox WorkCentre 3335', 'Samsung SCX-4623F', 'Samsung Xpress M2070F', 'Samsung CLX-3170FN', 'Samsung SCX-4623F', 'Samsung Xpress M2070FW', 'Samsung CLX-3175FN', 'Samsung SCX-4623FH', 'Samsung Xpress M2675FN', 'Samsung CLX-3175FW', 'Samsung SCX-4623FH', 'Samsung Xpress M2870FD', 'Samsung CLX-3185FN', 'Samsung SCX-4623FN', 'Samsung Xpress M2870FW', 'Samsung CLX-3185FW', 'Samsung SCX-4623FN', 'Samsung Xpress M2875FD', 'Samsung CLX-3305FN', 'Samsung SCX-4650N', 'Samsung Xpress M2875FW', 'Samsung CLX-3305FW', 'Samsung SCX-4655FN', 'Samsung Xpress M2875ND', 'Samsung CLX-4195FN', 'Samsung SCX-4727FD', 'Samsung Xpress M2880FW', 'Samsung CLX-4195FW', 'Samsung SCX-4728FD', 'Samsung Xpress M2885FW', 'Samsung CLX-6260FR', 'Samsung SCX-4729FD', 'Samsung Xpress M3065FW', 'Samsung CLX-6260ND', 'Samsung SCX-4729FW', 'Xerox WorkCentre 3025NI', 'Samsung ProXpress M3370FD', 'Samsung SCX-4833FD', 'Xerox WorkCentre 3215NI', 'Samsung ProXpress M3870FD', 'Samsung SCX-4835FD', 'Xerox WorkCentre 3225DNI', 'Samsung SCX-3400F', 'Samsung Xpress C1860FW', 'Xerox WorkCentre 3315', 'Samsung SCX-3405F', 'Samsung Xpress C460FW', 'Xerox WorkCentre 3315DN', 'Samsung SCX-3405FW', 'Samsung Xpress C480FW', 'Xerox WorkCentre 3335', 'Samsung SCX-4623F', 'Samsung Xpress M2070F', 'Samsung CLX-3170FN', 'Samsung SCX-4623F', 'Samsung Xpress M2070FW', 'Samsung CLX-3175FN', 'Samsung SCX-4623FH', 'Samsung Xpress M2675FN', 'Samsung CLX-3175FW', 'Samsung SCX-4623FH', 'Samsung Xpress M2870FD', 'Samsung CLX-3185FN', 'Samsung SCX-4623FN', 'Samsung Xpress M2870FW', 'Samsung CLX-3185FW', 'Samsung SCX-4623FN', 'Samsung Xpress M2875FD', 'Samsung CLX-3305FN', 'Samsung SCX-4650N', 'Samsung Xpress M2875FW', 'Samsung CLX-3305FW', 'Samsung SCX-4655FN', 'Samsung Xpress M2875ND', 'Samsung CLX-4195FN', 'Samsung SCX-4727FD', 'Samsung Xpress M2880FW', 'Samsung CLX-4195FW', 'Samsung SCX-4728FD', 'Samsung Xpress M2885FW', 'Samsung CLX-6260FR', 'Samsung SCX-4729FD', 'Samsung Xpress M3065FW', 'Samsung CLX-6260ND', 'Samsung SCX-4729FW', 'Xerox WorkCentre 3025NI', 'Samsung ProXpress M3370FD', 'Samsung SCX-4833FD', 'Xerox WorkCentre 3215NI', 'Samsung ProXpress M3870FD', 'Samsung SCX-4835FD', 'Xerox WorkCentre 3225DNI', 'Samsung SCX-3400F', 'Samsung Xpress C1860FW', 'Xerox WorkCentre 3315', 'Samsung SCX-3405F', 'Samsung Xpress C460FW', 'Xerox WorkCentre 3315DN', 'Samsung SCX-3405FW', 'Samsung Xpress C480FW', 'Xerox WorkCentre 3335', 'Samsung SCX-4623F', 'Samsung Xpress M2070F'];
Детали корпуса;JC63-00209A;JC63-00209A - Белая губка крышки планшетного сканера;['Samsung SCX-3400', 'Samsung SCX-4725F', 'Dell 1815dn', 'Samsung SCX-3400F', 'Samsung SCX-4725FN', 'Dell 2335dn', 'Samsung SCX-3405', 'Samsung SCX-4833FD', 'Dell 2355dn', 'Samsung SCX-3405F', 'Samsung SCX-4833FR', 'Samsung CLX-3160FN', 'Samsung SCX-3405FW', 'Samsung SCX-4835FR', 'Samsung CLX-3160N', 'Samsung SCX-3405W', 'Samsung SCX-5330N', 'Samsung CLX-3170FN', 'Samsung SCX-4100', 'Samsung SCX-5530FN', 'Samsung CLX-3175', 'Samsung SCX-4200', 'Samsung SCX-5530N', 'Samsung CLX-3175FN', 'Samsung SCX-4200R', 'Samsung SCX-5635FN', 'Samsung CLX-3175FW', 'Samsung SCX-4220', 'Samsung SCX-5637FR', 'Samsung CLX-3175N', 'Samsung SCX-4300', 'Samsung SCX-5639FR', 'Samsung CLX-6220FX', 'Samsung SCX-4321', 'Samsung SCX-5737FW', 'Samsung CLX-6250FX', 'Samsung SCX-4500', 'Samsung SCX-5739FW', 'Samsung CLX-6260FD', 'Samsung SCX-4500W', 'Samsung SCX-5835FN', 'Samsung CLX-6260FR', 'Samsung SCX-4520', 'Samsung SCX-5935FN', 'Samsung CLX-6260FW', 'Samsung SCX-4521F', 'Samsung Xpress M2070', 'Samsung CLX-6260ND', 'Samsung SCX-4600', 'Samsung Xpress M2070F', 'Samsung ProXpress C2670FW', 'Samsung SCX-4623F', 'Samsung Xpress M2070FW', 'Samsung ProXpress C3060FR', 'Samsung SCX-4623FH', 'Samsung Xpress M2070W', 'Samsung ProXpress M3870FD', 'Samsung SCX-4623FN', 'Xerox WorkCentre PE114e', 'Samsung ProXpress M3870FW', 'Samsung SCX-4720F', 'Samsung ProXpress M4070FR', 'Samsung SCX-4720FN'];
