Узел автоматической подачи оригиналов;JB73-00052A;JB73-00052A - Площадка (накладка) отделения бумаги из автоподатчика документов;['Samsung SCX-4828FN', 'Xerox WorkCentre 4150', 'Dell 1815dn', 'Samsung SCX-5530FN', 'Xerox WorkCentre 4150p', 'Samsung CLX-3160FN', 'Samsung SCX-5530N', 'Xerox WorkCentre 4150px', 'Samsung CLX-3160N', 'Samsung SCX-5635FN', 'Xerox WorkCentre 4150pxf', 'Samsung CLX-6200FX', 'Samsung SCX-6122FN', 'Xerox WorkCentre 4150s', 'Samsung CLX-6200ND', 'Samsung SCX-6322DN', 'Xerox WorkCentre 4150u', 'Samsung CLX-6210FX', 'Samsung SCX-6322DNG', 'Xerox WorkCentre 4150x', 'Samsung CLX-6240FX', 'Samsung SCX-6345N', 'Xerox WorkCentre 4150xf', 'Samsung SCX-4016', 'Samsung SCX-6345NJ', 'Xerox WorkCentre 4250', 'Samsung SCX-4116', 'Xerox Phaser 3200MFP', 'Xerox WorkCentre 4250S', 'Samsung SCX-4216F', 'Xerox Phaser 3200MFP/B', 'Xerox WorkCentre 4250X', 'Samsung SCX-4321', 'Xerox Phaser 3200MFP/N', 'Xerox WorkCentre 4250XF', 'Samsung SCX-4520', 'Xerox Phaser 3300MFP', 'Xerox WorkCentre 4260S', 'Samsung SCX-4521F', 'Xerox Phaser 3300MFP/X', 'Xerox WorkCentre 4260X', 'Samsung SCX-4720F', 'Xerox Phaser 6110MFP/B', 'Xerox WorkCentre 4260XF', 'Samsung SCX-4720FN', 'Xerox Phaser 6110MFP/S', 'Xerox WorkCentre PE120', 'Samsung SCX-4725F', 'Xerox Phaser 6110MFP/X', 'Xerox WorkCentre PE120i', 'Samsung SCX-4725FN', 'Xerox WorkCentre 3210', 'Xerox WorkCentre PE16', 'Samsung SCX-4824FN', 'Xerox WorkCentre 3210N', 'Xerox WorkCentre PE16e', 'Samsung SCX-4825FN', 'Xerox WorkCentre 3220', 'Xerox WorkCentre PE220', 'Samsung SCX-4826FN', 'Xerox WorkCentre 3220DN'];E:\Projects\PycharmProjects\parser_profit\images\samsung\JB73-00052A.jpg
Узел автоматической подачи оригиналов;019N00566;Xerox | 019N00566 - Площадка (накладка) отделения бумаги из автоподатчика документов;['Samsung SCX-4828FN', 'Xerox WorkCentre 4150', 'Dell 1815dn', 'Samsung SCX-5530FN', 'Xerox WorkCentre 4150p', 'Samsung CLX-3160FN', 'Samsung SCX-5530N', 'Xerox WorkCentre 4150px', 'Samsung CLX-3160N', 'Samsung SCX-5635FN', 'Xerox WorkCentre 4150pxf', 'Samsung CLX-6200FX', 'Samsung SCX-6122FN', 'Xerox WorkCentre 4150s', 'Samsung CLX-6200ND', 'Samsung SCX-6322DN', 'Xerox WorkCentre 4150u', 'Samsung CLX-6210FX', 'Samsung SCX-6322DNG', 'Xerox WorkCentre 4150x', 'Samsung CLX-6240FX', 'Samsung SCX-6345N', 'Xerox WorkCentre 4150xf', 'Samsung SCX-4016', 'Samsung SCX-6345NJ', 'Xerox WorkCentre 4250', 'Samsung SCX-4116', 'Xerox Phaser 3200MFP', 'Xerox WorkCentre 4250S', 'Samsung SCX-4216F', 'Xerox Phaser 3200MFP/B', 'Xerox WorkCentre 4250X', 'Samsung SCX-4321', 'Xerox Phaser 3200MFP/N', 'Xerox WorkCentre 4250XF', 'Samsung SCX-4520', 'Xerox Phaser 3300MFP', 'Xerox WorkCentre 4260S', 'Samsung SCX-4521F', 'Xerox Phaser 3300MFP/X', 'Xerox WorkCentre 4260X', 'Samsung SCX-4720F', 'Xerox Phaser 6110MFP/B', 'Xerox WorkCentre 4260XF', 'Samsung SCX-4720FN', 'Xerox Phaser 6110MFP/S', 'Xerox WorkCentre PE120', 'Samsung SCX-4725F', 'Xerox Phaser 6110MFP/X', 'Xerox WorkCentre PE120i', 'Samsung SCX-4725FN', 'Xerox WorkCentre 3210', 'Xerox WorkCentre PE16', 'Samsung SCX-4824FN', 'Xerox WorkCentre 3210N', 'Xerox WorkCentre PE16e', 'Samsung SCX-4825FN', 'Xerox WorkCentre 3220', 'Xerox WorkCentre PE220', 'Samsung SCX-4826FN', 'Xerox WorkCentre 3220DN'];E:\Projects\PycharmProjects\parser_profit\images\samsung\019N00566.jpg
Узел автоматической подачи оригиналов;JB75-00299A;JB75-00299A - Ролик подачи бумаги в автоподатчике документов, в сборе;['Samsung SCX-4520', 'Xerox Phaser 3200MFP', 'Dell 1815dn', 'Samsung SCX-4521F', 'Xerox Phaser 3200MFP/B', 'Dell 2145cn', 'Samsung SCX-4720F', 'Xerox Phaser 3200MFP/N', 'Dell 2355dn', 'Samsung SCX-4720FN', 'Xerox Phaser 3300MFP/X', 'Samsung CLX-3160FN', 'Samsung SCX-4725F', 'Xerox Phaser 3635MFP', 'Samsung CLX-3160N', 'Samsung SCX-4725FN', 'Xerox Phaser 3635MFP/S', 'Samsung CLX-6200FX', 'Samsung SCX-4824FN', 'Xerox Phaser 3635MFP/X', 'Samsung CLX-6200ND', 'Samsung SCX-4825FN', 'Xerox Phaser 6110MFP/B', 'Samsung CLX-6210FX', 'Samsung SCX-4826FN', 'Xerox Phaser 6110MFP/S', 'Samsung CLX-6210FX', 'Samsung SCX-4828FN', 'Xerox Phaser 6110MFP/X', 'Samsung CLX-6220FX', 'Samsung SCX-4833FR', 'Xerox WorkCentre 3210', 'Samsung CLX-6220FX', 'Samsung SCX-4835FR', 'Xerox WorkCentre 3210N', 'Samsung CLX-6240FX', 'Samsung SCX-5530FN', 'Xerox WorkCentre 3220', 'Samsung CLX-6240FX', 'Samsung SCX-5530N', 'Xerox WorkCentre 3220DN', 'Samsung CLX-6240FX', 'Samsung SCX-5635FN', 'Xerox WorkCentre 3325', 'Samsung CLX-6250FX', 'Samsung SCX-5637FR', 'Xerox WorkCentre 3325DNI', 'Samsung CLX-6250FX', 'Samsung SCX-5639FR', 'Xerox WorkCentre 3550', 'Samsung CLX-6260FD', 'Samsung SCX-5739FW', 'Xerox WorkCentre 3550X', 'Samsung CLX-6260FR', 'Samsung SCX-5835FN', 'Xerox WorkCentre PE120', 'Samsung CLX-6260FW', 'Samsung SCX-5935FN', 'Xerox WorkCentre PE120i', 'Samsung CLX-6260FW', 'Samsung SCX-6122FN', 'Xerox WorkCentre PE16', 'Samsung CLX-6260ND', 'Samsung SCX-6322DN', 'Xerox WorkCentre PE16e', 'Samsung SCX-4116', 'Samsung SCX-6322DNG', 'Xerox WorkCentre PE220', 'Samsung SCX-4216F', 'Samsung SCX-6345N', 'Samsung SCX-4321', 'Samsung SCX-6345NJ'];E:\Projects\PycharmProjects\parser_profit\images\samsung\JB75-00299A.jpg
Узел автоматической подачи оригиналов;022N02190;Xerox | 022N02190 - Ролик подачи бумаги в автоподатчике документов, в сборе;['Samsung SCX-4520', 'Xerox Phaser 3200MFP', 'Dell 1815dn', 'Samsung SCX-4521F', 'Xerox Phaser 3200MFP/B', 'Dell 2145cn', 'Samsung SCX-4720F', 'Xerox Phaser 3200MFP/N', 'Dell 2355dn', 'Samsung SCX-4720FN', 'Xerox Phaser 3300MFP/X', 'Samsung CLX-3160FN', 'Samsung SCX-4725F', 'Xerox Phaser 3635MFP', 'Samsung CLX-3160N', 'Samsung SCX-4725FN', 'Xerox Phaser 3635MFP/S', 'Samsung CLX-6200FX', 'Samsung SCX-4824FN', 'Xerox Phaser 3635MFP/X', 'Samsung CLX-6200ND', 'Samsung SCX-4825FN', 'Xerox Phaser 6110MFP/B', 'Samsung CLX-6210FX', 'Samsung SCX-4826FN', 'Xerox Phaser 6110MFP/S', 'Samsung CLX-6210FX', 'Samsung SCX-4828FN', 'Xerox Phaser 6110MFP/X', 'Samsung CLX-6220FX', 'Samsung SCX-4833FR', 'Xerox WorkCentre 3210', 'Samsung CLX-6220FX', 'Samsung SCX-4835FR', 'Xerox WorkCentre 3210N', 'Samsung CLX-6240FX', 'Samsung SCX-5530FN', 'Xerox WorkCentre 3220', 'Samsung CLX-6240FX', 'Samsung SCX-5530N', 'Xerox WorkCentre 3220DN', 'Samsung CLX-6240FX', 'Samsung SCX-5635FN', 'Xerox WorkCentre 3325', 'Samsung CLX-6250FX', 'Samsung SCX-5637FR', 'Xerox WorkCentre 3325DNI', 'Samsung CLX-6250FX', 'Samsung SCX-5639FR', 'Xerox WorkCentre 3550', 'Samsung CLX-6260FD', 'Samsung SCX-5739FW', 'Xerox WorkCentre 3550X', 'Samsung CLX-6260FR', 'Samsung SCX-5835FN', 'Xerox WorkCentre PE120', 'Samsung CLX-6260FW', 'Samsung SCX-5935FN', 'Xerox WorkCentre PE120i', 'Samsung CLX-6260FW', 'Samsung SCX-6122FN', 'Xerox WorkCentre PE16', 'Samsung CLX-6260ND', 'Samsung SCX-6322DN', 'Xerox WorkCentre PE16e', 'Samsung SCX-4116', 'Samsung SCX-6322DNG', 'Xerox WorkCentre PE220', 'Samsung SCX-4216F', 'Samsung SCX-6345N', 'Samsung SCX-4321', 'Samsung SCX-6345NJ'];E:\Projects\PycharmProjects\parser_profit\images\samsung\022N02190.jpg
Узел автоматической подачи оригиналов;JB75-00300A;JB75-00300A - Ролик захвата бумаги в автоподатчике документов, в сборе;['Samsung SCX-4825FN', 'Xerox WorkCentre 3210', 'Dell 1815dn', 'Samsung SCX-4826FN', 'Xerox WorkCentre 3210N', 'Dell 2145cn', 'Samsung SCX-4828FN', 'Xerox WorkCentre 3220', 'Dell 2335dn', 'Samsung SCX-4833FR', 'Xerox WorkCentre 3220DN', 'Dell 2355dn', 'Samsung SCX-4835FR', 'Xerox WorkCentre 3325', 'Lanier AC230n', 'Samsung SCX-5530FN', 'Xerox WorkCentre 3325DNI', 'Ricoh Aficio SP 3200SF', 'Samsung SCX-5530N', 'Xerox WorkCentre 3550', 'Samsung CLX-3160FN', 'Samsung SCX-5635FN', 'Xerox WorkCentre 3550X', 'Samsung CLX-3160N', 'Samsung SCX-5637FR', 'Xerox WorkCentre 4150', 'Samsung CLX-6200FX', 'Samsung SCX-5639FR', 'Xerox WorkCentre 4150p', 'Samsung CLX-6200ND', 'Samsung SCX-5739FW', 'Xerox WorkCentre 4150px', 'Samsung CLX-6210FX', 'Samsung SCX-5835FN', 'Xerox WorkCentre 4150pxf', 'Samsung CLX-6220FX', 'Samsung SCX-5935FN', 'Xerox WorkCentre 4150s', 'Samsung CLX-6240FX', 'Samsung SCX-6122FN', 'Xerox WorkCentre 4150u', 'Samsung CLX-6250FX', 'Samsung SCX-6322DN', 'Xerox WorkCentre 4150x', 'Samsung CLX-6260FD', 'Samsung SCX-6322DNG', 'Xerox WorkCentre 4150xf', 'Samsung CLX-6260FR', 'Samsung SCX-6345N', 'Xerox WorkCentre 4250', 'Samsung CLX-6260FW', 'Samsung SCX-6345NJ', 'Xerox WorkCentre 4250S', 'Samsung CLX-6260ND', 'Savin SP 3200SF', 'Xerox WorkCentre 4250X', 'Samsung SCX-4116', 'Xerox Phaser 3200MFP', 'Xerox WorkCentre 4250XF', 'Samsung SCX-4216F', 'Xerox Phaser 3200MFP/B', 'Xerox WorkCentre 4260S', 'Samsung SCX-4321', 'Xerox Phaser 3200MFP/N', 'Xerox WorkCentre 4260X', 'Samsung SCX-4520', 'Xerox Phaser 3300MFP/X', 'Xerox WorkCentre 4260XF', 'Samsung SCX-4521F', 'Xerox Phaser 3635MFP', 'Xerox WorkCentre PE120', 'Samsung SCX-4720F', 'Xerox Phaser 3635MFP/S', 'Xerox WorkCentre PE120i', 'Samsung SCX-4720FN', 'Xerox Phaser 3635MFP/X', 'Xerox WorkCentre PE16', 'Samsung SCX-4725F', 'Xerox Phaser 6110MFP/B', 'Xerox WorkCentre PE16e', 'Samsung SCX-4725FN', 'Xerox Phaser 6110MFP/S', 'Xerox WorkCentre PE220', 'Samsung SCX-4824FN', 'Xerox Phaser 6110MFP/X'];E:\Projects\PycharmProjects\parser_profit\images\samsung\JB75-00300A.jpg
Узел автоматической подачи оригиналов;022N02373;Xerox | 022N02373 - Ролик захвата бумаги в автоподатчике документов, в сборе;['Samsung SCX-4826FN', 'Xerox WorkCentre 3210N', 'Dell 1815dn', 'Samsung SCX-4828FN', 'Xerox WorkCentre 3220', 'Dell 2145cn', 'Samsung SCX-4833FR', 'Xerox WorkCentre 3220DN', 'Dell 2335dn', 'Samsung SCX-4835FR', 'Xerox WorkCentre 3325', 'Dell 2355dn', 'Samsung SCX-5530FN', 'Xerox WorkCentre 3325DNI', 'Samsung CLX-3160FN', 'Samsung SCX-5530N', 'Xerox WorkCentre 3550', 'Samsung CLX-3160N', 'Samsung SCX-5635FN', 'Xerox WorkCentre 3550X', 'Samsung CLX-6200FX', 'Samsung SCX-5637FR', 'Xerox WorkCentre 4150', 'Samsung CLX-6200ND', 'Samsung SCX-5639FR', 'Xerox WorkCentre 4150p', 'Samsung CLX-6210FX', 'Samsung SCX-5739FW', 'Xerox WorkCentre 4150px', 'Samsung CLX-6220FX', 'Samsung SCX-5835FN', 'Xerox WorkCentre 4150pxf', 'Samsung CLX-6240FX', 'Samsung SCX-5935FN', 'Xerox WorkCentre 4150s', 'Samsung CLX-6250FX', 'Samsung SCX-6122FN', 'Xerox WorkCentre 4150u', 'Samsung CLX-6260FD', 'Samsung SCX-6322DN', 'Xerox WorkCentre 4150x', 'Samsung CLX-6260FR', 'Samsung SCX-6322DNG', 'Xerox WorkCentre 4150xf', 'Samsung CLX-6260FW', 'Samsung SCX-6345N', 'Xerox WorkCentre 4250', 'Samsung CLX-6260ND', 'Samsung SCX-6345NJ', 'Xerox WorkCentre 4250S', 'Samsung SCX-4116', 'Xerox Phaser 3200MFP', 'Xerox WorkCentre 4250X', 'Samsung SCX-4216F', 'Xerox Phaser 3200MFP/B', 'Xerox WorkCentre 4250XF', 'Samsung SCX-4321', 'Xerox Phaser 3200MFP/N', 'Xerox WorkCentre 4260S', 'Samsung SCX-4520', 'Xerox Phaser 3300MFP/X', 'Xerox WorkCentre 4260X', 'Samsung SCX-4521F', 'Xerox Phaser 3635MFP', 'Xerox WorkCentre 4260XF', 'Samsung SCX-4720F', 'Xerox Phaser 3635MFP/S', 'Xerox WorkCentre PE120', 'Samsung SCX-4720FN', 'Xerox Phaser 3635MFP/X', 'Xerox WorkCentre PE120i', 'Samsung SCX-4725F', 'Xerox Phaser 6110MFP/B', 'Xerox WorkCentre PE16', 'Samsung SCX-4725FN', 'Xerox Phaser 6110MFP/S', 'Xerox WorkCentre PE16e', 'Samsung SCX-4824FN', 'Xerox Phaser 6110MFP/X', 'Xerox WorkCentre PE220', 'Samsung SCX-4825FN', 'Xerox WorkCentre 3210'];E:\Projects\PycharmProjects\parser_profit\images\samsung\022N02373.jpg
Узел автоматической подачи оригиналов;JC66-00560A;JC66-00560A - Ось узла подачи бумаги в автоподатчике документов (ролики подачи бумаги в комплекте);['Samsung SCX-4116', 'Samsung SCX-5330N', 'Dell 1815dn', 'Samsung SCX-4216F', 'Samsung SCX-5530FN', 'Samsung CLX-3160FN', 'Samsung SCX-4321', 'Samsung SCX-5530N', 'Samsung CLX-3160N', 'Samsung SCX-4520', 'Samsung SCX-5635FN', 'Samsung CLX-6200FX', 'Samsung SCX-4521F', 'Xerox WorkCentre PE120', 'Samsung CLX-6200ND', 'Samsung SCX-4720F', 'Xerox WorkCentre PE120i', 'Samsung CLX-6210FX', 'Samsung SCX-4720FN', 'Xerox WorkCentre PE16', 'Samsung CLX-6240FX', 'Samsung SCX-4725F', 'Xerox WorkCentre PE16e', 'Samsung SCX-4016', 'Samsung SCX-4725FN'];E:\Projects\PycharmProjects\parser_profit\images\samsung\JC66-00560A.jpg
Узел автоматической подачи оригиналов;JC96-04232A;JC96-04232A - Узел автоматической подачи документов, в сборе (лоток подачи бумаги в комплекте);['Samsung SCX-4725FN'];
Узел автоматической подачи оригиналов;JC97-01709A;JC97-01709A - Площадка отделения бумаги из автоподатчика документов, в сборе;['Samsung SCX-4725F', 'Xerox WorkCentre PE16', 'Samsung SCX-4116', 'Samsung SCX-4725FN', 'Xerox WorkCentre PE16e', 'Samsung SCX-4216F', 'Xerox Phaser 3200MFP', 'Xerox WorkCentre PE220', 'Samsung SCX-4321', 'Xerox Phaser 3200MFP/B', 'Samsung SCX-4521F', 'Xerox Phaser 3200MFP/N'];E:\Projects\PycharmProjects\parser_profit\images\samsung\JC97-01709A.jpg
Узел автоматической подачи оригиналов;500N00107;"Xerox | 500N00107 - Площадка отделения бумаги из автоподатчика документов, в сборе
Снято с производства";['Samsung SCX-4725F', 'Xerox WorkCentre PE16', 'Samsung SCX-4116', 'Samsung SCX-4725FN', 'Xerox WorkCentre PE16e', 'Samsung SCX-4216F', 'Xerox Phaser 3200MFP', 'Xerox WorkCentre PE220', 'Samsung SCX-4321', 'Xerox Phaser 3200MFP/B', 'Samsung SCX-4521F', 'Xerox Phaser 3200MFP/N'];E:\Projects\PycharmProjects\parser_profit\images\samsung\500N00107.jpg
Узел автоматической подачи оригиналов;JC97-02203A;JC97-02203A - Узел захвата бумаги из автоподатчика документов, в сборе;['Samsung SCX-4725FN', 'Xerox Phaser 3200MFP/N', 'Samsung SCX-4521F', 'Xerox Phaser 3200MFP', 'Xerox WorkCentre PE220', 'Samsung SCX-4725F', 'Xerox Phaser 3200MFP/B'];E:\Projects\PycharmProjects\parser_profit\images\samsung\JC97-02203A.jpg
Узел автоматической подачи оригиналов;130N01414;Xerox | 130N01414 - Узел захвата бумаги из автоподатчика документов, в сборе;['Samsung SCX-4725FN', 'Xerox Phaser 3200MFP/N', 'Samsung SCX-4521F', 'Xerox Phaser 3200MFP', 'Xerox WorkCentre PE220', 'Samsung SCX-4725F', 'Xerox Phaser 3200MFP/B'];
Узел автоматической подачи оригиналов;JC31-00036A;JC31-00036A - Мотор привода узла автоматической подачи документов;['Samsung SCX-4720FN', 'Xerox Phaser 3200MFP', 'Samsung CLX-3160FN', 'Samsung SCX-4725F', 'Xerox Phaser 3200MFP/B', 'Samsung CLX-3160N', 'Samsung SCX-4725FN', 'Xerox Phaser 3200MFP/N', 'Samsung CLX-6200FX', 'Samsung SCX-4824FN', 'Xerox Phaser 3200MFP/N', 'Samsung CLX-6200ND', 'Samsung SCX-4825FN', 'Xerox WorkCentre 3210', 'Samsung CLX-6210FX', 'Samsung SCX-4826FN', 'Xerox WorkCentre 3210N', 'Samsung CLX-6240FX', 'Samsung SCX-4828FN', 'Xerox WorkCentre 3220', 'Samsung SCX-4321', 'Samsung SCX-5330N', 'Xerox WorkCentre 3220DN', 'Samsung SCX-4520', 'Samsung SCX-5530FN', 'Xerox WorkCentre PE120', 'Samsung SCX-4521F', 'Samsung SCX-5530N', 'Xerox WorkCentre PE120i', 'Samsung SCX-4720F', 'Samsung SCX-5635FN', 'Xerox WorkCentre PE220'];
Подача и захват бумаги;JC33-00015B;JC33-00015B - Соленоид;['Samsung ML-2571N', 'Xerox Phaser 3117', 'Samsung ML-1615', 'Samsung SCX-4321', 'Xerox Phaser 3122', 'Samsung ML-2010', 'Samsung SCX-4520', 'Xerox Phaser 3200MFP', 'Samsung ML-2010P', 'Samsung SCX-4521F', 'Xerox Phaser 3200MFP/B', 'Samsung ML-2010R', 'Samsung SCX-4720F', 'Xerox Phaser 3200MFP/N', 'Samsung ML-2015', 'Samsung SCX-4720FN', 'Xerox WorkCentre PE120', 'Samsung ML-2510', 'Samsung SCX-4725F', 'Xerox WorkCentre PE120i', 'Samsung ML-2570', 'Samsung SCX-4725FN', 'Xerox WorkCentre PE220'];
Подача и захват бумаги;121N01078;Xerox | 121N01078 - Соленоид;['Samsung ML-2571N', 'Xerox Phaser 3117', 'Samsung ML-1615', 'Samsung SCX-4321', 'Xerox Phaser 3122', 'Samsung ML-2010', 'Samsung SCX-4520', 'Xerox Phaser 3200MFP', 'Samsung ML-2010P', 'Samsung SCX-4521F', 'Xerox Phaser 3200MFP/B', 'Samsung ML-2010R', 'Samsung SCX-4720F', 'Xerox Phaser 3200MFP/N', 'Samsung ML-2015', 'Samsung SCX-4720FN', 'Xerox WorkCentre PE120', 'Samsung ML-2510', 'Samsung SCX-4725F', 'Xerox WorkCentre PE120i', 'Samsung ML-2570', 'Samsung SCX-4725FN', 'Xerox WorkCentre PE220'];
Подача и захват бумаги;JC61-01716A;JC61-01716A - Основание (внутренняя пластиковая часть) ролика захвата бумаги из лотка подачи;['Samsung SCX-4650N', 'Samsung SCX-4725FN', 'Samsung ML-2570', 'Samsung SCX-4655FN', 'Samsung ML-2571N', 'Samsung SCX-4725F'];E:\Projects\PycharmProjects\parser_profit\images\samsung\JC61-01716A.jpg
Подача и захват бумаги;JC61-01717A;JC61-01717A - Ролик захвата бумаги из лотка подачи (пластиковая часть, без резинового элемента);['Samsung ML-2571N', 'Samsung SCX-4725FN', 'Samsung ML-2570', 'Samsung SCX-4725F'];E:\Projects\PycharmProjects\parser_profit\images\samsung\JC61-01717A.jpg
Подача и захват бумаги;JC66-00829A;JC66-00829A - Ось узла захвата бумаги из лотка подачи;['Samsung ML-2010R', 'Samsung SCX-4500', 'Samsung ML-1615', 'Samsung ML-2015', 'Samsung SCX-4500W', 'Samsung ML-1630', 'Samsung ML-2240', 'Samsung SCX-4521F', 'Samsung ML-1630W', 'Samsung ML-2510', 'Samsung SCX-4725F', 'Samsung ML-1640', 'Samsung ML-2570', 'Samsung SCX-4725FN', 'Samsung ML-2010', 'Samsung ML-2571N', 'Xerox Phaser 3117', 'Samsung ML-2010P', 'Samsung SCX-4321', 'Xerox Phaser 3122'];E:\Projects\PycharmProjects\parser_profit\images\samsung\JC66-00829A.jpg
Подача и захват бумаги;JC66-01247A;JC66-01247A - Шестерня подачи в узле захвата бумаги;['Samsung SCX-4725F', 'Xerox Phaser 3200MFP', 'Samsung ML-2570', 'Samsung SCX-4725FN', 'Xerox Phaser 3200MFP/B', 'Samsung ML-2571N', 'Xerox Phaser 3124', 'Xerox Phaser 3200MFP/N', 'Samsung SCX-4650N', 'Xerox Phaser 3125', 'Samsung SCX-4655FN', 'Xerox Phaser 3125N'];
Подача и захват бумаги;007N01586;Xerox | 007N01586 - Шестерня подачи в узле захвата бумаги;['Samsung SCX-4725F', 'Xerox Phaser 3200MFP', 'Samsung ML-2570', 'Samsung SCX-4725FN', 'Xerox Phaser 3200MFP/B', 'Samsung ML-2571N', 'Xerox Phaser 3124', 'Xerox Phaser 3200MFP/N', 'Samsung SCX-4650N', 'Xerox Phaser 3125', 'Samsung SCX-4655FN', 'Xerox Phaser 3125N'];
Подача и захват бумаги;JC66-01251A;JC66-01251A - Вал подачи бумаги (2 резинки на металлической оси);['Samsung SCX-4650N', 'Samsung SCX-4725FN', 'Samsung ML-2570', 'Samsung SCX-4655FN', 'Samsung ML-2571N', 'Samsung SCX-4725F'];E:\Projects\PycharmProjects\parser_profit\images\samsung\JC66-01251A.jpg
Подача и захват бумаги;JC69-00987A;JC69-00987A - Накладка площадки отделения бумаги из лотка подачи;['Samsung SCX-4500', 'Xerox Phaser 3125', 'Samsung ML-1630W', 'Samsung SCX-4500W', 'Xerox Phaser 3125N', 'Samsung ML-2510', 'Samsung SCX-4725F', 'Xerox Phaser 3200MFP', 'Samsung ML-2570', 'Samsung SCX-4725FN', 'Xerox Phaser 3200MFP/B', 'Samsung ML-2571N', 'Xerox Phaser 3124', 'Xerox Phaser 3200MFP/N'];
Подача и захват бумаги;JC72-00382B;JC72-00382B - Подшипник вала подачи бумаги;['Samsung ML-3471ND', 'Samsung SF-565P', 'Dell 1815dn', 'Samsung ML-3560', 'Samsung SF-650', 'Dell 2335dn', 'Samsung ML-3561N', 'Samsung SF-650P', 'Dell 2355dn', 'Samsung ML-3561ND', 'Samsung SF-750', 'Dell 5330dn', 'Samsung ML-3710D', 'Samsung SF-755P', 'Ricoh Aficio SP 3200SF', 'Samsung ML-3710DW', 'Xerox Phaser 3116', 'Ricoh Aficio SP 3300D', 'Samsung ML-3710ND', 'Xerox Phaser 3117', 'Ricoh Aficio SP 3300DN', 'Samsung ML-3712DW', 'Xerox Phaser 3122', 'Ricoh Aficio SP 5100N', 'Samsung ML-3712ND', 'Xerox Phaser 3124', 'Samsung CLP-300', 'Samsung ML-4050', 'Xerox Phaser 3125', 'Samsung CLP-300N', 'Samsung ML-4050N', 'Xerox Phaser 3200MFP', 'Samsung CLP-600', 'Samsung ML-4050ND', 'Xerox Phaser 3200MFP/B', 'Samsung CLP-600N', 'Samsung ML-4550', 'Xerox Phaser 3200MFP/N', 'Samsung CLP-650', 'Samsung ML-4551N', 'Xerox Phaser 3250D', 'Samsung CLP-650N', 'Samsung ML-4551ND', 'Xerox Phaser 3250DN', 'Samsung CLX-2160', 'Samsung ML-4551NDR', 'Xerox Phaser 3300MFP/X', 'Samsung CLX-2160N', 'Samsung ML-5510N', 'Xerox Phaser 3320', 'Samsung CLX-3160FN', 'Samsung ML-5510ND', 'Xerox Phaser 3320DNI', 'Samsung CLX-3160N', 'Samsung ML-5512ND', 'Xerox Phaser 3420', 'Samsung ML-1410', 'Samsung ML-5515ND', 'Xerox Phaser 3425', 'Samsung ML-1510', 'Samsung ML-6510ND', 'Xerox Phaser 3425 PS', 'Samsung ML-1520', 'Samsung ML-6512ND', 'Xerox Phaser 3500', 'Samsung ML-1520P', 'Samsung ML-6515ND', 'Xerox Phaser 3500B', 'Samsung ML-1630', 'Samsung SCX-4016', 'Xerox Phaser 3500DN', 'Samsung ML-1630W', 'Samsung SCX-4100', 'Xerox Phaser 3500N', 'Samsung ML-1710', 'Samsung SCX-4116', 'Xerox Phaser 3600', 'Samsung ML-1710P', 'Samsung SCX-4200', 'Xerox Phaser 3600B', 'Samsung ML-1740', 'Samsung SCX-4200R', 'Xerox Phaser 3600DN', 'Samsung ML-1750', 'Samsung SCX-4216F', 'Xerox Phaser 3600N', 'Samsung ML-1755', 'Samsung SCX-4220', 'Xerox Phaser 3635MFP', 'Samsung ML-1910', 'Samsung SCX-4300', 'Xerox Phaser 3635MFP/S', 'Samsung ML-1915', 'Samsung SCX-4500', 'Xerox Phaser 3635MFP/X', 'Samsung ML-2250', 'Samsung SCX-4500W', 'Xerox Phaser 4600DN', 'Samsung ML-2251N', 'Samsung SCX-4520', 'Xerox Phaser 4600DT', 'Samsung ML-2251NP', 'Samsung SCX-4600', 'Xerox Phaser 4600N', 'Samsung ML-2252W', 'Samsung SCX-4623F', 'Xerox Phaser 4620DN', 'Samsung ML-2510', 'Samsung SCX-4623FH', 'Xerox Phaser 4620DT', 'Samsung ML-2525', 'Samsung SCX-4623FN', 'Xerox Phaser 4622A', 'Samsung ML-2525W', 'Samsung SCX-4650N', 'Xerox Phaser 4622DN', 'Samsung ML-2540', 'Samsung SCX-4655FN', 'Xerox Phaser 4622DT', 'Samsung ML-2540R', 'Samsung SCX-4720F', 'Xerox Phaser 6110', 'Samsung ML-2545', 'Samsung SCX-4720FN', 'Xerox Phaser 6110MFP/B', 'Samsung ML-2550', 'Samsung SCX-4725F', 'Xerox Phaser 6110MFP/S', 'Samsung ML-2551N', 'Samsung SCX-4725FN', 'Xerox Phaser 6110MFP/X', 'Samsung ML-2552W', 'Samsung SCX-4824FN', 'Xerox Phaser 6110N', 'Samsung ML-2570', 'Samsung SCX-4825FN', 'Xerox WorkCentre 3119', 'Samsung ML-2571N', 'Samsung SCX-4826FN', 'Xerox WorkCentre 3210', 'Samsung ML-2580N', 'Samsung SCX-4828FN', 'Xerox WorkCentre 3210N', 'Samsung ML-2580NK', 'Samsung SCX-4833FD', 'Xerox WorkCentre 3220', 'Samsung ML-2581N', 'Samsung SCX-4833FR', 'Xerox WorkCentre 3220DN', 'Samsung ML-2850D', 'Samsung SCX-4835FR', 'Xerox WorkCentre 3315', 'Samsung ML-2850N', 'Samsung SCX-5330N', 'Xerox WorkCentre 3315DN', 'Samsung ML-2851DK', 'Samsung SCX-5530FN', 'Xerox WorkCentre 3325', 'Samsung ML-2851ND', 'Samsung SCX-5530N', 'Xerox WorkCentre 3325DNI', 'Samsung ML-2855ND', 'Samsung SCX-5635FN', 'Xerox WorkCentre 3550', 'Samsung ML-3050', 'Samsung SCX-5637FR', 'Xerox WorkCentre 3550X', 'Samsung ML-3051N', 'Samsung SCX-5639FR', 'Xerox WorkCentre PE114e', 'Samsung ML-3051ND', 'Samsung SCX-5737FW', 'Xerox WorkCentre PE120', 'Samsung ML-3310D', 'Samsung SCX-5739FW', 'Xerox WorkCentre PE120i', 'Samsung ML-3310ND', 'Samsung SCX-5835FN', 'Xerox WorkCentre PE16', 'Samsung ML-3312ND', 'Samsung SCX-5935FN', 'Xerox WorkCentre PE16e', 'Samsung ML-3470D', 'Samsung SF-560'];E:\Projects\PycharmProjects\parser_profit\images\samsung\JC72-00382B.jpg
Подача и захват бумаги;JC73-00239A;JC73-00239A - Резиновый элемент на ролик захвата бумаги из лотка подачи;['Samsung SCX-4725F', 'Xerox Phaser 3200MFP', 'Samsung ML-2570', 'Samsung SCX-4725FN', 'Xerox Phaser 3200MFP/B', 'Samsung ML-2571N', 'Xerox Phaser 3124', 'Xerox Phaser 3200MFP/N', 'Samsung SCX-4650N', 'Xerox Phaser 3125', 'Samsung SCX-4655FN', 'Xerox Phaser 3125N'];E:\Projects\PycharmProjects\parser_profit\images\samsung\JC73-00239A.jpg
Подача и захват бумаги;JC73-00239A;CN | JC73-00239A - Резиновый элемент на ролик захвата бумаги из лотка подачи;['Samsung SCX-4725F', 'Xerox Phaser 3200MFP', 'Samsung ML-2570', 'Samsung SCX-4725FN', 'Xerox Phaser 3200MFP/B', 'Samsung ML-2571N', 'Xerox Phaser 3124', 'Xerox Phaser 3200MFP/N', 'Samsung SCX-4650N', 'Xerox Phaser 3125', 'Samsung SCX-4655FN', 'Xerox Phaser 3125N', 'Samsung ML-2510', 'Samsung SCX-4725F', 'Xerox Phaser 3200MFP', 'Samsung ML-2570', 'Samsung SCX-4725FN', 'Xerox Phaser 3200MFP/B', 'Samsung ML-2571N', 'Xerox Phaser 3124', 'Xerox Phaser 3200MFP/N', 'Samsung SCX-4650N', 'Xerox Phaser 3125', 'Samsung SCX-4655FN', 'Xerox Phaser 3125N'];E:\Projects\PycharmProjects\parser_profit\images\samsung\JC73-00239A.jpg
Подача и захват бумаги;JC97-02664A;JC97-02664A - Узел захвата бумаги из основного лотка, в сборе;['Samsung ML-2571N', 'Samsung SCX-4725FN', 'Samsung ML-2570', 'Samsung SCX-4725F'];E:\Projects\PycharmProjects\parser_profit\images\samsung\JC97-02664A.jpg
Подача и захват бумаги;JC97-02665A;JC97-02665A - Муфта узла захвата бумаги, в сборе;['Samsung SCX-4725F', 'Xerox Phaser 3200MFP', 'Samsung ML-2570', 'Samsung SCX-4725FN', 'Xerox Phaser 3200MFP/B', 'Samsung ML-2571N', 'Xerox Phaser 3124', 'Xerox Phaser 3200MFP/N', 'Samsung SCX-4650N', 'Xerox Phaser 3125', 'Samsung SCX-4655FN', 'Xerox Phaser 3125N'];
Подача и захват бумаги;007N01585;Xerox | 007N01585 - Муфта узла захвата бумаги, в сборе;['Samsung SCX-4725F', 'Xerox Phaser 3200MFP', 'Samsung ML-2570', 'Samsung SCX-4725FN', 'Xerox Phaser 3200MFP/B', 'Samsung ML-2571N', 'Xerox Phaser 3124', 'Xerox Phaser 3200MFP/N', 'Samsung SCX-4650N', 'Xerox Phaser 3125', 'Samsung SCX-4655FN', 'Xerox Phaser 3125N'];
Подача и захват бумаги;JC97-02669A;JC97-02669A - Площадка отделения бумаги из лотка подачи, в сборе;['Samsung SCX-4725F', 'Xerox Phaser 3200MFP', 'Samsung ML-2570', 'Samsung SCX-4725FN', 'Xerox Phaser 3200MFP/B', 'Samsung ML-2571N', 'Xerox Phaser 3124', 'Xerox Phaser 3200MFP/N', 'Samsung SCX-4650N', 'Xerox Phaser 3125', 'Samsung SCX-4655FN', 'Xerox Phaser 3125N'];E:\Projects\PycharmProjects\parser_profit\images\samsung\JC97-02669A.jpg
Подача и захват бумаги;019N00940;Xerox | 019N00940 - Площадка отделения бумаги из лотка подачи, в сборе;['Samsung SCX-4725F', 'Xerox Phaser 3200MFP', 'Samsung ML-2570', 'Samsung SCX-4725FN', 'Xerox Phaser 3200MFP/B', 'Samsung ML-2571N', 'Xerox Phaser 3124', 'Xerox Phaser 3200MFP/N', 'Samsung SCX-4650N', 'Xerox Phaser 3125', 'Samsung SCX-4655FN', 'Xerox Phaser 3125N', 'Samsung ML-2510', 'Samsung SCX-4725F', 'Xerox Phaser 3200MFP', 'Samsung ML-2570', 'Samsung SCX-4725FN', 'Xerox Phaser 3200MFP/B', 'Samsung ML-2571N', 'Xerox Phaser 3124', 'Xerox Phaser 3200MFP/N', 'Samsung SCX-4650N', 'Xerox Phaser 3125', 'Samsung SCX-4655FN', 'Xerox Phaser 3125N', 'Samsung ML-2510', 'Samsung SCX-4725F', 'Xerox Phaser 3200MFP', 'Samsung ML-2570', 'Samsung SCX-4725FN', 'Xerox Phaser 3200MFP/B', 'Samsung ML-2571N', 'Xerox Phaser 3124', 'Xerox Phaser 3200MFP/N', 'Samsung SCX-4650N', 'Xerox Phaser 3125', 'Samsung SCX-4655FN', 'Xerox Phaser 3125N'];E:\Projects\PycharmProjects\parser_profit\images\samsung\019N00940.jpg
Подача и захват бумаги;JC97-03443A;JC97-03443A - Ось узла захвата из основного лотка, в сборе (ролик захвата бумаги в комплекте);['Samsung SCX-4725F', 'Xerox Phaser 3200MFP/B', 'Samsung ML-2570', 'Samsung SCX-4725FN', 'Xerox Phaser 3200MFP/N', 'Samsung ML-2571N', 'Xerox Phaser 3200MFP', 'Xerox WorkCentre PE220'];
Подача и захват бумаги;022N02191;Xerox | 022N02191 - Ось узла захвата из основного лотка, в сборе (ролик захвата бумаги в комплекте);['Samsung SCX-4725F', 'Xerox Phaser 3200MFP/B', 'Samsung ML-2570', 'Samsung SCX-4725FN', 'Xerox Phaser 3200MFP/N', 'Samsung ML-2571N', 'Xerox Phaser 3200MFP', 'Xerox WorkCentre PE220'];
Внутренние компоненты;3103-001085;3103-001085 - Вентилятор;['Samsung ML-2571N', 'Samsung SCX-4725F', 'Samsung ML-1220M', 'Samsung ML-4500', 'Samsung SCX-4725FN', 'Samsung ML-1250', 'Samsung ML-4600', 'Samsung SF-530', 'Samsung ML-1430', 'Samsung SCX-4100', 'Samsung SF-531P', 'Samsung ML-1520', 'Samsung SCX-4200', 'Xerox Phaser 3110', 'Samsung ML-1520P', 'Samsung SCX-4200R', 'Xerox Phaser 3116', 'Samsung ML-2510', 'Samsung SCX-4220', 'Xerox Phaser 3210', 'Samsung ML-2570', 'Samsung SCX-4300', 'Xerox WorkCentre PE114e'];
Внутренние компоненты;6107-001163;6107-001163 - Пружина пластиковых прижимов в узле выхода бумаги;['Samsung ML-3712ND', 'Samsung Xpress M2620ND', 'Samsung CLP-300N', 'Samsung Msys 755P', 'Samsung Xpress M2625', 'Samsung CLX-2160', 'Samsung SCX-3400', 'Samsung Xpress M2625D', 'Samsung CLX-2160N', 'Samsung SCX-3400F', 'Samsung Xpress M2626', 'Samsung CLX-3160FN', 'Samsung SCX-3405', 'Samsung Xpress M2626D', 'Samsung CLX-3160N', 'Samsung SCX-3405F', 'Samsung Xpress M2675FN', 'Samsung ML-1510', 'Samsung SCX-3405FW', 'Samsung Xpress M2676FH', 'Samsung ML-1520', 'Samsung SCX-3405W', 'Samsung Xpress M2820DW', 'Samsung ML-1520P', 'Samsung SCX-4016', 'Samsung Xpress M2820ND', 'Samsung ML-1610', 'Samsung SCX-4100', 'Samsung Xpress M2825DW', 'Samsung ML-1615', 'Samsung SCX-4116', 'Samsung Xpress M2825ND', 'Samsung ML-1640', 'Samsung SCX-4200', 'Samsung Xpress M2826ND', 'Samsung ML-1641', 'Samsung SCX-4200R', 'Samsung Xpress M2830DW', 'Samsung ML-1645', 'Samsung SCX-4216F', 'Samsung Xpress M2870FD', 'Samsung ML-1710', 'Samsung SCX-4220', 'Samsung Xpress M2870FW', 'Samsung ML-1710P', 'Samsung SCX-4300', 'Samsung Xpress M2875FD', 'Samsung ML-1740', 'Samsung SCX-4321', 'Samsung Xpress M2875FW', 'Samsung ML-1750', 'Samsung SCX-4521F', 'Samsung Xpress M2875ND', 'Samsung ML-1910', 'Samsung SCX-4600', 'Samsung Xpress M2876HN', 'Samsung ML-1915', 'Samsung SCX-4623F', 'Samsung Xpress M2880FW', 'Samsung ML-2010', 'Samsung SCX-4623FH', 'Samsung Xpress M3015DW', 'Samsung ML-2010P', 'Samsung SCX-4623FN', 'Samsung Xpress M3065FW', 'Samsung ML-2010R', 'Samsung SCX-4725F', 'Xerox Phaser 3115', 'Samsung ML-2015', 'Samsung SCX-4725FN', 'Xerox Phaser 3116', 'Samsung ML-2160', 'Samsung SCX-4727FD', 'Xerox Phaser 3117', 'Samsung ML-2160W', 'Samsung SCX-4728FD', 'Xerox Phaser 3120', 'Samsung ML-2165', 'Samsung SCX-4729FD', 'Xerox Phaser 3121', 'Samsung ML-2240', 'Samsung SCX-4729FW', 'Xerox Phaser 3122', 'Samsung ML-2241', 'Samsung SCX-4824FN', 'Xerox Phaser 3130', 'Samsung ML-2510', 'Samsung SCX-4825FN', 'Xerox Phaser 3140', 'Samsung ML-2525', 'Samsung SCX-4826FN', 'Xerox Phaser 3140 Orange', 'Samsung ML-2525W', 'Samsung SCX-4828FN', 'Xerox Phaser 3140 Silver / Black', 'Samsung ML-2570', 'Samsung SCX-4833FD', 'Xerox Phaser 3140B', 'Samsung ML-2571N', 'Samsung SCX-4833FR', 'Xerox Phaser 3155', 'Samsung ML-2580N', 'Samsung SCX-4835FR', 'Xerox Phaser 3155B', 'Samsung ML-2580NK', 'Samsung SCX-5637FR', 'Xerox Phaser 3160', 'Samsung ML-2850D', 'Samsung SCX-5639FR', 'Xerox Phaser 3160B', 'Samsung ML-2850N', 'Samsung SCX-5737FW', 'Xerox Phaser 3160N', 'Samsung ML-2851DK', 'Samsung SCX-5739FW', 'Xerox Phaser 6110', 'Samsung ML-2851ND', 'Samsung SF-560', 'Xerox Phaser 6110MFP/B', 'Samsung ML-2855ND', 'Samsung SF-565P', 'Xerox Phaser 6110MFP/S', 'Samsung ML-2950DR', 'Samsung SF-750', 'Xerox Phaser 6110MFP/X', 'Samsung ML-2950ND', 'Samsung SF-755P', 'Xerox Phaser 6110N', 'Samsung ML-2950NDR', 'Samsung SF-760P', 'Xerox WorkCentre 3119', 'Samsung ML-2955DW', 'Samsung Xpress M2020', 'Xerox WorkCentre 3210', 'Samsung ML-2955ND', 'Samsung Xpress M2020W', 'Xerox WorkCentre 3210N', 'Samsung ML-3310D', 'Samsung Xpress M2022', 'Xerox WorkCentre 3220', 'Samsung ML-3310ND', 'Samsung Xpress M2022W', 'Xerox WorkCentre 3220DN', 'Samsung ML-3312ND', 'Samsung Xpress M2070', 'Xerox WorkCentre PE114e', 'Samsung ML-3710D', 'Samsung Xpress M2070F', 'Xerox WorkCentre PE120', 'Samsung ML-3710DW', 'Samsung Xpress M2070FW', 'Xerox WorkCentre PE120i', 'Samsung ML-3710ND', 'Samsung Xpress M2070W', 'Xerox WorkCentre PE16', 'Samsung ML-3712DW', 'Samsung Xpress M2620D', 'Xerox WorkCentre PE16e'];E:\Projects\PycharmProjects\parser_profit\images\samsung\6107-001163.jpg
Внутренние компоненты;6602-001067;6602-001067 - Ремень привода сканера;['Samsung SCX-4321', 'Xerox Phaser 3200MFP/N', 'Samsung CLX-2160', 'Samsung SCX-4520', 'Xerox Phaser 3300MFP/X', 'Samsung CLX-2160N', 'Samsung SCX-4521F', 'Xerox Phaser 3635MFP', 'Samsung CLX-3160FN', 'Samsung SCX-4720F', 'Xerox Phaser 3635MFP/S', 'Samsung CLX-3160N', 'Samsung SCX-4720FN', 'Xerox Phaser 3635MFP/X', 'Samsung CLX-6200FX', 'Samsung SCX-4725F', 'Xerox Phaser 6110MFP/B', 'Samsung CLX-6200ND', 'Samsung SCX-4725FN', 'Xerox Phaser 6110MFP/S', 'Samsung CLX-6210FX', 'Samsung SCX-5530FN', 'Xerox Phaser 6110MFP/X', 'Samsung CLX-6220FX', 'Samsung SCX-5530N', 'Xerox WorkCentre PE120', 'Samsung CLX-6240FX', 'Samsung SCX-5635FN', 'Xerox WorkCentre PE120i', 'Samsung CLX-6250FX', 'Samsung SCX-5835FN', 'Xerox WorkCentre PE16', 'Samsung SCX-4016', 'Samsung SCX-5935FN', 'Xerox WorkCentre PE16e', 'Samsung SCX-4116', 'Xerox Phaser 3200MFP', 'Xerox WorkCentre PE220', 'Samsung SCX-4216F', 'Xerox Phaser 3200MFP/B'];
Внутренние компоненты;109N00542;Xerox | 109N00542 - Ремень привода сканера;['Samsung SCX-4216F', 'Xerox Phaser 3200MFP/B', 'Dell 1600n', 'Samsung SCX-4321', 'Xerox Phaser 3200MFP/N', 'Samsung CLX-2160', 'Samsung SCX-4520', 'Xerox Phaser 3300MFP/X', 'Samsung CLX-2160N', 'Samsung SCX-4521F', 'Xerox Phaser 3635MFP', 'Samsung CLX-3160FN', 'Samsung SCX-4720F', 'Xerox Phaser 3635MFP/S', 'Samsung CLX-3160N', 'Samsung SCX-4720FN', 'Xerox Phaser 3635MFP/X', 'Samsung CLX-6200FX', 'Samsung SCX-4725F', 'Xerox Phaser 6110MFP/B', 'Samsung CLX-6200ND', 'Samsung SCX-4725FN', 'Xerox Phaser 6110MFP/S', 'Samsung CLX-6210FX', 'Samsung SCX-5530FN', 'Xerox Phaser 6110MFP/X', 'Samsung CLX-6220FX', 'Samsung SCX-5530N', 'Xerox WorkCentre PE120', 'Samsung CLX-6240FX', 'Samsung SCX-5635FN', 'Xerox WorkCentre PE120i', 'Samsung CLX-6250FX', 'Samsung SCX-5835FN', 'Xerox WorkCentre PE16', 'Samsung SCX-4016', 'Samsung SCX-5935FN', 'Xerox WorkCentre PE16e', 'Samsung SCX-4116', 'Xerox Phaser 3200MFP', 'Xerox WorkCentre PE220'];
Внутренние компоненты;JC31-00027A;JC31-00027A - Вентилятор;['Samsung SCX-4016', 'Xerox Phaser 3121', 'Samsung ML-1710', 'Samsung SCX-4116', 'Xerox Phaser 3122', 'Samsung ML-1710P', 'Samsung SCX-4216F', 'Xerox Phaser 3124', 'Samsung ML-1740', 'Samsung SCX-4321', 'Xerox Phaser 3125', 'Samsung ML-1750', 'Samsung SCX-4521F', 'Xerox Phaser 3125N', 'Samsung ML-2010', 'Samsung SCX-4725F', 'Xerox Phaser 3130', 'Samsung ML-2010P', 'Samsung SCX-4725FN', 'Xerox Phaser 3200MFP', 'Samsung ML-2010R', 'Samsung SF-560', 'Xerox Phaser 3200MFP/B', 'Samsung ML-2015', 'Samsung SF-565P', 'Xerox Phaser 3200MFP/N', 'Samsung ML-2510', 'Samsung SF-750', 'Xerox WorkCentre PE16', 'Samsung ML-2570', 'Samsung SF-755P', 'Xerox WorkCentre PE16e', 'Samsung ML-2571N', 'Xerox Phaser 3115', 'Xerox WorkCentre PE220', 'Samsung Msys 755P', 'Xerox Phaser 3120'];
Внутренние компоненты;127N01453;Xerox | 127N01453 - Вентилятор;['Samsung SCX-4016', 'Xerox Phaser 3121', 'Samsung ML-1710', 'Samsung SCX-4116', 'Xerox Phaser 3122', 'Samsung ML-1710P', 'Samsung SCX-4216F', 'Xerox Phaser 3124', 'Samsung ML-1740', 'Samsung SCX-4321', 'Xerox Phaser 3125', 'Samsung ML-1750', 'Samsung SCX-4521F', 'Xerox Phaser 3125N', 'Samsung ML-2010', 'Samsung SCX-4725F', 'Xerox Phaser 3130', 'Samsung ML-2010P', 'Samsung SCX-4725FN', 'Xerox Phaser 3200MFP', 'Samsung ML-2010R', 'Samsung SF-560', 'Xerox Phaser 3200MFP/B', 'Samsung ML-2015', 'Samsung SF-565P', 'Xerox Phaser 3200MFP/N', 'Samsung ML-2510', 'Samsung SF-750', 'Xerox WorkCentre PE16', 'Samsung ML-2570', 'Samsung SF-755P', 'Xerox WorkCentre PE16e', 'Samsung ML-2571N', 'Xerox Phaser 3115', 'Xerox WorkCentre PE220', 'Samsung Msys 755P', 'Xerox Phaser 3120'];
Внутренние компоненты;JC39-00407A;JC39-00407A - Шлейф в автоподатчике документов;['Samsung SCX-4725FN', 'Xerox Phaser 3200MFP/N', 'Samsung SCX-4521F', 'Xerox Phaser 3200MFP', 'Xerox WorkCentre PE220', 'Samsung SCX-4725F', 'Xerox Phaser 3200MFP/B'];E:\Projects\PycharmProjects\parser_profit\images\samsung\JC39-00407A.jpg
Внутренние компоненты;JC39-00408A;JC39-00408A - Шлейф каретки сканера;['Samsung SCX-4725FN', 'Xerox Phaser 3200MFP/N', 'Samsung SCX-4521F', 'Xerox Phaser 3200MFP', 'Xerox WorkCentre PE220', 'Samsung SCX-4725F', 'Xerox Phaser 3200MFP/B'];E:\Projects\PycharmProjects\parser_profit\images\samsung\JC39-00408A.jpg
Внутренние компоненты;JC39-00642A;JC39-00642A - Кабель блока лазера;['Samsung SCX-4725FN'];
Внутренние компоненты;JC66-00804A;JC66-00804A - Шестерня мотора (139/83 зуба);['Samsung ML-2240', 'Samsung SCX-4725FN', 'Samsung ML-1615', 'Samsung ML-2510', 'Xerox Phaser 3122', 'Samsung ML-1640', 'Samsung ML-2570', 'Xerox Phaser 3200MFP', 'Samsung ML-2010', 'Samsung ML-2571N', 'Xerox Phaser 3200MFP/B', 'Samsung ML-2010P', 'Samsung SCX-4321', 'Xerox Phaser 3200MFP/N', 'Samsung ML-2010R', 'Samsung SCX-4521F', 'Xerox WorkCentre PE220', 'Samsung ML-2015', 'Samsung SCX-4725F'];
Внутренние компоненты;JC66-00806A;JC66-00806A - Шестерня привода картриджа (76/38/29 зубов);['Samsung ML-2570', 'Xerox Phaser 3122', 'Samsung ML-1615', 'Samsung ML-2571N', 'Xerox Phaser 3124', 'Samsung ML-2010', 'Samsung SCX-4321', 'Xerox Phaser 3125', 'Samsung ML-2010P', 'Samsung SCX-4521F', 'Xerox Phaser 3125N', 'Samsung ML-2010R', 'Samsung SCX-4725F', 'Xerox Phaser 3200MFP', 'Samsung ML-2015', 'Samsung SCX-4725FN', 'Xerox WorkCentre PE220', 'Samsung ML-2510', 'Xerox Phaser 3117'];
Внутренние компоненты;007N01372;Xerox | 007N01372 - Шестерня привода картриджа (76/38/29 зубов);['Samsung ML-2570', 'Xerox Phaser 3122', 'Samsung ML-1615', 'Samsung ML-2571N', 'Xerox Phaser 3124', 'Samsung ML-2010', 'Samsung SCX-4321', 'Xerox Phaser 3125', 'Samsung ML-2010P', 'Samsung SCX-4521F', 'Xerox Phaser 3125N', 'Samsung ML-2010R', 'Samsung SCX-4725F', 'Xerox Phaser 3200MFP', 'Samsung ML-2015', 'Samsung SCX-4725FN', 'Xerox WorkCentre PE220', 'Samsung ML-2510', 'Xerox Phaser 3117'];
Внутренние компоненты;JC66-01244A;JC66-01244A - Шестерня редуктора - привод узла термозакрепления;['Samsung SCX-4725FN', 'Xerox Phaser 3200MFP', 'Samsung ML-2570', 'Xerox Phaser 3124', 'Xerox Phaser 3200MFP/B', 'Samsung ML-2571N', 'Xerox Phaser 3125', 'Xerox Phaser 3200MFP/N', 'Samsung SCX-4725F', 'Xerox Phaser 3125N'];
Внутренние компоненты;JC66-01304A;JC66-01304A - Флажок датчика выхода бумаги;['Samsung SCX-4725FN'];
Внутренние компоненты;JC96-04033A;JC96-04033A - Главный редуктор, в сборе (мотор в комплекте);['Samsung SCX-4725F', 'Xerox Phaser 3200MFP', 'Samsung ML-2570', 'Samsung SCX-4725FN', 'Xerox Phaser 3200MFP/B', 'Samsung ML-2571N', 'Xerox Phaser 3124', 'Xerox Phaser 3200MFP/N', 'Samsung SCX-4650N', 'Xerox Phaser 3125', 'Samsung SCX-4655FN', 'Xerox Phaser 3125N'];
Внутренние компоненты;007N01572;Xerox | 007N01572 - Главный редуктор, в сборе (мотор в комплекте);['Samsung SCX-4725F', 'Xerox Phaser 3200MFP', 'Samsung ML-2570', 'Samsung SCX-4725FN', 'Xerox Phaser 3200MFP/B', 'Samsung ML-2571N', 'Xerox Phaser 3124', 'Xerox Phaser 3200MFP/N', 'Samsung SCX-4650N', 'Xerox Phaser 3125', 'Samsung SCX-4655FN', 'Xerox Phaser 3125N'];
Внутренние компоненты;JG66-40003A;JG66-40003A - Шестерня ограничителей формата бумаги;['Samsung ML-1915', 'Samsung SCX-4100', 'Dell 1815dn', 'Samsung ML-2010', 'Samsung SCX-4116', 'Dell 2145сn', 'Samsung ML-2010P', 'Samsung SCX-4200', 'Dell 2355dn', 'Samsung ML-2010R', 'Samsung SCX-4200R', 'Dell 5330dn', 'Samsung ML-2015', 'Samsung SCX-4216F', 'Samsung CLP-300', 'Samsung ML-2160', 'Samsung SCX-4220', 'Samsung CLP-300N', 'Samsung ML-2165', 'Samsung SCX-4300', 'Samsung CLP-310', 'Samsung ML-2165W', 'Samsung SCX-4321', 'Samsung CLP-310N', 'Samsung ML-2240', 'Samsung SCX-4500', 'Samsung CLP-315', 'Samsung ML-2250', 'Samsung SCX-4500W', 'Samsung CLP-315W', 'Samsung ML-2251N', 'Samsung SCX-4520', 'Samsung CLP-320', 'Samsung ML-2251NP', 'Samsung SCX-4521F', 'Samsung CLP-320K', 'Samsung ML-2252W', 'Samsung SCX-4600', 'Samsung CLP-320N', 'Samsung ML-2510', 'Samsung SCX-4623F', 'Samsung CLP-325', 'Samsung ML-2525', 'Samsung SCX-4623FH', 'Samsung CLP-325K', 'Samsung ML-2525W', 'Samsung SCX-4623FN', 'Samsung CLP-325W', 'Samsung ML-2540', 'Samsung SCX-4720F', 'Samsung CLP-325WK', 'Samsung ML-2540R', 'Samsung SCX-4720FN', 'Samsung CLP-350N', 'Samsung ML-2550', 'Samsung SCX-4725F', 'Samsung CLP-600', 'Samsung ML-2551N', 'Samsung SCX-4725FN', 'Samsung CLP-600N', 'Samsung ML-2552W', 'Samsung SCX-4824FN', 'Samsung CLP-610ND', 'Samsung ML-2570', 'Samsung SCX-4825FN', 'Samsung CLP-620ND', 'Samsung ML-2571N', 'Samsung SCX-4826FN', 'Samsung CLP-620NDK', 'Samsung ML-2580N', 'Samsung SCX-4828FN', 'Samsung CLP-650', 'Samsung ML-2580NK', 'Samsung SCX-4833FD', 'Samsung CLP-650N', 'Samsung ML-2850D', 'Samsung SCX-4833FR', 'Samsung CLP-660N', 'Samsung ML-2850N', 'Samsung SCX-4835FR', 'Samsung CLP-660ND', 'Samsung ML-2851DK', 'Samsung SCX-5330N', 'Samsung CLP-670N', 'Samsung ML-2851ND', 'Samsung SCX-5530FN', 'Samsung CLP-670ND', 'Samsung ML-2855ND', 'Samsung SCX-5530N', 'Samsung CLP-670NDK', 'Samsung ML-3050', 'Samsung SCX-5635FN', 'Samsung CLP-770ND', 'Samsung ML-3051N', 'Samsung SCX-5637FR', 'Samsung CLX-2160', 'Samsung ML-3051ND', 'Samsung SCX-5639FR', 'Samsung CLX-2160N', 'Samsung ML-3310D', 'Samsung SCX-5737FW', 'Samsung CLX-3160FN', 'Samsung ML-3310ND', 'Samsung SCX-5739FW', 'Samsung CLX-3160N', 'Samsung ML-3470D', 'Samsung SCX-5835FN', 'Samsung CLX-3170', 'Samsung ML-3471ND', 'Samsung SCX-5935FN', 'Samsung CLX-3170FN', 'Samsung ML-3560', 'Samsung SCX-6345N', 'Samsung CLX-3170FW', 'Samsung ML-3561N', 'Samsung SCX-6345NJ', 'Samsung CLX-3170N', 'Samsung ML-3561ND', 'Samsung SF-5100', 'Samsung CLX-3175', 'Samsung ML-3710D', 'Samsung SF-5100P', 'Samsung CLX-3175FN', 'Samsung ML-3710DW', 'Samsung SF-5100PI', 'Samsung CLX-3175FW', 'Samsung ML-3710ND', 'Samsung SF-560', 'Samsung CLX-3175N', 'Samsung ML-3750ND', 'Samsung SF-565P', 'Samsung CLX-3185', 'Samsung ML-4050', 'Samsung SF-650', 'Samsung CLX-3185FN', 'Samsung ML-4050N', 'Samsung SF-650P', 'Samsung CLX-3185FW', 'Samsung ML-4050ND', 'Samsung SF-750', 'Samsung CLX-3185N', 'Samsung ML-4510ND', 'Samsung SF-755P', 'Samsung CLX-3185W', 'Samsung ML-4512ND', 'Samsung SF-760P', 'Samsung CLX-6200FX', 'Samsung ML-4550', 'Samsung SF-830', 'Samsung CLX-6200ND', 'Samsung ML-4551N', 'Samsung SF-835P', 'Samsung CLX-6210FX', 'Samsung ML-4551ND', 'Xerox Phaser 3115', 'Samsung CLX-6220FX', 'Samsung ML-4551NDR', 'Xerox Phaser 3120', 'Samsung CLX-6240FX', 'Samsung ML-5010ND', 'Xerox Phaser 3121', 'Samsung CLX-6250FX', 'Samsung ML-5012ND', 'Xerox Phaser 3122', 'Samsung ML-1520', 'Samsung ML-5015ND', 'Xerox Phaser 3130', 'Samsung ML-1520P', 'Samsung ML-5017ND', 'Xerox Phaser 3200MFP', 'Samsung ML-1610', 'Samsung Msys-5100P', 'Xerox Phaser 3200MFP/B', 'Samsung ML-1615', 'Samsung Msys-830', 'Xerox Phaser 3200MFP/N', 'Samsung ML-1630', 'Samsung Msys-835P', 'Xerox Phaser 3250D', 'Samsung ML-1630W', 'Samsung MultiXpress CLX-9301NA', 'Xerox Phaser 3250DN', 'Samsung ML-1640', 'Samsung SCX-3200', 'Xerox WorkCentre 3210', 'Samsung ML-1660', 'Samsung SCX-3205', 'Xerox WorkCentre 3210N', 'Samsung ML-1665', 'Samsung SCX-3205W', 'Xerox WorkCentre 3220', 'Samsung ML-1740', 'Samsung SCX-3400', 'Xerox WorkCentre 3220DN', 'Samsung ML-1860', 'Samsung SCX-3400F', 'Xerox WorkCentre PE114e', 'Samsung ML-1865', 'Samsung SCX-3405', 'Xerox WorkCentre PE120', 'Samsung ML-1865K', 'Samsung SCX-3405F', 'Xerox WorkCentre PE120i', 'Samsung ML-1865W', 'Samsung SCX-3405FW', 'Xerox WorkCentre PE16', 'Samsung ML-1865WK', 'Samsung SCX-3405W', 'Xerox WorkCentre PE16e', 'Samsung ML-1910', 'Samsung SCX-4016', 'Xerox WorkCentre PE220'];
Внутренние компоненты;007N01178;Xerox | 007N01178 - Шестерня ограничителей формата бумаги;['Samsung ML-1915', 'Samsung SCX-4100', 'Dell 1815dn', 'Samsung ML-2010', 'Samsung SCX-4116', 'Dell 2145сn', 'Samsung ML-2010P', 'Samsung SCX-4200', 'Dell 2355dn', 'Samsung ML-2010R', 'Samsung SCX-4200R', 'Dell 5330dn', 'Samsung ML-2015', 'Samsung SCX-4216F', 'Samsung CLP-300', 'Samsung ML-2160', 'Samsung SCX-4220', 'Samsung CLP-300N', 'Samsung ML-2165', 'Samsung SCX-4300', 'Samsung CLP-310', 'Samsung ML-2165W', 'Samsung SCX-4321', 'Samsung CLP-310N', 'Samsung ML-2240', 'Samsung SCX-4500', 'Samsung CLP-315', 'Samsung ML-2250', 'Samsung SCX-4500W', 'Samsung CLP-315W', 'Samsung ML-2251N', 'Samsung SCX-4520', 'Samsung CLP-320', 'Samsung ML-2251NP', 'Samsung SCX-4521F', 'Samsung CLP-320K', 'Samsung ML-2252W', 'Samsung SCX-4600', 'Samsung CLP-320N', 'Samsung ML-2510', 'Samsung SCX-4623F', 'Samsung CLP-325', 'Samsung ML-2525', 'Samsung SCX-4623FH', 'Samsung CLP-325K', 'Samsung ML-2525W', 'Samsung SCX-4623FN', 'Samsung CLP-325W', 'Samsung ML-2540', 'Samsung SCX-4720F', 'Samsung CLP-325WK', 'Samsung ML-2540R', 'Samsung SCX-4720FN', 'Samsung CLP-350N', 'Samsung ML-2550', 'Samsung SCX-4725F', 'Samsung CLP-600', 'Samsung ML-2551N', 'Samsung SCX-4725FN', 'Samsung CLP-600N', 'Samsung ML-2552W', 'Samsung SCX-4824FN', 'Samsung CLP-610ND', 'Samsung ML-2570', 'Samsung SCX-4825FN', 'Samsung CLP-620ND', 'Samsung ML-2571N', 'Samsung SCX-4826FN', 'Samsung CLP-620NDK', 'Samsung ML-2580N', 'Samsung SCX-4828FN', 'Samsung CLP-650', 'Samsung ML-2580NK', 'Samsung SCX-4833FD', 'Samsung CLP-650N', 'Samsung ML-2850D', 'Samsung SCX-4833FR', 'Samsung CLP-660N', 'Samsung ML-2850N', 'Samsung SCX-4835FR', 'Samsung CLP-660ND', 'Samsung ML-2851DK', 'Samsung SCX-5330N', 'Samsung CLP-670N', 'Samsung ML-2851ND', 'Samsung SCX-5530FN', 'Samsung CLP-670ND', 'Samsung ML-2855ND', 'Samsung SCX-5530N', 'Samsung CLP-670NDK', 'Samsung ML-3050', 'Samsung SCX-5635FN', 'Samsung CLP-770ND', 'Samsung ML-3051N', 'Samsung SCX-5637FR', 'Samsung CLX-2160', 'Samsung ML-3051ND', 'Samsung SCX-5639FR', 'Samsung CLX-2160N', 'Samsung ML-3310D', 'Samsung SCX-5737FW', 'Samsung CLX-3160FN', 'Samsung ML-3310ND', 'Samsung SCX-5739FW', 'Samsung CLX-3160N', 'Samsung ML-3470D', 'Samsung SCX-5835FN', 'Samsung CLX-3170', 'Samsung ML-3471ND', 'Samsung SCX-5935FN', 'Samsung CLX-3170FN', 'Samsung ML-3560', 'Samsung SCX-6345N', 'Samsung CLX-3170FW', 'Samsung ML-3561N', 'Samsung SCX-6345NJ', 'Samsung CLX-3170N', 'Samsung ML-3561ND', 'Samsung SF-5100', 'Samsung CLX-3175', 'Samsung ML-3710D', 'Samsung SF-5100P', 'Samsung CLX-3175FN', 'Samsung ML-3710DW', 'Samsung SF-5100PI', 'Samsung CLX-3175FW', 'Samsung ML-3710ND', 'Samsung SF-560', 'Samsung CLX-3175N', 'Samsung ML-3750ND', 'Samsung SF-565P', 'Samsung CLX-3185', 'Samsung ML-4050', 'Samsung SF-650', 'Samsung CLX-3185FN', 'Samsung ML-4050N', 'Samsung SF-650P', 'Samsung CLX-3185FW', 'Samsung ML-4050ND', 'Samsung SF-750', 'Samsung CLX-3185N', 'Samsung ML-4510ND', 'Samsung SF-755P', 'Samsung CLX-3185W', 'Samsung ML-4512ND', 'Samsung SF-760P', 'Samsung CLX-6200FX', 'Samsung ML-4550', 'Samsung SF-830', 'Samsung CLX-6200ND', 'Samsung ML-4551N', 'Samsung SF-835P', 'Samsung CLX-6210FX', 'Samsung ML-4551ND', 'Xerox Phaser 3115', 'Samsung CLX-6220FX', 'Samsung ML-4551NDR', 'Xerox Phaser 3120', 'Samsung CLX-6240FX', 'Samsung ML-5010ND', 'Xerox Phaser 3121', 'Samsung CLX-6250FX', 'Samsung ML-5012ND', 'Xerox Phaser 3122', 'Samsung ML-1520', 'Samsung ML-5015ND', 'Xerox Phaser 3130', 'Samsung ML-1520P', 'Samsung ML-5017ND', 'Xerox Phaser 3200MFP', 'Samsung ML-1610', 'Samsung Msys-5100P', 'Xerox Phaser 3200MFP/B', 'Samsung ML-1615', 'Samsung Msys-830', 'Xerox Phaser 3200MFP/N', 'Samsung ML-1630', 'Samsung Msys-835P', 'Xerox Phaser 3250D', 'Samsung ML-1630W', 'Samsung MultiXpress CLX-9301NA', 'Xerox Phaser 3250DN', 'Samsung ML-1640', 'Samsung SCX-3200', 'Xerox WorkCentre 3210', 'Samsung ML-1660', 'Samsung SCX-3205', 'Xerox WorkCentre 3210N', 'Samsung ML-1665', 'Samsung SCX-3205W', 'Xerox WorkCentre 3220', 'Samsung ML-1740', 'Samsung SCX-3400', 'Xerox WorkCentre 3220DN', 'Samsung ML-1860', 'Samsung SCX-3400F', 'Xerox WorkCentre PE114e', 'Samsung ML-1865', 'Samsung SCX-3405', 'Xerox WorkCentre PE120', 'Samsung ML-1865K', 'Samsung SCX-3405F', 'Xerox WorkCentre PE120i', 'Samsung ML-1865W', 'Samsung SCX-3405FW', 'Xerox WorkCentre PE16', 'Samsung ML-1865WK', 'Samsung SCX-3405W', 'Xerox WorkCentre PE16e', 'Samsung ML-1910', 'Samsung SCX-4016', 'Xerox WorkCentre PE220'];
Внутренние компоненты;JC66-00810A;JC66-00810A - Шестерня узла выхода бумаги (17 зубов);['Samsung CLX-6210FX', 'Samsung SCX-4521F', 'Samsung CLP-300N', 'Samsung CLX-6220FX', 'Samsung SCX-4725F', 'Samsung CLP-310', 'Samsung CLX-6240FX', 'Samsung SCX-4725FN', 'Samsung CLP-310N', 'Samsung CLX-6250FX', 'Xerox Phaser 3117', 'Samsung CLP-315', 'Samsung ML-1610', 'Xerox Phaser 3122', 'Samsung CLP-315W', 'Samsung ML-1615', 'Xerox Phaser 3124', 'Samsung CLP-350N', 'Samsung ML-1640', 'Xerox Phaser 3125', 'Samsung CLX-2160', 'Samsung ML-1641', 'Xerox Phaser 3125N', 'Samsung CLX-2160N', 'Samsung ML-1645', 'Xerox Phaser 3200MFP', 'Samsung CLX-3160FN', 'Samsung ML-2010', 'Xerox Phaser 3200MFP/B', 'Samsung CLX-3160N', 'Samsung ML-2010P', 'Xerox Phaser 3200MFP/N', 'Samsung CLX-3170FN', 'Samsung ML-2010R', 'Xerox Phaser 6110', 'Samsung CLX-3175', 'Samsung ML-2240', 'Xerox Phaser 6110MFP/B', 'Samsung CLX-3175FN', 'Samsung ML-2241', 'Xerox Phaser 6110MFP/S', 'Samsung CLX-3175FW', 'Samsung ML-2510', 'Xerox Phaser 6110MFP/X', 'Samsung CLX-3175N', 'Samsung ML-2570', 'Xerox Phaser 6110N', 'Samsung CLX-6200FX', 'Samsung ML-2571N', 'Xerox WorkCentre PE220', 'Samsung CLX-6200ND', 'Samsung SCX-4321'];
Внутренние компоненты;007N01377;Xerox | 007N01377 - Шестерня узла выхода бумаги (17 зубов);['Samsung CLX-6210FX', 'Samsung SCX-4521F', 'Samsung CLP-300N', 'Samsung CLX-6220FX', 'Samsung SCX-4725F', 'Samsung CLP-310', 'Samsung CLX-6240FX', 'Samsung SCX-4725FN', 'Samsung CLP-310N', 'Samsung CLX-6250FX', 'Xerox Phaser 3117', 'Samsung CLP-315', 'Samsung ML-1610', 'Xerox Phaser 3122', 'Samsung CLP-315W', 'Samsung ML-1615', 'Xerox Phaser 3124', 'Samsung CLP-350N', 'Samsung ML-1640', 'Xerox Phaser 3125', 'Samsung CLX-2160', 'Samsung ML-1641', 'Xerox Phaser 3125N', 'Samsung CLX-2160N', 'Samsung ML-1645', 'Xerox Phaser 3200MFP', 'Samsung CLX-3160FN', 'Samsung ML-2010', 'Xerox Phaser 3200MFP/B', 'Samsung CLX-3160N', 'Samsung ML-2010P', 'Xerox Phaser 3200MFP/N', 'Samsung CLX-3170FN', 'Samsung ML-2010R', 'Xerox Phaser 6110', 'Samsung CLX-3175', 'Samsung ML-2240', 'Xerox Phaser 6110MFP/B', 'Samsung CLX-3175FN', 'Samsung ML-2241', 'Xerox Phaser 6110MFP/S', 'Samsung CLX-3175FW', 'Samsung ML-2510', 'Xerox Phaser 6110MFP/X', 'Samsung CLX-3175N', 'Samsung ML-2570', 'Xerox Phaser 6110N', 'Samsung CLX-6200FX', 'Samsung ML-2571N', 'Xerox WorkCentre PE220', 'Samsung CLX-6200ND', 'Samsung SCX-4321'];
Узел переноса;JC66-01218A;JC66-01218A - Вал переноса заряда;['Samsung SCX-4500W', 'Samsung Xpress M2825DW', 'Dell 1130n', 'Samsung SCX-4600', 'Samsung Xpress M2825ND', 'Dell 1133', 'Samsung SCX-4623F', 'Samsung Xpress M2830DW', 'Dell 1135n', 'Samsung SCX-4623FH', 'Samsung Xpress M2835DW', 'Ricoh Aficio SP 3300D', 'Samsung SCX-4623FN', 'Samsung Xpress M2870FD', 'Ricoh Aficio SP 3300DN', 'Samsung SCX-4650N', 'Samsung Xpress M2870FW', 'Samsung ML-1630', 'Samsung SCX-4655FN', 'Samsung Xpress M2875FD', 'Samsung ML-1630W', 'Samsung SCX-4725F', 'Samsung Xpress M2875FW', 'Samsung ML-2510', 'Samsung SCX-4725FN', 'Samsung Xpress M2875ND', 'Samsung ML-2540', 'Samsung SCX-4727FD', 'Samsung Xpress M2880FW', 'Samsung ML-2540R', 'Samsung SCX-4728FD', 'Samsung Xpress M2885FW', 'Samsung ML-2570', 'Samsung SCX-4729FD', 'Samsung Xpress M3015DW', 'Samsung ML-2571N', 'Samsung SCX-4729FW', 'Samsung Xpress M3065FW', 'Samsung ML-2850D', 'Samsung SCX-4824FN', 'Xerox Phaser 3140', 'Samsung ML-2850N', 'Samsung SCX-4825FN', 'Xerox Phaser 3140 Orange', 'Samsung ML-2851DK', 'Samsung SCX-4826FN', 'Xerox Phaser 3140 Silver / Black', 'Samsung ML-2851ND', 'Samsung SCX-4828FN', 'Xerox Phaser 3140B', 'Samsung ML-2855ND', 'Samsung SF-560', 'Xerox Phaser 3155', 'Samsung ML-2950DR', 'Samsung SF-565P', 'Xerox Phaser 3155B', 'Samsung ML-2950ND', 'Samsung SF-650', 'Xerox Phaser 3160', 'Samsung ML-2950NDR', 'Samsung SF-650P', 'Xerox Phaser 3160B', 'Samsung ML-2955DW', 'Samsung Xpress M2620D', 'Xerox Phaser 3160N', 'Samsung ML-2955ND', 'Samsung Xpress M2620ND', 'Xerox Phaser 3250D', 'Samsung SCX-4200', 'Samsung Xpress M2625', 'Xerox Phaser 3250DN', 'Samsung SCX-4200R', 'Samsung Xpress M2625D', 'Xerox WorkCentre 3210', 'Samsung SCX-4220', 'Samsung Xpress M2675FN', 'Xerox WorkCentre 3210N', 'Samsung SCX-4300', 'Samsung Xpress M2820DW', 'Xerox WorkCentre 3220', 'Samsung SCX-4500', 'Samsung Xpress M2820ND', 'Xerox WorkCentre 3220DN'];E:\Projects\PycharmProjects\parser_profit\images\samsung\JC66-01218A.jpg
Узел переноса;022N02354;Xerox | 022N02354 - Вал переноса заряда;['Samsung SCX-4500W', 'Samsung Xpress M2825DW', 'Dell 1130n', 'Samsung SCX-4600', 'Samsung Xpress M2825ND', 'Dell 1133', 'Samsung SCX-4623F', 'Samsung Xpress M2830DW', 'Dell 1135n', 'Samsung SCX-4623FH', 'Samsung Xpress M2835DW', 'Ricoh Aficio SP 3300D', 'Samsung SCX-4623FN', 'Samsung Xpress M2870FD', 'Ricoh Aficio SP 3300DN', 'Samsung SCX-4650N', 'Samsung Xpress M2870FW', 'Samsung ML-1630', 'Samsung SCX-4655FN', 'Samsung Xpress M2875FD', 'Samsung ML-1630W', 'Samsung SCX-4725F', 'Samsung Xpress M2875FW', 'Samsung ML-2510', 'Samsung SCX-4725FN', 'Samsung Xpress M2875ND', 'Samsung ML-2540', 'Samsung SCX-4727FD', 'Samsung Xpress M2880FW', 'Samsung ML-2540R', 'Samsung SCX-4728FD', 'Samsung Xpress M2885FW', 'Samsung ML-2570', 'Samsung SCX-4729FD', 'Samsung Xpress M3015DW', 'Samsung ML-2571N', 'Samsung SCX-4729FW', 'Samsung Xpress M3065FW', 'Samsung ML-2850D', 'Samsung SCX-4824FN', 'Xerox Phaser 3140', 'Samsung ML-2850N', 'Samsung SCX-4825FN', 'Xerox Phaser 3140 Orange', 'Samsung ML-2851DK', 'Samsung SCX-4826FN', 'Xerox Phaser 3140 Silver / Black', 'Samsung ML-2851ND', 'Samsung SCX-4828FN', 'Xerox Phaser 3140B', 'Samsung ML-2855ND', 'Samsung SF-560', 'Xerox Phaser 3155', 'Samsung ML-2950DR', 'Samsung SF-565P', 'Xerox Phaser 3155B', 'Samsung ML-2950ND', 'Samsung SF-650', 'Xerox Phaser 3160', 'Samsung ML-2950NDR', 'Samsung SF-650P', 'Xerox Phaser 3160B', 'Samsung ML-2955DW', 'Samsung Xpress M2620D', 'Xerox Phaser 3160N', 'Samsung ML-2955ND', 'Samsung Xpress M2620ND', 'Xerox Phaser 3250D', 'Samsung SCX-4200', 'Samsung Xpress M2625', 'Xerox Phaser 3250DN', 'Samsung SCX-4200R', 'Samsung Xpress M2625D', 'Xerox WorkCentre 3210', 'Samsung SCX-4220', 'Samsung Xpress M2675FN', 'Xerox WorkCentre 3210N', 'Samsung SCX-4300', 'Samsung Xpress M2820DW', 'Xerox WorkCentre 3220', 'Samsung SCX-4500', 'Samsung Xpress M2820ND', 'Xerox WorkCentre 3220DN'];E:\Projects\PycharmProjects\parser_profit\images\samsung\022N02354.jpg
Узел переноса;JC72-00102A;JC72-00102A - Подшипник вала переноса заряда (левый);['Samsung ML-2251N', 'Samsung SCX-4720FN', 'Dell 1600n', 'Samsung ML-2251NP', 'Samsung SCX-4725F', 'Dell 1815dn', 'Samsung ML-2252W', 'Samsung SCX-4725FN', 'Samsung ML-1210', 'Samsung ML-2510', 'Samsung SCX-5530FN', 'Samsung ML-1430', 'Samsung ML-2570', 'Samsung SCX-5530N', 'Samsung ML-1510', 'Samsung ML-2571N', 'Samsung SCX-5635FN', 'Samsung ML-1520', 'Samsung ML-3050', 'Samsung SCX-5835FN', 'Samsung ML-1520P', 'Samsung ML-3051N', 'Samsung SCX-5935FN', 'Samsung ML-1610', 'Samsung ML-3051ND', 'Samsung SF-560', 'Samsung ML-1615', 'Samsung ML-3470D', 'Samsung SF-565P', 'Samsung ML-1630', 'Samsung ML-3471ND', 'Samsung SF-750', 'Samsung ML-1630W', 'Samsung SCX-4016', 'Samsung SF-755P', 'Samsung ML-1640', 'Samsung SCX-4100', 'Xerox Phaser 3110', 'Samsung ML-1641', 'Samsung SCX-4116', 'Xerox Phaser 3115', 'Samsung ML-1710', 'Samsung SCX-4200', 'Xerox Phaser 3116', 'Samsung ML-1710P', 'Samsung SCX-4200R', 'Xerox Phaser 3117', 'Samsung ML-1740', 'Samsung SCX-4216F', 'Xerox Phaser 3120', 'Samsung ML-1750', 'Samsung SCX-4220', 'Xerox Phaser 3121', 'Samsung ML-2010', 'Samsung SCX-4300', 'Xerox Phaser 3122', 'Samsung ML-2010P', 'Samsung SCX-4321', 'Xerox Phaser 3130', 'Samsung ML-2010R', 'Samsung SCX-4500', 'Xerox Phaser 3210', 'Samsung ML-2015', 'Samsung SCX-4500W', 'Xerox WorkCentre 3119', 'Samsung ML-2240', 'Samsung SCX-4520', 'Xerox WorkCentre PE114e', 'Samsung ML-2241', 'Samsung SCX-4521F', 'Xerox WorkCentre PE120', 'Samsung ML-2250', 'Samsung SCX-4720F', 'Xerox WorkCentre PE120i'];
Узел переноса;016N00254;"Xerox | 016N00254 - Подшипник вала переноса заряда (левый)
Снято с производства";['Samsung ML-2251N', 'Samsung SCX-4720FN', 'Dell 1600n', 'Samsung ML-2251NP', 'Samsung SCX-4725F', 'Dell 1815dn', 'Samsung ML-2252W', 'Samsung SCX-4725FN', 'Samsung ML-1210', 'Samsung ML-2510', 'Samsung SCX-5530FN', 'Samsung ML-1430', 'Samsung ML-2570', 'Samsung SCX-5530N', 'Samsung ML-1510', 'Samsung ML-2571N', 'Samsung SCX-5635FN', 'Samsung ML-1520', 'Samsung ML-3050', 'Samsung SCX-5835FN', 'Samsung ML-1520P', 'Samsung ML-3051N', 'Samsung SCX-5935FN', 'Samsung ML-1610', 'Samsung ML-3051ND', 'Samsung SF-560', 'Samsung ML-1615', 'Samsung ML-3470D', 'Samsung SF-565P', 'Samsung ML-1630', 'Samsung ML-3471ND', 'Samsung SF-750', 'Samsung ML-1630W', 'Samsung SCX-4016', 'Samsung SF-755P', 'Samsung ML-1640', 'Samsung SCX-4100', 'Xerox Phaser 3110', 'Samsung ML-1641', 'Samsung SCX-4116', 'Xerox Phaser 3115', 'Samsung ML-1710', 'Samsung SCX-4200', 'Xerox Phaser 3116', 'Samsung ML-1710P', 'Samsung SCX-4200R', 'Xerox Phaser 3117', 'Samsung ML-1740', 'Samsung SCX-4216F', 'Xerox Phaser 3120', 'Samsung ML-1750', 'Samsung SCX-4220', 'Xerox Phaser 3121', 'Samsung ML-2010', 'Samsung SCX-4300', 'Xerox Phaser 3122', 'Samsung ML-2010P', 'Samsung SCX-4321', 'Xerox Phaser 3130', 'Samsung ML-2010R', 'Samsung SCX-4500', 'Xerox Phaser 3210', 'Samsung ML-2015', 'Samsung SCX-4500W', 'Xerox WorkCentre 3119', 'Samsung ML-2240', 'Samsung SCX-4520', 'Xerox WorkCentre PE114e', 'Samsung ML-2241', 'Samsung SCX-4521F', 'Xerox WorkCentre PE120', 'Samsung ML-2250', 'Samsung SCX-4720F', 'Xerox WorkCentre PE120i'];
Электронные компоненты;0609-001223;0609-001223 - Линейка сканирования;['Xerox Phaser 3200MFP', 'Xerox WorkCentre PE220', 'Samsung SCX-4521F', 'Xerox Phaser 3200MFP/B', 'Samsung SCX-4725FN', 'Xerox Phaser 3200MFP/N'];E:\Projects\PycharmProjects\parser_profit\images\samsung\0609-001223.jpg
Электронные компоненты;130N01415;Xerox | 130N01415 - Линейка сканирования;['Xerox Phaser 3200MFP', 'Xerox WorkCentre PE220', 'Samsung SCX-4521F', 'Xerox Phaser 3200MFP/B', 'Samsung SCX-4725FN', 'Xerox Phaser 3200MFP/N'];
Электронные компоненты;JB31-00011A;JB31-00011A - Двигатель планшетного сканера;['Samsung SCX-4521F', 'Samsung SCX-5315F', 'Samsung CLX-3160N', 'Samsung SCX-4720F', 'Samsung SCX-6122FN', 'Samsung SCX-4016', 'Samsung SCX-4720FN', 'Samsung SCX-6220', 'Samsung SCX-4116', 'Samsung SCX-4725F', 'Samsung SCX-6320F', 'Samsung SCX-4216F', 'Samsung SCX-4725FN', 'Samsung SCX-6322DN', 'Samsung SCX-4321', 'Samsung SCX-5115', 'Samsung SCX-6322DNG', 'Samsung SCX-4520', 'Samsung SCX-5115F'];
Электронные компоненты;JC31-00068A;JC31-00068A - Главный мотор;['Samsung SCX-4725F', 'Xerox Phaser 3200MFP', 'Samsung ML-2570', 'Samsung SCX-4725FN', 'Xerox Phaser 3200MFP/B', 'Samsung ML-2571N', 'Xerox Phaser 3124', 'Xerox Phaser 3200MFP/N', 'Samsung SCX-4650N', 'Xerox Phaser 3125', 'Samsung SCX-4655FN', 'Xerox Phaser 3125N'];
Электронные компоненты;127N07546;Xerox | 127N07546 - Главный мотор;['Samsung SCX-4725F', 'Xerox Phaser 3200MFP', 'Samsung ML-2570', 'Samsung SCX-4725FN', 'Xerox Phaser 3200MFP/B', 'Samsung ML-2571N', 'Xerox Phaser 3124', 'Xerox Phaser 3200MFP/N', 'Samsung SCX-4650N', 'Xerox Phaser 3125', 'Samsung SCX-4655FN', 'Xerox Phaser 3125N'];
Электронные компоненты;JC44-00132A;JC44-00132A - Плата высоковольтного питания;['Samsung SCX-4725FN'];
Электронные компоненты;JC44-00133A;JC44-00133A - Плата импульсного питания;['Samsung SCX-4725FN'];
Электронные компоненты;JC92-01763A;JC92-01763A - Плата датчика контроля картриджа с контактными пружинами;['Samsung SCX-4725FN', 'Xerox Phaser 3200MFP/N', 'Samsung SCX-4521F', 'Xerox Phaser 3200MFP', 'Xerox WorkCentre PE220', 'Samsung SCX-4725F', 'Xerox Phaser 3200MFP/B'];
Электронные компоненты;140N63043;"Xerox | 140N63043 - Плата датчика контроля картриджа с контактными пружинами
Снято с производства";['Samsung SCX-4725FN', 'Xerox Phaser 3200MFP/N', 'Samsung SCX-4521F', 'Xerox Phaser 3200MFP', 'Xerox WorkCentre PE220', 'Samsung SCX-4725F', 'Xerox Phaser 3200MFP/B'];
Электронные компоненты;JC96-02655A;JC96-02655A - Редуктор планшетного сканера (мотор в комплекте);['Samsung SCX-4725F', 'Samsung SCX-4521F', 'Samsung SCX-4725FN'];
Электронные компоненты;JC96-04065A;JC96-04065A - Блок лазера;['Samsung ML-2570', 'Samsung SCX-4655FN', 'Samsung ML-2240', 'Samsung ML-2571N', 'Samsung SCX-4725F', 'Samsung ML-2510', 'Samsung SCX-4650N', 'Samsung SCX-4725FN'];
Узел термозакрепления;1404-001373;1404-001373 - Термистор;['Samsung SCX-4725FN', 'Xerox Phaser 3200MFP', 'Samsung ML-2570', 'Xerox Phaser 3124', 'Xerox Phaser 3200MFP/B', 'Samsung ML-2571N', 'Xerox Phaser 3125', 'Xerox Phaser 3200MFP/N', 'Samsung SCX-4725F', 'Xerox Phaser 3125N'];
Узел термозакрепления;130N01499;Xerox | 130N01499 - Термистор;['Samsung SCX-4725FN', 'Xerox Phaser 3200MFP', 'Samsung ML-2570', 'Xerox Phaser 3124', 'Xerox Phaser 3200MFP/B', 'Samsung ML-2571N', 'Xerox Phaser 3125', 'Xerox Phaser 3200MFP/N', 'Samsung SCX-4725F', 'Xerox Phaser 3125N'];
Узел термозакрепления;JC61-00887A;JC61-00887A - Подшипник тефлонового вала (правый);['Samsung SCX-4600', 'Samsung Xpress M2870FW', 'Samsung ML-1630', 'Samsung SCX-4623F', 'Samsung Xpress M2880FW', 'Samsung ML-1630W', 'Samsung SCX-4623FH', 'Xerox Phaser 3052NI', 'Samsung ML-1910', 'Samsung SCX-4623FN', 'Xerox Phaser 3124', 'Samsung ML-1915', 'Samsung SCX-4720F', 'Xerox Phaser 3125', 'Samsung ML-2250', 'Samsung SCX-4720FN', 'Xerox Phaser 3125N', 'Samsung ML-2251N', 'Samsung SCX-4725F', 'Xerox Phaser 3140', 'Samsung ML-2251NP', 'Samsung SCX-4725FN', 'Xerox Phaser 3140 Orange', 'Samsung ML-2252W', 'Samsung SCX-4727FD', 'Xerox Phaser 3140 Silver / Black', 'Samsung ML-2510', 'Samsung SCX-4728FD', 'Xerox Phaser 3140B', 'Samsung ML-2525', 'Samsung SCX-4729FD', 'Xerox Phaser 3150', 'Samsung ML-2525W', 'Samsung SCX-4729FW', 'Xerox Phaser 3150N', 'Samsung ML-2540', 'Samsung SF-650', 'Xerox Phaser 3155', 'Samsung ML-2540R', 'Samsung SF-650P', 'Xerox Phaser 3155B', 'Samsung ML-2570', 'Samsung Xpress M2620D', 'Xerox Phaser 3160', 'Samsung ML-2571N', 'Samsung Xpress M2620ND', 'Xerox Phaser 3160B', 'Samsung ML-2580N', 'Samsung Xpress M2625', 'Xerox Phaser 3160N', 'Samsung ML-2580NK', 'Samsung Xpress M2625D', 'Xerox Phaser 3200MFP', 'Samsung ML-2950DR', 'Samsung Xpress M2675FN', 'Xerox Phaser 3200MFP/B', 'Samsung ML-2950ND', 'Samsung Xpress M2820DW', 'Xerox Phaser 3200MFP/N', 'Samsung ML-2950NDR', 'Samsung Xpress M2820ND', 'Xerox Phaser 3260DNI', 'Samsung ML-2955DW', 'Samsung Xpress M2825DW', 'Xerox WorkCentre 3215NI', 'Samsung ML-2955ND', 'Samsung Xpress M2825ND', 'Xerox WorkCentre 3225DNI', 'Samsung SCX-4500', 'Samsung Xpress M2830DW', 'Xerox WorkCentre PE120', 'Samsung SCX-4500W', 'Samsung Xpress M2835DW', 'Xerox WorkCentre PE120i', 'Samsung SCX-4520', 'Samsung Xpress M2870FD'];E:\Projects\PycharmProjects\parser_profit\images\samsung\JC61-00887A.jpg
Узел термозакрепления;JC61-00887A;CET | JC61-00887A - (CET2754) Подшипник тефлонового вала *правый;['Samsung SCX-4600', 'Samsung Xpress M2870FW', 'Samsung ML-1630', 'Samsung SCX-4623F', 'Samsung Xpress M2880FW', 'Samsung ML-1630W', 'Samsung SCX-4623FH', 'Xerox Phaser 3052NI', 'Samsung ML-1910', 'Samsung SCX-4623FN', 'Xerox Phaser 3124', 'Samsung ML-1915', 'Samsung SCX-4720F', 'Xerox Phaser 3125', 'Samsung ML-2250', 'Samsung SCX-4720FN', 'Xerox Phaser 3125N', 'Samsung ML-2251N', 'Samsung SCX-4725F', 'Xerox Phaser 3140', 'Samsung ML-2251NP', 'Samsung SCX-4725FN', 'Xerox Phaser 3140 Orange', 'Samsung ML-2252W', 'Samsung SCX-4727FD', 'Xerox Phaser 3140 Silver / Black', 'Samsung ML-2510', 'Samsung SCX-4728FD', 'Xerox Phaser 3140B', 'Samsung ML-2525', 'Samsung SCX-4729FD', 'Xerox Phaser 3150', 'Samsung ML-2525W', 'Samsung SCX-4729FW', 'Xerox Phaser 3150N', 'Samsung ML-2540', 'Samsung SF-650', 'Xerox Phaser 3155', 'Samsung ML-2540R', 'Samsung SF-650P', 'Xerox Phaser 3155B', 'Samsung ML-2570', 'Samsung Xpress M2620D', 'Xerox Phaser 3160', 'Samsung ML-2571N', 'Samsung Xpress M2620ND', 'Xerox Phaser 3160B', 'Samsung ML-2580N', 'Samsung Xpress M2625', 'Xerox Phaser 3160N', 'Samsung ML-2580NK', 'Samsung Xpress M2625D', 'Xerox Phaser 3200MFP', 'Samsung ML-2950DR', 'Samsung Xpress M2675FN', 'Xerox Phaser 3200MFP/B', 'Samsung ML-2950ND', 'Samsung Xpress M2820DW', 'Xerox Phaser 3200MFP/N', 'Samsung ML-2950NDR', 'Samsung Xpress M2820ND', 'Xerox Phaser 3260DNI', 'Samsung ML-2955DW', 'Samsung Xpress M2825DW', 'Xerox WorkCentre 3215NI', 'Samsung ML-2955ND', 'Samsung Xpress M2825ND', 'Xerox WorkCentre 3225DNI', 'Samsung SCX-4500', 'Samsung Xpress M2830DW', 'Xerox WorkCentre PE120', 'Samsung SCX-4500W', 'Samsung Xpress M2835DW', 'Xerox WorkCentre PE120i', 'Samsung SCX-4520', 'Samsung Xpress M2870FD'];E:\Projects\PycharmProjects\parser_profit\images\samsung\JC61-00887A.jpg
Узел термозакрепления;JC61-00888A;JC61-00888A - Подшипник тефлонового вала (левый);['Samsung SCX-4600', 'Samsung Xpress M2870FW', 'Samsung ML-1630', 'Samsung SCX-4623F', 'Samsung Xpress M2880FW', 'Samsung ML-1630W', 'Samsung SCX-4623FH', 'Xerox Phaser 3052NI', 'Samsung ML-1910', 'Samsung SCX-4623FN', 'Xerox Phaser 3124', 'Samsung ML-1915', 'Samsung SCX-4720F', 'Xerox Phaser 3125', 'Samsung ML-2250', 'Samsung SCX-4720FN', 'Xerox Phaser 3125N', 'Samsung ML-2251N', 'Samsung SCX-4725F', 'Xerox Phaser 3140', 'Samsung ML-2251NP', 'Samsung SCX-4725FN', 'Xerox Phaser 3140 Orange', 'Samsung ML-2252W', 'Samsung SCX-4727FD', 'Xerox Phaser 3140 Silver / Black', 'Samsung ML-2510', 'Samsung SCX-4728FD', 'Xerox Phaser 3140B', 'Samsung ML-2525', 'Samsung SCX-4729FD', 'Xerox Phaser 3150', 'Samsung ML-2525W', 'Samsung SCX-4729FW', 'Xerox Phaser 3150N', 'Samsung ML-2540', 'Samsung SF-650', 'Xerox Phaser 3155', 'Samsung ML-2540R', 'Samsung SF-650P', 'Xerox Phaser 3155B', 'Samsung ML-2570', 'Samsung Xpress M2620D', 'Xerox Phaser 3160', 'Samsung ML-2571N', 'Samsung Xpress M2620ND', 'Xerox Phaser 3160B', 'Samsung ML-2580N', 'Samsung Xpress M2625', 'Xerox Phaser 3160N', 'Samsung ML-2580NK', 'Samsung Xpress M2625D', 'Xerox Phaser 3200MFP', 'Samsung ML-2950DR', 'Samsung Xpress M2675FN', 'Xerox Phaser 3200MFP/B', 'Samsung ML-2950ND', 'Samsung Xpress M2820DW', 'Xerox Phaser 3200MFP/N', 'Samsung ML-2950NDR', 'Samsung Xpress M2820ND', 'Xerox Phaser 3260DNI', 'Samsung ML-2955DW', 'Samsung Xpress M2825DW', 'Xerox WorkCentre 3215NI', 'Samsung ML-2955ND', 'Samsung Xpress M2825ND', 'Xerox WorkCentre 3225DNI', 'Samsung SCX-4500', 'Samsung Xpress M2830DW', 'Xerox WorkCentre PE120', 'Samsung SCX-4500W', 'Samsung Xpress M2835DW', 'Xerox WorkCentre PE120i', 'Samsung SCX-4520', 'Samsung Xpress M2870FD'];E:\Projects\PycharmProjects\parser_profit\images\samsung\JC61-00888A.jpg
Узел термозакрепления;JC61-00888A;CET | JC61-00888A - (CET2781) Подшипник тефлонового вала *левый;['Samsung SCX-4600', 'Samsung Xpress M2870FW', 'Samsung ML-1630', 'Samsung SCX-4623F', 'Samsung Xpress M2880FW', 'Samsung ML-1630W', 'Samsung SCX-4623FH', 'Xerox Phaser 3052NI', 'Samsung ML-1910', 'Samsung SCX-4623FN', 'Xerox Phaser 3124', 'Samsung ML-1915', 'Samsung SCX-4720F', 'Xerox Phaser 3125', 'Samsung ML-2250', 'Samsung SCX-4720FN', 'Xerox Phaser 3125N', 'Samsung ML-2251N', 'Samsung SCX-4725F', 'Xerox Phaser 3140', 'Samsung ML-2251NP', 'Samsung SCX-4725FN', 'Xerox Phaser 3140 Orange', 'Samsung ML-2252W', 'Samsung SCX-4727FD', 'Xerox Phaser 3140 Silver / Black', 'Samsung ML-2510', 'Samsung SCX-4728FD', 'Xerox Phaser 3140B', 'Samsung ML-2525', 'Samsung SCX-4729FD', 'Xerox Phaser 3150', 'Samsung ML-2525W', 'Samsung SCX-4729FW', 'Xerox Phaser 3150N', 'Samsung ML-2540', 'Samsung SF-650', 'Xerox Phaser 3155', 'Samsung ML-2540R', 'Samsung SF-650P', 'Xerox Phaser 3155B', 'Samsung ML-2570', 'Samsung Xpress M2620D', 'Xerox Phaser 3160', 'Samsung ML-2571N', 'Samsung Xpress M2620ND', 'Xerox Phaser 3160B', 'Samsung ML-2580N', 'Samsung Xpress M2625', 'Xerox Phaser 3160N', 'Samsung ML-2580NK', 'Samsung Xpress M2625D', 'Xerox Phaser 3200MFP', 'Samsung ML-2950DR', 'Samsung Xpress M2675FN', 'Xerox Phaser 3200MFP/B', 'Samsung ML-2950ND', 'Samsung Xpress M2820DW', 'Xerox Phaser 3200MFP/N', 'Samsung ML-2950NDR', 'Samsung Xpress M2820ND', 'Xerox Phaser 3260DNI', 'Samsung ML-2955DW', 'Samsung Xpress M2825DW', 'Xerox WorkCentre 3215NI', 'Samsung ML-2955ND', 'Samsung Xpress M2825ND', 'Xerox WorkCentre 3225DNI', 'Samsung SCX-4500', 'Samsung Xpress M2830DW', 'Xerox WorkCentre PE120', 'Samsung SCX-4500W', 'Samsung Xpress M2835DW', 'Xerox WorkCentre PE120i', 'Samsung SCX-4520', 'Samsung Xpress M2870FD'];E:\Projects\PycharmProjects\parser_profit\images\samsung\JC61-00888A.jpg
Узел термозакрепления;JC61-01721A;JC61-01721A - Палец отделения бумаги от тефлонового вала (1 шт. / в аппарате 4 шт.);['Samsung SCX-4725FN', 'Xerox Phaser 3200MFP/B', 'Samsung ML-2570', 'Xerox Phaser 3124', 'Xerox Phaser 3200MFP/N', 'Samsung ML-2571N', 'Xerox Phaser 3125', 'Samsung SCX-4725F', 'Xerox Phaser 3200MFP'];
Узел термозакрепления;JC66-00600A;"JC66-00600A - Прижимной вал (тип A/B)
Снято с производства";['Samsung SCX-4116', 'Xerox Phaser 3117', 'Samsung ML-1610', 'Samsung SCX-4200', 'Xerox Phaser 3120', 'Samsung ML-1615', 'Samsung SCX-4200R', 'Xerox Phaser 3122', 'Samsung ML-1630', 'Samsung SCX-4216F', 'Xerox Phaser 3124', 'Samsung ML-1630W', 'Samsung SCX-4220', 'Xerox Phaser 3125', 'Samsung ML-1710', 'Samsung SCX-4300', 'Xerox Phaser 3125N', 'Samsung ML-1710P', 'Samsung SCX-4321', 'Xerox Phaser 3130', 'Samsung ML-1740', 'Samsung SCX-4500', 'Xerox Phaser 3140', 'Samsung ML-1750', 'Samsung SCX-4500W', 'Xerox Phaser 3140 Orange', 'Samsung ML-1910', 'Samsung SCX-4521F', 'Xerox Phaser 3140 Silver / Black', 'Samsung ML-1915', 'Samsung SCX-4600', 'Xerox Phaser 3140B', 'Samsung ML-2010', 'Samsung SCX-4623F', 'Xerox Phaser 3155', 'Samsung ML-2010P', 'Samsung SCX-4623FH', 'Xerox Phaser 3155B', 'Samsung ML-2010R', 'Samsung SCX-4623FN', 'Xerox Phaser 3160', 'Samsung ML-2015', 'Samsung SCX-4623FW', 'Xerox Phaser 3160B', 'Samsung ML-2510', 'Samsung SCX-4650N', 'Xerox Phaser 3160N', 'Samsung ML-2525', 'Samsung SCX-4655FN', 'Xerox Phaser 3200MFP', 'Samsung ML-2525W', 'Samsung SCX-4725F', 'Xerox Phaser 3200MFP/B', 'Samsung ML-2540', 'Samsung SCX-4725FN', 'Xerox Phaser 3200MFP/N', 'Samsung ML-2540R', 'Samsung SF-560', 'Xerox WorkCentre PE16', 'Samsung ML-2570', 'Samsung SF-565P', 'Xerox WorkCentre PE16e', 'Samsung ML-2571N', 'Samsung SF-650', 'Xerox WorkCentre PE220', 'Samsung ML-2580N', 'Samsung SF-650P', 'Xerpx Phaser 3115', 'Samsung ML-2580NK', 'Samsung SF-750', 'Samsung SCX-4016', 'Samsung SF-755P'];E:\Projects\PycharmProjects\parser_profit\images\samsung\JC66-00600A.jpg
Узел термозакрепления;022N01611;Xerox | 022N01611 - Прижимной вал;['Samsung SCX-4016', 'Xerox Phaser 3117', 'Samsung ML-1610', 'Samsung SCX-4116', 'Xerox Phaser 3120', 'Samsung ML-1615', 'Samsung SCX-4200', 'Xerox Phaser 3122', 'Samsung ML-1630', 'Samsung SCX-4200R', 'Xerox Phaser 3124', 'Samsung ML-1630W', 'Samsung SCX-4216F', 'Xerox Phaser 3125', 'Samsung ML-1710', 'Samsung SCX-4220', 'Xerox Phaser 3125N', 'Samsung ML-1710P', 'Samsung SCX-4300', 'Xerox Phaser 3130', 'Samsung ML-1740', 'Samsung SCX-4321', 'Xerox Phaser 3140', 'Samsung ML-1750', 'Samsung SCX-4500', 'Xerox Phaser 3140 Orange', 'Samsung ML-1910', 'Samsung SCX-4500W', 'Xerox Phaser 3140 Silver / Black', 'Samsung ML-1915', 'Samsung SCX-4521F', 'Xerox Phaser 3140B', 'Samsung ML-2010', 'Samsung SCX-4600', 'Xerox Phaser 3155', 'Samsung ML-2010P', 'Samsung SCX-4623F', 'Xerox Phaser 3155B', 'Samsung ML-2010R', 'Samsung SCX-4623FH', 'Xerox Phaser 3160', 'Samsung ML-2015', 'Samsung SCX-4623FN', 'Xerox Phaser 3160B', 'Samsung ML-2510', 'Samsung SCX-4623FW', 'Xerox Phaser 3160N', 'Samsung ML-2525', 'Samsung SCX-4725F', 'Xerox Phaser 3200MFP', 'Samsung ML-2525W', 'Samsung SCX-4725FN', 'Xerox Phaser 3200MFP/B', 'Samsung ML-2540', 'Samsung SF-560', 'Xerox Phaser 3200MFP/N', 'Samsung ML-2540R', 'Samsung SF-565P', 'Xerox WorkCentre PE16', 'Samsung ML-2570', 'Samsung SF-650', 'Xerox WorkCentre PE16e', 'Samsung ML-2571N', 'Samsung SF-650P', 'Xerox WorkCentre PE220', 'Samsung ML-2580N', 'Samsung SF-750', 'Xerpx Phaser 3115', 'Samsung ML-2580NK', 'Samsung SF-755P', 'Samsung ML-1510', 'Samsung SCX-4016', 'Samsung SF-755P', 'Samsung ML-1610', 'Samsung SCX-4116', 'Xerox Phaser 3117', 'Samsung ML-1615', 'Samsung SCX-4200', 'Xerox Phaser 3120', 'Samsung ML-1630', 'Samsung SCX-4200R', 'Xerox Phaser 3122', 'Samsung ML-1630W', 'Samsung SCX-4216F', 'Xerox Phaser 3124', 'Samsung ML-1640', 'Samsung SCX-4220', 'Xerox Phaser 3125', 'Samsung ML-1710', 'Samsung SCX-4300', 'Xerox Phaser 3125N', 'Samsung ML-1710P', 'Samsung SCX-4321', 'Xerox Phaser 3130', 'Samsung ML-1740', 'Samsung SCX-4500', 'Xerox Phaser 3140', 'Samsung ML-1750', 'Samsung SCX-4500W', 'Xerox Phaser 3140 Orange', 'Samsung ML-1910', 'Samsung SCX-4521F', 'Xerox Phaser 3140 Silver / Black', 'Samsung ML-1915', 'Samsung SCX-4600', 'Xerox Phaser 3140B', 'Samsung ML-2010', 'Samsung SCX-4623F', 'Xerox Phaser 3155', 'Samsung ML-2010P', 'Samsung SCX-4623FH', 'Xerox Phaser 3155B', 'Samsung ML-2010R', 'Samsung SCX-4623FN', 'Xerox Phaser 3160', 'Samsung ML-2015', 'Samsung SCX-4623FW', 'Xerox Phaser 3160B', 'Samsung ML-2510', 'Samsung SCX-4650N', 'Xerox Phaser 3160N', 'Samsung ML-2525', 'Samsung SCX-4655FN', 'Xerox Phaser 3200MFP', 'Samsung ML-2525W', 'Samsung SCX-4725F', 'Xerox Phaser 3200MFP/B', 'Samsung ML-2540', 'Samsung SCX-4725FN', 'Xerox Phaser 3200MFP/N', 'Samsung ML-2540R', 'Samsung SF-560', 'Xerox WorkCentre PE16', 'Samsung ML-2570', 'Samsung SF-565P', 'Xerox WorkCentre PE16e', 'Samsung ML-2571N', 'Samsung SF-650', 'Xerox WorkCentre PE220', 'Samsung ML-2580N', 'Samsung SF-650P', 'Xerpx Phaser 3115', 'Samsung ML-2580NK', 'Samsung SF-750', 'Samsung ML-1510', 'Samsung SCX-4116', 'Xerox Phaser 3117', 'Samsung ML-1610', 'Samsung SCX-4200', 'Xerox Phaser 3120', 'Samsung ML-1615', 'Samsung SCX-4200R', 'Xerox Phaser 3122', 'Samsung ML-1630', 'Samsung SCX-4216F', 'Xerox Phaser 3124', 'Samsung ML-1630W', 'Samsung SCX-4220', 'Xerox Phaser 3125', 'Samsung ML-1710', 'Samsung SCX-4300', 'Xerox Phaser 3125N', 'Samsung ML-1710P', 'Samsung SCX-4321', 'Xerox Phaser 3130', 'Samsung ML-1740', 'Samsung SCX-4500', 'Xerox Phaser 3140', 'Samsung ML-1750', 'Samsung SCX-4500W', 'Xerox Phaser 3140 Orange', 'Samsung ML-1910', 'Samsung SCX-4521F', 'Xerox Phaser 3140 Silver / Black', 'Samsung ML-1915', 'Samsung SCX-4600', 'Xerox Phaser 3140B', 'Samsung ML-2010', 'Samsung SCX-4623F', 'Xerox Phaser 3155', 'Samsung ML-2010P', 'Samsung SCX-4623FH', 'Xerox Phaser 3155B', 'Samsung ML-2010R', 'Samsung SCX-4623FN', 'Xerox Phaser 3160', 'Samsung ML-2015', 'Samsung SCX-4623FW', 'Xerox Phaser 3160B', 'Samsung ML-2510', 'Samsung SCX-4650N', 'Xerox Phaser 3160N', 'Samsung ML-2525', 'Samsung SCX-4655FN', 'Xerox Phaser 3200MFP', 'Samsung ML-2525W', 'Samsung SCX-4725F', 'Xerox Phaser 3200MFP/B', 'Samsung ML-2540', 'Samsung SCX-4725FN', 'Xerox Phaser 3200MFP/N', 'Samsung ML-2540R', 'Samsung SF-560', 'Xerox WorkCentre PE16', 'Samsung ML-2570', 'Samsung SF-565P', 'Xerox WorkCentre PE16e', 'Samsung ML-2571N', 'Samsung SF-650', 'Xerox WorkCentre PE220', 'Samsung ML-2580N', 'Samsung SF-650P', 'Xerpx Phaser 3115', 'Samsung ML-2580NK', 'Samsung SF-750', 'Samsung SCX-4016', 'Samsung SF-755P', 'Samsung ML-1510', 'Samsung SCX-4016', 'Samsung SF-755P', 'Samsung ML-1610', 'Samsung SCX-4116', 'Xerox Phaser 3117', 'Samsung ML-1615', 'Samsung SCX-4200', 'Xerox Phaser 3120', 'Samsung ML-1630', 'Samsung SCX-4200R', 'Xerox Phaser 3122', 'Samsung ML-1630W', 'Samsung SCX-4216F', 'Xerox Phaser 3124', 'Samsung ML-1640', 'Samsung SCX-4220', 'Xerox Phaser 3125', 'Samsung ML-1710', 'Samsung SCX-4300', 'Xerox Phaser 3125N', 'Samsung ML-1710P', 'Samsung SCX-4321', 'Xerox Phaser 3130', 'Samsung ML-1740', 'Samsung SCX-4500', 'Xerox Phaser 3140', 'Samsung ML-1750', 'Samsung SCX-4500W', 'Xerox Phaser 3140 Orange', 'Samsung ML-1910', 'Samsung SCX-4521F', 'Xerox Phaser 3140 Silver / Black', 'Samsung ML-1915', 'Samsung SCX-4600', 'Xerox Phaser 3140B', 'Samsung ML-2010', 'Samsung SCX-4623F', 'Xerox Phaser 3155', 'Samsung ML-2010P', 'Samsung SCX-4623FH', 'Xerox Phaser 3155B', 'Samsung ML-2010R', 'Samsung SCX-4623FN', 'Xerox Phaser 3160', 'Samsung ML-2015', 'Samsung SCX-4623FW', 'Xerox Phaser 3160B', 'Samsung ML-2510', 'Samsung SCX-4650N', 'Xerox Phaser 3160N', 'Samsung ML-2525', 'Samsung SCX-4655FN', 'Xerox Phaser 3200MFP', 'Samsung ML-2525W', 'Samsung SCX-4725F', 'Xerox Phaser 3200MFP/B', 'Samsung ML-2540', 'Samsung SCX-4725FN', 'Xerox Phaser 3200MFP/N', 'Samsung ML-2540R', 'Samsung SF-560', 'Xerox WorkCentre PE16', 'Samsung ML-2570', 'Samsung SF-565P', 'Xerox WorkCentre PE16e', 'Samsung ML-2571N', 'Samsung SF-650', 'Xerox WorkCentre PE220', 'Samsung ML-2580N', 'Samsung SF-650P', 'Xerpx Phaser 3115', 'Samsung ML-2580NK', 'Samsung SF-750'];
Узел термозакрепления;JC66-01254A;JC66-01254A - Шестерня привода тефлонового вала;['Samsung ML-2850D', 'Samsung SF-651P', 'Ricoh Aficio SP 3300D', 'Samsung ML-2850N', 'Xerox Phaser 3124', 'Ricoh Aficio SP 3300DN', 'Samsung ML-2851DK', 'Xerox Phaser 3125', 'Samsung ML-1630', 'Samsung ML-2851ND', 'Xerox Phaser 3125N', 'Samsung ML-1630S', 'Samsung ML-2855ND', 'Xerox Phaser 3140', 'Samsung ML-1630W', 'Samsung SCX-4500', 'Xerox Phaser 3140 Orange', 'Samsung ML-1631K', 'Samsung SCX-4500W', 'Xerox Phaser 3140 Silver / Black', 'Samsung ML-1631KG', 'Samsung SCX-4501K', 'Xerox Phaser 3140B', 'Samsung ML-1631SK', 'Samsung SCX-4600', 'Xerox Phaser 3155', 'Samsung ML-1910', 'Samsung SCX-4601', 'Xerox Phaser 3155B', 'Samsung ML-1911', 'Samsung SCX-4623F', 'Xerox Phaser 3160', 'Samsung ML-1915', 'Samsung SCX-4623FH', 'Xerox Phaser 3160B', 'Samsung ML-2510', 'Samsung SCX-4623FN', 'Xerox Phaser 3160N', 'Samsung ML-2525', 'Samsung SCX-4650N', 'Xerox Phaser 3200MFP', 'Samsung ML-2525W', 'Samsung SCX-4655FN', 'Xerox Phaser 3200MFP/B', 'Samsung ML-2526', 'Samsung SCX-4725F', 'Xerox Phaser 3200MFP/N', 'Samsung ML-2540', 'Samsung SCX-4725FN', 'Xerox Phaser 3250D', 'Samsung ML-2540R', 'Samsung SCX-4824FN', 'Xerox Phaser 3250DN', 'Samsung ML-2545', 'Samsung SCX-4825FN', 'Xerox WorkCentre 3210', 'Samsung ML-2570', 'Samsung SCX-4826FN', 'Xerox WorkCentre 3210N', 'Samsung ML-2571N', 'Samsung SCX-4828FN', 'Xerox WorkCentre 3220', 'Samsung ML-2580N', 'Samsung SF-650', 'Xerox WorkCentre 3220DN', 'Samsung ML-2580NK', 'Samsung SF-650P', 'Samsung ML-2581N', 'Samsung SF-651'];E:\Projects\PycharmProjects\parser_profit\images\samsung\JC66-01254A.jpg
Узел термозакрепления;JC66-01254A;CN | JC66-01254A - Шестерня привода тефлонового вала;['Samsung ML-2850D', 'Samsung SF-651P', 'Ricoh Aficio SP 3300D', 'Samsung ML-2850N', 'Xerox Phaser 3124', 'Ricoh Aficio SP 3300DN', 'Samsung ML-2851DK', 'Xerox Phaser 3125', 'Samsung ML-1630', 'Samsung ML-2851ND', 'Xerox Phaser 3125N', 'Samsung ML-1630S', 'Samsung ML-2855ND', 'Xerox Phaser 3140', 'Samsung ML-1630W', 'Samsung SCX-4500', 'Xerox Phaser 3140 Orange', 'Samsung ML-1631K', 'Samsung SCX-4500W', 'Xerox Phaser 3140 Silver / Black', 'Samsung ML-1631KG', 'Samsung SCX-4501K', 'Xerox Phaser 3140B', 'Samsung ML-1631SK', 'Samsung SCX-4600', 'Xerox Phaser 3155', 'Samsung ML-1910', 'Samsung SCX-4601', 'Xerox Phaser 3155B', 'Samsung ML-1911', 'Samsung SCX-4623F', 'Xerox Phaser 3160', 'Samsung ML-1915', 'Samsung SCX-4623FH', 'Xerox Phaser 3160B', 'Samsung ML-2510', 'Samsung SCX-4623FN', 'Xerox Phaser 3160N', 'Samsung ML-2525', 'Samsung SCX-4650N', 'Xerox Phaser 3200MFP', 'Samsung ML-2525W', 'Samsung SCX-4655FN', 'Xerox Phaser 3200MFP/B', 'Samsung ML-2526', 'Samsung SCX-4725F', 'Xerox Phaser 3200MFP/N', 'Samsung ML-2540', 'Samsung SCX-4725FN', 'Xerox Phaser 3250D', 'Samsung ML-2540R', 'Samsung SCX-4824FN', 'Xerox Phaser 3250DN', 'Samsung ML-2545', 'Samsung SCX-4825FN', 'Xerox WorkCentre 3210', 'Samsung ML-2570', 'Samsung SCX-4826FN', 'Xerox WorkCentre 3210N', 'Samsung ML-2571N', 'Samsung SCX-4828FN', 'Xerox WorkCentre 3220', 'Samsung ML-2580N', 'Samsung SF-650', 'Xerox WorkCentre 3220DN', 'Samsung ML-2580NK', 'Samsung SF-650P', 'Samsung ML-2581N', 'Samsung SF-651', 'Samsung ML-2850D', 'Samsung SF-651P', 'Ricoh Aficio SP 3300D', 'Samsung ML-2850N', 'Xerox Phaser 3124', 'Ricoh Aficio SP 3300DN', 'Samsung ML-2851DK', 'Xerox Phaser 3125', 'Samsung ML-1630', 'Samsung ML-2851ND', 'Xerox Phaser 3125N', 'Samsung ML-1630S', 'Samsung ML-2855ND', 'Xerox Phaser 3140', 'Samsung ML-1630W', 'Samsung SCX-4500', 'Xerox Phaser 3140 Orange', 'Samsung ML-1631K', 'Samsung SCX-4500W', 'Xerox Phaser 3140 Silver / Black', 'Samsung ML-1631KG', 'Samsung SCX-4501K', 'Xerox Phaser 3140B', 'Samsung ML-1631SK', 'Samsung SCX-4600', 'Xerox Phaser 3155', 'Samsung ML-1910', 'Samsung SCX-4601', 'Xerox Phaser 3155B', 'Samsung ML-1911', 'Samsung SCX-4623F', 'Xerox Phaser 3160', 'Samsung ML-1915', 'Samsung SCX-4623FH', 'Xerox Phaser 3160B', 'Samsung ML-2510', 'Samsung SCX-4623FN', 'Xerox Phaser 3160N', 'Samsung ML-2525', 'Samsung SCX-4650N', 'Xerox Phaser 3200MFP', 'Samsung ML-2525W', 'Samsung SCX-4655FN', 'Xerox Phaser 3200MFP/B', 'Samsung ML-2526', 'Samsung SCX-4725F', 'Xerox Phaser 3200MFP/N', 'Samsung ML-2540', 'Samsung SCX-4725FN', 'Xerox Phaser 3250D', 'Samsung ML-2540R', 'Samsung SCX-4824FN', 'Xerox Phaser 3250DN', 'Samsung ML-2545', 'Samsung SCX-4825FN', 'Xerox WorkCentre 3210', 'Samsung ML-2570', 'Samsung SCX-4826FN', 'Xerox WorkCentre 3210N', 'Samsung ML-2571N', 'Samsung SCX-4828FN', 'Xerox WorkCentre 3220', 'Samsung ML-2580N', 'Samsung SF-650', 'Xerox WorkCentre 3220DN', 'Samsung ML-2580NK', 'Samsung SF-650P', 'Samsung ML-2581N', 'Samsung SF-651'];E:\Projects\PycharmProjects\parser_profit\images\samsung\JC66-01254A.jpg
Узел термозакрепления;JC66-01256A;JC66-01256A - Тефлоновый вал (тип A/B);['Samsung ML-2570', 'Samsung SCX-4623FN', 'Samsung ML-1915', 'Samsung ML-2571N', 'Samsung SCX-4650N', 'Samsung ML-2510', 'Samsung ML-2580N', 'Samsung SCX-4655FN', 'Samsung ML-2525', 'Samsung ML-2580NK', 'Samsung SCX-4725F', 'Samsung ML-2525W', 'Samsung SCX-4600', 'Samsung SCX-4725FN', 'Samsung ML-2540', 'Samsung SCX-4623F', 'Samsung SF-650', 'Samsung ML-2540R', 'Samsung SCX-4623FH', 'Samsung SF-650P'];E:\Projects\PycharmProjects\parser_profit\images\samsung\JC66-01256A.jpg
Узел термозакрепления;JC72-20902A;JC72-20902A - Пластиковый направляющий ролик;['Samsung ML-4512ND', 'Xerox Phaser 3125N', 'Dell 2335dn', 'Samsung ML-4550', 'Xerox Phaser 3200MFP', 'Dell 2355dn', 'Samsung ML-4551N', 'Xerox Phaser 3200MFP/B', 'Dell 5330dn', 'Samsung ML-4551ND', 'Xerox Phaser 3200MFP/N', 'Ricoh Aficio SP 3200SF', 'Samsung ML-4551NDR', 'Xerox Phaser 3250D', 'Ricoh Aficio SP 3300D', 'Samsung ML-5010ND', 'Xerox Phaser 3250DN', 'Ricoh Aficio SP 3300DN', 'Samsung ML-5012ND', 'Xerox Phaser 3300MFP', 'Ricoh Aficio SP 5100N', 'Samsung ML-5015ND', 'Xerox Phaser 3300MFP/X', 'Samsung CLP-300', 'Samsung ML-5017ND', 'Xerox Phaser 3420', 'Samsung CLP-300N', 'Samsung ML-5510N', 'Xerox Phaser 3425', 'Samsung CLP-350N', 'Samsung ML-5510ND', 'Xerox Phaser 3425 PS', 'Samsung CLP-600', 'Samsung ML-5512ND', 'Xerox Phaser 3428D', 'Samsung CLP-600N', 'Samsung ML-5515ND', 'Xerox Phaser 3428DN', 'Samsung CLX-2160', 'Samsung ML-6510ND', 'Xerox Phaser 3435DN', 'Samsung CLX-2160N', 'Samsung ML-6512ND', 'Xerox Phaser 3450', 'Samsung CLX-3160FN', 'Samsung ML-6515ND', 'Xerox Phaser 3450B', 'Samsung CLX-3160N', 'Samsung MultiXpress 8380ND', 'Xerox Phaser 3450D', 'Samsung CLX-8380ND', 'Samsung MultiXpress 8385ND', 'Xerox Phaser 3450DN', 'Samsung CLX-8385ND', 'Samsung MultiXpress CLX-9250ND', 'Xerox Phaser 3500', 'Samsung ML-2510', 'Samsung MultiXpress CLX-9350ND', 'Xerox Phaser 3500B', 'Samsung ML-2550', 'Samsung MultiXpress SCX-6545N', 'Xerox Phaser 3500DN', 'Samsung ML-2551N', 'Samsung MultiXpress SCX-6555N', 'Xerox Phaser 3500N', 'Samsung ML-2552W', 'Samsung SCX-4725F', 'Xerox Phaser 3635MFP', 'Samsung ML-2570', 'Samsung SCX-4725FN', 'Xerox Phaser 3635MFP/S', 'Samsung ML-2571N', 'Samsung SCX-4824FN', 'Xerox Phaser 3635MFP/X', 'Samsung ML-2850D', 'Samsung SCX-4825FN', 'Xerox Phaser 4600DN', 'Samsung ML-2850N', 'Samsung SCX-4828FN', 'Xerox Phaser 4600DT', 'Samsung ML-2851DK', 'Samsung SCX-5330N', 'Xerox Phaser 4600N', 'Samsung ML-2851ND', 'Samsung SCX-5530FN', 'Xerox Phaser 4620DN', 'Samsung ML-2855ND', 'Samsung SCX-5530N', 'Xerox Phaser 4620DT', 'Samsung ML-3050', 'Samsung SCX-5635FN', 'Xerox Phaser 6110', 'Samsung ML-3051N', 'Samsung SCX-5835FN', 'Xerox Phaser 6110MFP/B', 'Samsung ML-3051ND', 'Samsung SCX-5935FN', 'Xerox Phaser 6110MFP/S', 'Samsung ML-3470D', 'Samsung SCX-6122FN', 'Xerox Phaser 6110MFP/X', 'Samsung ML-3471ND', 'Samsung SCX-6322DN', 'Xerox Phaser 6110N', 'Samsung ML-3560', 'Samsung SCX-6322DNG', 'Xerox WorkCentre 3210', 'Samsung ML-3561N', 'Samsung SCX-6345N', 'Xerox WorkCentre 3210N', 'Samsung ML-3561ND', 'Samsung SCX-6345NJ', 'Xerox WorkCentre 3220', 'Samsung ML-4050', 'Samsung SCX-6545N', 'Xerox WorkCentre 3220DN', 'Samsung ML-4050N', 'Samsung SCX-6555N', 'Xerox WorkCentre 3550', 'Samsung ML-4050ND', 'Xerox Phaser 3124', 'Xerox WorkCentre 3550X', 'Samsung ML-4510ND', 'Xerox Phaser 3125'];
Узел термозакрепления;JC96-04231C;JC96-04231C - Печь, в сборе (220В);['Xerox Phaser 3200MFP', 'Xerox Phaser 3200MFP/N', 'Samsung SCX-4725FN', 'Xerox Phaser 3200MFP/B'];
Узел термозакрепления;126N00314;Xerox | 126N00314 - Печь, в сборе (220В);['Xerox Phaser 3200MFP', 'Xerox Phaser 3200MFP/N', 'Samsung SCX-4725FN', 'Xerox Phaser 3200MFP/B'];
Узел термозакрепления;4712-001032;4712-001032 - Термостат;['Samsung ML-2240', 'Xerox Phaser 3117', 'Samsung ML-1615', 'Samsung ML-2241', 'Xerox Phaser 3122', 'Samsung ML-1640', 'Samsung ML-2510', 'Xerox Phaser 3124', 'Samsung ML-1641', 'Samsung ML-2570', 'Xerox Phaser 3125', 'Samsung ML-1645', 'Samsung ML-2571N', 'Xerox Phaser 3125N', 'Samsung ML-2010', 'Samsung SCX-4321', 'Xerox Phaser 3200MFP', 'Samsung ML-2010P', 'Samsung SCX-4521F', 'Xerox Phaser 3200MFP/B', 'Samsung ML-2010R', 'Samsung SCX-4725F', 'Xerox Phaser 3200MFP/N', 'Samsung ML-2015', 'Samsung SCX-4725FN', 'Xerox WorkCentre PE220'];
Узел термозакрепления;130N01411;Xerox | 130N01411 - Термостат;['Samsung ML-2240', 'Xerox Phaser 3117', 'Samsung ML-1615', 'Samsung ML-2241', 'Xerox Phaser 3122', 'Samsung ML-1640', 'Samsung ML-2510', 'Xerox Phaser 3124', 'Samsung ML-1641', 'Samsung ML-2570', 'Xerox Phaser 3125', 'Samsung ML-1645', 'Samsung ML-2571N', 'Xerox Phaser 3125N', 'Samsung ML-2010', 'Samsung SCX-4321', 'Xerox Phaser 3200MFP', 'Samsung ML-2010P', 'Samsung SCX-4521F', 'Xerox Phaser 3200MFP/B', 'Samsung ML-2010R', 'Samsung SCX-4725F', 'Xerox Phaser 3200MFP/N', 'Samsung ML-2015', 'Samsung SCX-4725FN', 'Xerox WorkCentre PE220', 'Samsung ML-1610', 'Samsung ML-2240', 'Xerox Phaser 3117', 'Samsung ML-1615', 'Samsung ML-2241', 'Xerox Phaser 3122', 'Samsung ML-1640', 'Samsung ML-2510', 'Xerox Phaser 3124', 'Samsung ML-1641', 'Samsung ML-2570', 'Xerox Phaser 3125', 'Samsung ML-1645', 'Samsung ML-2571N', 'Xerox Phaser 3125N', 'Samsung ML-2010', 'Samsung SCX-4321', 'Xerox Phaser 3200MFP', 'Samsung ML-2010P', 'Samsung SCX-4521F', 'Xerox Phaser 3200MFP/B', 'Samsung ML-2010R', 'Samsung SCX-4725F', 'Xerox Phaser 3200MFP/N', 'Samsung ML-2015', 'Samsung SCX-4725FN', 'Xerox WorkCentre PE220', 'Samsung ML-1610', 'Samsung ML-2240', 'Xerox Phaser 3117', 'Samsung ML-1615', 'Samsung ML-2241', 'Xerox Phaser 3122', 'Samsung ML-1640', 'Samsung ML-2510', 'Xerox Phaser 3124', 'Samsung ML-1641', 'Samsung ML-2570', 'Xerox Phaser 3125', 'Samsung ML-1645', 'Samsung ML-2571N', 'Xerox Phaser 3125N', 'Samsung ML-2010', 'Samsung SCX-4321', 'Xerox Phaser 3200MFP', 'Samsung ML-2010P', 'Samsung SCX-4521F', 'Xerox Phaser 3200MFP/B', 'Samsung ML-2010R', 'Samsung SCX-4725F', 'Xerox Phaser 3200MFP/N', 'Samsung ML-2015', 'Samsung SCX-4725FN', 'Xerox WorkCentre PE220'];
Узел термозакрепления;JC66-00801A;"JC66-00801A - Шестерня узла термозакрепления - выход бумаги (38/25 зубов)
Снято с производства";['Samsung ML-2241', 'Xerox Phaser 3117', 'Samsung ML-1615', 'Samsung ML-2510', 'Xerox Phaser 3122', 'Samsung ML-1640', 'Samsung ML-2570', 'Xerox Phaser 3124', 'Samsung ML-1641', 'Samsung ML-2571N', 'Xerox Phaser 3125', 'Samsung ML-1645', 'Samsung SCX-4321', 'Xerox Phaser 3125N', 'Samsung ML-2010', 'Samsung SCX-4521F', 'Xerox Phaser 3200MFP', 'Samsung ML-2010P', 'Samsung SCX-4650N', 'Xerox Phaser 3200MFP/B', 'Samsung ML-2010R', 'Samsung SCX-4655FN', 'Xerox Phaser 3200MFP/N', 'Samsung ML-2015', 'Samsung SCX-4725F', 'Samsung ML-2240', 'Samsung SCX-4725FN'];
Детали корпуса;JB01-00002A;JB01-00002A - Стекло планшетного сканера (247 x 356 x 2.85мм / прозрачное);['Samsung SCX-3405FW', 'Samsung Xpress C460FW', 'Samsung CLX-2160N', 'Samsung SCX-3405W', 'Samsung Xpress C460W', 'Samsung CLX-3160FN', 'Samsung SCX-4100', 'Samsung Xpress M2070', 'Samsung CLX-3160N', 'Samsung SCX-4200', 'Samsung Xpress M2070F', 'Samsung CLX-3185', 'Samsung SCX-4200R', 'Samsung Xpress M2070FW', 'Samsung CLX-3185FN', 'Samsung SCX-4220', 'Samsung Xpress M2070W', 'Samsung CLX-3185FW', 'Samsung SCX-4300', 'Xerox Phaser 3300MFP/X', 'Samsung CLX-3185N', 'Samsung SCX-4321', 'Xerox Phaser 6110MFP/B', 'Samsung CLX-3185W', 'Samsung SCX-4500', 'Xerox Phaser 6110MFP/S', 'Samsung CLX-3300', 'Samsung SCX-4500W', 'Xerox Phaser 6110MFP/X', 'Samsung CLX-3305', 'Samsung SCX-4521F', 'Xerox WorkCentre 3119', 'Samsung CLX-3305FN', 'Samsung SCX-4725F', 'Xerox WorkCentre 3210', 'Samsung CLX-3305FW', 'Samsung SCX-4725FN', 'Xerox WorkCentre 3210N', 'Samsung CLX-3305W', 'Samsung SCX-4727FD', 'Xerox WorkCentre 3220', 'Samsung SCX-3200', 'Samsung SCX-4728FD', 'Xerox WorkCentre 3220DN', 'Samsung SCX-3205', 'Samsung SCX-4729FD', 'Xerox WorkCentre PE114e', 'Samsung SCX-3205W', 'Samsung SCX-4729FW', 'Xerox WorkCentre PE120', 'Samsung SCX-3400', 'Samsung SCX-4824FN', 'Xerox WorkCentre PE120i', 'Samsung SCX-3400F', 'Samsung SCX-4825FN', 'Xerox WorkCentre PE16', 'Samsung SCX-3405', 'Samsung SCX-4826FN', 'Xerox WorkCentre PE16e', 'Samsung SCX-3405F', 'Samsung SCX-4828FN'];
Детали корпуса;057N00156;Xerox | 057N00156 - Стекло планшетного сканера;['Samsung SCX-3405FW', 'Samsung Xpress C460FW', 'Samsung CLX-2160N', 'Samsung SCX-3405W', 'Samsung Xpress C460W', 'Samsung CLX-3160FN', 'Samsung SCX-4100', 'Samsung Xpress M2070', 'Samsung CLX-3160N', 'Samsung SCX-4200', 'Samsung Xpress M2070F', 'Samsung CLX-3185', 'Samsung SCX-4200R', 'Samsung Xpress M2070FW', 'Samsung CLX-3185FN', 'Samsung SCX-4220', 'Samsung Xpress M2070W', 'Samsung CLX-3185FW', 'Samsung SCX-4300', 'Xerox Phaser 3300MFP/X', 'Samsung CLX-3185N', 'Samsung SCX-4321', 'Xerox Phaser 6110MFP/B', 'Samsung CLX-3185W', 'Samsung SCX-4500', 'Xerox Phaser 6110MFP/S', 'Samsung CLX-3300', 'Samsung SCX-4500W', 'Xerox Phaser 6110MFP/X', 'Samsung CLX-3305', 'Samsung SCX-4521F', 'Xerox WorkCentre 3119', 'Samsung CLX-3305FN', 'Samsung SCX-4725F', 'Xerox WorkCentre 3210', 'Samsung CLX-3305FW', 'Samsung SCX-4725FN', 'Xerox WorkCentre 3210N', 'Samsung CLX-3305W', 'Samsung SCX-4727FD', 'Xerox WorkCentre 3220', 'Samsung SCX-3200', 'Samsung SCX-4728FD', 'Xerox WorkCentre 3220DN', 'Samsung SCX-3205', 'Samsung SCX-4729FD', 'Xerox WorkCentre PE114e', 'Samsung SCX-3205W', 'Samsung SCX-4729FW', 'Xerox WorkCentre PE120', 'Samsung SCX-3400', 'Samsung SCX-4824FN', 'Xerox WorkCentre PE120i', 'Samsung SCX-3400F', 'Samsung SCX-4825FN', 'Xerox WorkCentre PE16', 'Samsung SCX-3405', 'Samsung SCX-4826FN', 'Xerox WorkCentre PE16e', 'Samsung SCX-3405F', 'Samsung SCX-4828FN'];
Детали корпуса;JC63-01190A;"JC63-01190A - Задняя металлическая пластина (рама)
Снято с производства";['Samsung SCX-4725FN'];
Детали корпуса;JC96-04230A;JC96-04230A - Рама (нижнее основание);['Samsung SCX-4725FN'];
Детали корпуса;JC97-02239C;JC97-02239C - Обходной лоток подачи бумаги, в сборе;['Samsung ML-2510', 'Samsung SCX-4521F', 'Samsung ML-2010P', 'Samsung ML-2570', 'Samsung SCX-4725F', 'Samsung ML-2010R', 'Samsung ML-2571N', 'Samsung SCX-4725FN', 'Samsung ML-2015', 'Samsung SCX-4321'];E:\Projects\PycharmProjects\parser_profit\images\samsung\JC97-02239C.jpg
Детали корпуса;JC63-00209A;JC63-00209A - Белая губка крышки планшетного сканера;['Samsung SCX-3400', 'Samsung SCX-4725F', 'Dell 1815dn', 'Samsung SCX-3400F', 'Samsung SCX-4725FN', 'Dell 2335dn', 'Samsung SCX-3405', 'Samsung SCX-4833FD', 'Dell 2355dn', 'Samsung SCX-3405F', 'Samsung SCX-4833FR', 'Samsung CLX-3160FN', 'Samsung SCX-3405FW', 'Samsung SCX-4835FR', 'Samsung CLX-3160N', 'Samsung SCX-3405W', 'Samsung SCX-5330N', 'Samsung CLX-3170FN', 'Samsung SCX-4100', 'Samsung SCX-5530FN', 'Samsung CLX-3175', 'Samsung SCX-4200', 'Samsung SCX-5530N', 'Samsung CLX-3175FN', 'Samsung SCX-4200R', 'Samsung SCX-5635FN', 'Samsung CLX-3175FW', 'Samsung SCX-4220', 'Samsung SCX-5637FR', 'Samsung CLX-3175N', 'Samsung SCX-4300', 'Samsung SCX-5639FR', 'Samsung CLX-6220FX', 'Samsung SCX-4321', 'Samsung SCX-5737FW', 'Samsung CLX-6250FX', 'Samsung SCX-4500', 'Samsung SCX-5739FW', 'Samsung CLX-6260FD', 'Samsung SCX-4500W', 'Samsung SCX-5835FN', 'Samsung CLX-6260FR', 'Samsung SCX-4520', 'Samsung SCX-5935FN', 'Samsung CLX-6260FW', 'Samsung SCX-4521F', 'Samsung Xpress M2070', 'Samsung CLX-6260ND', 'Samsung SCX-4600', 'Samsung Xpress M2070F', 'Samsung ProXpress C2670FW', 'Samsung SCX-4623F', 'Samsung Xpress M2070FW', 'Samsung ProXpress C3060FR', 'Samsung SCX-4623FH', 'Samsung Xpress M2070W', 'Samsung ProXpress M3870FD', 'Samsung SCX-4623FN', 'Xerox WorkCentre PE114e', 'Samsung ProXpress M3870FW', 'Samsung SCX-4720F', 'Samsung ProXpress M4070FR', 'Samsung SCX-4720FN'];
