Подача и захват бумаги;G1272627;G1272627 - Ролик подачи бумаги в кассете;['Ricoh Aficio SP 3410DN', 'Ricoh Aficio SP 3510DN', 'Ricoh Aficio SP 300DN', 'Ricoh Aficio SP 3410SF', 'Ricoh Aficio SP 3510SF', 'Ricoh Aficio SP 3400N', 'Ricoh Aficio SP 3500N', 'Ricoh Aficio SP 3400SF', 'Ricoh Aficio SP 3500SF'];E:\Projects\PycharmProjects\parser_profit\images\ricoh\G1272627.jpg
Подача и захват бумаги;GF013001;GF013001 - Накладка площадки отделения бумаги;['Ricoh Aficio SP 311DN', 'Ricoh Aficio SP 3510DN', 'Ricoh Aficio MP2014AD', 'Ricoh Aficio SP 311DNw', 'Ricoh SP 150', 'Ricoh Aficio MP2014D', 'Ricoh Aficio SP 3400N', 'Ricoh SP 150SU', 'Ricoh Aficio SP 300DN', 'Ricoh Aficio SP 3410DN', 'Ricoh SP 150SUw', 'Ricoh Aficio SP 310DN', 'Ricoh Aficio SP 3500N', 'Ricoh SP 150w'];
Подача и захват бумаги;M0122504;M0122504 - Кассета на 250 листов, в сборе;['Ricoh Aficio SP 3410DN', 'Ricoh Aficio SP 3510DN', 'Ricoh Aficio SP 3400N', 'Ricoh Aficio SP 3500N'];E:\Projects\PycharmProjects\parser_profit\images\ricoh\M0122504.jpg
Подача и захват бумаги;M0122605;M0122605 - Площадка отделения бумаги из кассеты на 250 листов, в сборе;['Ricoh Aficio SP 311DNw', 'Ricoh Aficio SP 3500N', 'Ricoh Aficio SP 310DN', 'Ricoh Aficio SP 3400N', 'Ricoh Aficio SP 3510DN', 'Ricoh Aficio SP 311DN', 'Ricoh Aficio SP 3410DN'];E:\Projects\PycharmProjects\parser_profit\images\ricoh\M0122605.jpg
Подача и захват бумаги;M0122816;M0122816 - Площадка отделения бумаги в лотке ручной подачи;['Ricoh Aficio SP 311DNw', 'Ricoh Aficio SP 3500N', 'Ricoh Aficio SP 310DN', 'Ricoh Aficio SP 3400N', 'Ricoh Aficio SP 3510DN', 'Ricoh Aficio SP 311DN', 'Ricoh Aficio SP 3410DN'];
Подача и захват бумаги;M0122860;M0122860 - Ролик захвата бумаги в лотке ручной подачи;['Ricoh Aficio SP 311DNw', 'Ricoh Aficio SP 3500N', 'Ricoh Aficio SP 310DN', 'Ricoh Aficio SP 3400N', 'Ricoh Aficio SP 3510DN', 'Ricoh Aficio SP 311DN', 'Ricoh Aficio SP 3410DN'];
Внутренние компоненты;G0292767;G0292767 - Крышка ролика захвата бумаги в лотке ручной подачи;['Ricoh Aficio SP 311DNw', 'Ricoh Aficio SP 3500N', 'Ricoh Aficio SP 310DN', 'Ricoh Aficio SP 3400N', 'Ricoh Aficio SP 3510DN', 'Ricoh Aficio SP 311DN', 'Ricoh Aficio SP 3410DN'];
Внутренние компоненты;G0521518;G0521518 - Пружина;['Ricoh Aficio SP 3410DN', 'Ricoh Aficio SP 3510DN', 'Ricoh Aficio SP 3400N', 'Ricoh Aficio SP 3500N'];
Внутренние компоненты;G1022717;G1022717 - Крышка соленоида;['Ricoh Aficio SP 311DNw', 'Ricoh Aficio SP 3500N', 'Ricoh Aficio SP 310DN', 'Ricoh Aficio SP 3400N', 'Ricoh Aficio SP 3510DN', 'Ricoh Aficio SP 311DN', 'Ricoh Aficio SP 3410DN'];
Внутренние компоненты;G1022789;G1022789 - Ограничитель датчика;['Ricoh Aficio SP 311DNw', 'Ricoh Aficio SP 3500N', 'Ricoh Aficio SP 310DN', 'Ricoh Aficio SP 3400N', 'Ricoh Aficio SP 3510DN', 'Ricoh Aficio SP 311DN', 'Ricoh Aficio SP 3410DN'];
Внутренние компоненты;GW020020;GW020020 - Датчик;['Ricoh Aficio SP 3410DN', 'Ricoh Aficio SP 3510DN', 'Ricoh Aficio SP 3400N', 'Ricoh Aficio SP 3500N'];
Внутренние компоненты;AW020198;Ricoh | AW020198 - Датчик;['Ricoh Aficio SP 311DNw', 'Ricoh Aficio SP 3500N', 'Ricoh Aficio SP 310DN', 'Ricoh Aficio SP 3400N', 'Ricoh Aficio SP 3510DN', 'Ricoh Aficio SP 311DN', 'Ricoh Aficio SP 3410DN'];E:\Projects\PycharmProjects\parser_profit\images\ricoh\AW020198.jpg
Внутренние компоненты;M0122824;M0122824 - Флажок датчика лотка ручной подачи бумаги;['Ricoh Aficio SP 311DNw', 'Ricoh Aficio SP 3500N', 'Ricoh Aficio SP 310DN', 'Ricoh Aficio SP 3400N', 'Ricoh Aficio SP 3510DN', 'Ricoh Aficio SP 311DN', 'Ricoh Aficio SP 3410DN'];
Внутренние компоненты;M0122830;M0122830 - Механическая пружинная муфта;['Ricoh Aficio SP 311DNw', 'Ricoh Aficio SP 3500N', 'Ricoh Aficio SP 310DN', 'Ricoh Aficio SP 3400N', 'Ricoh Aficio SP 3510DN', 'Ricoh Aficio SP 311DN', 'Ricoh Aficio SP 3410DN'];
Внутренние компоненты;M0122831;M0122831 - Соленоид;['Ricoh Aficio SP 3410DN', 'Ricoh Aficio SP 3510DN', 'Ricoh Aficio SP 3400N', 'Ricoh Aficio SP 3500N'];
Внутренние компоненты;M0122874;M0122874 - Пружина в лотке ручной подачи бумаги;['Ricoh Aficio SP 311DNw', 'Ricoh Aficio SP 3500N', 'Ricoh Aficio SP 310DN', 'Ricoh Aficio SP 3400N', 'Ricoh Aficio SP 3510DN', 'Ricoh Aficio SP 311DN', 'Ricoh Aficio SP 3410DN'];
Внутренние компоненты;M0122880;M0122880 - Пружина площадки отделения бумаги в лотке ручной подачи;['Ricoh Aficio SP 311DNw', 'Ricoh Aficio SP 3500N', 'Ricoh Aficio SP 310DN', 'Ricoh Aficio SP 3400N', 'Ricoh Aficio SP 3510DN', 'Ricoh Aficio SP 311DN', 'Ricoh Aficio SP 3410DN'];
Внутренние компоненты;M0124488;M0124488 - Подшипник;['Ricoh Aficio SP 311DNw', 'Ricoh Aficio SP 3500N', 'Ricoh Aficio SP 310DN', 'Ricoh Aficio SP 3400N', 'Ricoh Aficio SP 3510DN', 'Ricoh Aficio SP 311DN', 'Ricoh Aficio SP 3410DN'];
Внутренние компоненты;M0124453;M0124453 - Ролик узла выхода бумаги (1 шт. / в узле 4 шт.);['Ricoh Aficio SP 311DNw', 'Ricoh Aficio SP 3500N', 'Ricoh Aficio SP 310DN', 'Ricoh Aficio SP 3400N', 'Ricoh Aficio SP 3510DN', 'Ricoh Aficio SP 311DN', 'Ricoh Aficio SP 3410DN'];
Внутренние компоненты;M0124454;M0124454 - Пружина ролика узла выхода бумаги (1 шт. / в узле 4 шт.);['Ricoh Aficio SP 311DNw', 'Ricoh Aficio SP 3500N', 'Ricoh Aficio SP 310DN', 'Ricoh Aficio SP 3400N', 'Ricoh Aficio SP 3510DN', 'Ricoh Aficio SP 311DN', 'Ricoh Aficio SP 3410DN'];
Внутренние компоненты;M0124458;M0124458 - Щётка снятия заряда в узле выхода бумаги;['Ricoh Aficio SP 311DNw', 'Ricoh Aficio SP 3500N', 'Ricoh Aficio SP 310DN', 'Ricoh Aficio SP 3400N', 'Ricoh Aficio SP 3510DN', 'Ricoh Aficio SP 311DN', 'Ricoh Aficio SP 3410DN'];
Внутренние компоненты;M0124470;M0124470 - Вал выхода бумаги, в сборе;['Ricoh Aficio SP 3500N'];
Внутренние компоненты;M0124465;M0124465 - Ролик вала выхода бумаги;['Ricoh Aficio SP 3500N'];
Внутренние компоненты;M0124481;M0124481 - Накладка в узле выхода бумаги (левая);['Ricoh Aficio SP 3400N', 'Ricoh Aficio SP 3410DN'];
Внутренние компоненты;M0124482;M0124482 - Накладка в узле выхода бумаги (правая);['Ricoh Aficio SP 3400N', 'Ricoh Aficio SP 3410DN'];
Внутренние компоненты;M0124499;M0124499 - Пластина заземления вала выхода бумаги;['Ricoh Aficio SP 3410DN', 'Ricoh Aficio SP 3510DN', 'Ricoh Aficio SP 3400N', 'Ricoh Aficio SP 3500N'];
Внутренние компоненты;M0124457;M0124457 - Пластина заземления щётки снятия заряда в узле выхода бумаги;['Ricoh Aficio SP 3410DN', 'Ricoh Aficio SP 3510DN', 'Ricoh Aficio SP 3400N', 'Ricoh Aficio SP 3500N'];
Внутренние компоненты;M0122516;M0122516 - Узел соединения, в сборе;['Ricoh Aficio SP 3400N', 'Ricoh Aficio SP 3410DN'];
Внутренние компоненты;11050534;11050534 - Зажим для кабеля;['Ricoh Aficio SP 311DNw', 'Ricoh Aficio SP 3500N', 'Ricoh Aficio SP 310DN', 'Ricoh Aficio SP 3400N', 'Ricoh Aficio SP 3510DN', 'Ricoh Aficio SP 311DN', 'Ricoh Aficio SP 3410DN'];
Внутренние компоненты;A1532117;A1532117 - Ролик;['Ricoh Aficio SP 311DNw', 'Ricoh Aficio SP 3500N', 'Ricoh Aficio SP 310DN', 'Ricoh Aficio SP 3400N', 'Ricoh Aficio SP 3510DN', 'Ricoh Aficio SP 311DN', 'Ricoh Aficio SP 3410DN'];
Внутренние компоненты;11050511;11050511 - Зажим для кабеля;['Ricoh Aficio SP 311DNw', 'Ricoh Aficio SP 3500N', 'Ricoh Aficio SP 310DN', 'Ricoh Aficio SP 3400N', 'Ricoh Aficio SP 3510DN', 'Ricoh Aficio SP 311DN', 'Ricoh Aficio SP 3410DN'];
Внутренние компоненты;11050508;11050508 - Зажим для кабеля;['Ricoh Aficio SP 311DNw', 'Ricoh Aficio SP 3500N', 'Ricoh Aficio SP 310DN', 'Ricoh Aficio SP 3400N', 'Ricoh Aficio SP 3510DN', 'Ricoh Aficio SP 311DN', 'Ricoh Aficio SP 3410DN'];
Внутренние компоненты;08050088;08050088 - Стопорное кольцо (M6);['Ricoh Aficio SP 311DNw', 'Ricoh Aficio SP 3500N', 'Ricoh Aficio SP 310DN', 'Ricoh Aficio SP 3400N', 'Ricoh Aficio SP 3510DN', 'Ricoh Aficio SP 311DN', 'Ricoh Aficio SP 3410DN'];
Внутренние компоненты;AX640199;AX640199 - Вентилятор;['Ricoh Aficio SP 3400N', 'Ricoh Aficio SP C250DN', 'Ricoh Aficio SP 310DN', 'Ricoh Aficio SP 3410DN', 'Ricoh Aficio SP C252DN', 'Ricoh Aficio SP 311DN', 'Ricoh Aficio SP 3500N', 'Ricoh Aficio SP 311DNw', 'Ricoh Aficio SP 3510DN'];
Внутренние компоненты;M0121063;M0121063 - Контактный элемент узла заряда (1 шт. / в узле 4 шт.);['Ricoh Aficio SP 311DNw', 'Ricoh Aficio SP 3500N', 'Ricoh Aficio SP 310DN', 'Ricoh Aficio SP 3400N', 'Ricoh Aficio SP 3510DN', 'Ricoh Aficio SP 311DN', 'Ricoh Aficio SP 3410DN'];
Внутренние компоненты;M0121065;M0121065 - Корпус контактных элементов узла заряда;['Ricoh Aficio SP 311DNw', 'Ricoh Aficio SP 3500N', 'Ricoh Aficio SP 310DN', 'Ricoh Aficio SP 3400N', 'Ricoh Aficio SP 3510DN', 'Ricoh Aficio SP 311DN', 'Ricoh Aficio SP 3410DN'];
Внутренние компоненты;M0121088;M0121088 - Правая направляющая пружина;['Ricoh Aficio SP 311DNw', 'Ricoh Aficio SP 3500N', 'Ricoh Aficio SP 310DN', 'Ricoh Aficio SP 3400N', 'Ricoh Aficio SP 3510DN', 'Ricoh Aficio SP 311DN', 'Ricoh Aficio SP 3410DN'];
Внутренние компоненты;M0121040;M0121040 - Корпус узла разряда;['Ricoh Aficio SP 311DNw', 'Ricoh Aficio SP 3500N', 'Ricoh Aficio SP 310DN', 'Ricoh Aficio SP 3400N', 'Ricoh Aficio SP 3510DN', 'Ricoh Aficio SP 311DN', 'Ricoh Aficio SP 3410DN'];
Внутренние компоненты;M0121037;M0121037 - Корпус для картриджа;['Ricoh Aficio SP 311DNw', 'Ricoh Aficio SP 3500N', 'Ricoh Aficio SP 310DN', 'Ricoh Aficio SP 3400N', 'Ricoh Aficio SP 3510DN', 'Ricoh Aficio SP 311DN', 'Ricoh Aficio SP 3410DN'];
Внутренние компоненты;GW010007;GW010007 - Датчик узла подачи бумаги;['Ricoh Aficio SP 311DNw', 'Ricoh Aficio SP 3500N', 'Ricoh Aficio SP 310DN', 'Ricoh Aficio SP 3400N', 'Ricoh Aficio SP 3510DN', 'Ricoh Aficio SP 311DN', 'Ricoh Aficio SP 3410DN'];E:\Projects\PycharmProjects\parser_profit\images\ricoh\GW010007.jpg
Внутренние компоненты;M0121117;M0121117 - Шестерня привода фотовала;['Ricoh Aficio SP 311DNw', 'Ricoh Aficio SP 3500N', 'Ricoh Aficio SP 310DN', 'Ricoh Aficio SP 3400N', 'Ricoh Aficio SP 3510DN', 'Ricoh Aficio SP 311DN', 'Ricoh Aficio SP 3410DN'];
Внутренние компоненты;M0121046;M0121046 - Корпус для проводов;['Ricoh Aficio SP 3400N', 'Ricoh Aficio SP 3410DN'];
Внутренние компоненты;M0121118;M0121118 - Шестерня привода узла термозакрепления;['Ricoh Aficio SP 3400N', 'Ricoh Aficio SP 3410DN'];
Внутренние компоненты;G0521120;G0521120 - Пружина;['Ricoh Aficio SP 311DNw', 'Ricoh Aficio SP 3500N', 'Ricoh Aficio SP 310DN', 'Ricoh Aficio SP 3400N', 'Ricoh Aficio SP 3510DN', 'Ricoh Aficio SP 311DN', 'Ricoh Aficio SP 3410DN'];
Внутренние компоненты;M0121119;M0121119 - Шестерня привода узла термозакрепления;['Ricoh Aficio SP 311DNw', 'Ricoh Aficio SP 3500N', 'Ricoh Aficio SP 310DN', 'Ricoh Aficio SP 3400N', 'Ricoh Aficio SP 3510DN', 'Ricoh Aficio SP 311DN', 'Ricoh Aficio SP 3410DN'];
Внутренние компоненты;M0121120;M0121120 - Шестерня привода узла термозакрепления;['Ricoh Aficio SP 311DNw', 'Ricoh Aficio SP 3500N', 'Ricoh Aficio SP 310DN', 'Ricoh Aficio SP 3400N', 'Ricoh Aficio SP 3510DN', 'Ricoh Aficio SP 311DN', 'Ricoh Aficio SP 3410DN'];
Внутренние компоненты;M0121089;M0121089 - Направляющий ролик прохода бумаги;['Ricoh Aficio SP 311DNw', 'Ricoh Aficio SP 3500N', 'Ricoh Aficio SP 310DN', 'Ricoh Aficio SP 3400N', 'Ricoh Aficio SP 3510DN', 'Ricoh Aficio SP 311DN', 'Ricoh Aficio SP 3410DN'];
Внутренние компоненты;M0121097;M0121097 - Держатель направляющего ролика прохода бумаги;['Ricoh Aficio SP 311DNw', 'Ricoh Aficio SP 3500N', 'Ricoh Aficio SP 310DN', 'Ricoh Aficio SP 3400N', 'Ricoh Aficio SP 3510DN', 'Ricoh Aficio SP 311DN', 'Ricoh Aficio SP 3410DN'];
Внутренние компоненты;M0121099;M0121099 - Передняя крышка изоляции узла термозакрепления;['Ricoh Aficio SP 3500N', 'Ricoh Aficio SP 3410DN', 'Ricoh Aficio SP 3510DN'];
Внутренние компоненты;M0121066;M0121066 - Пружина контактного элемента узла заряда;['Ricoh Aficio SP 311DNw', 'Ricoh Aficio SP 3500N', 'Ricoh Aficio SP 310DN', 'Ricoh Aficio SP 3400N', 'Ricoh Aficio SP 3510DN', 'Ricoh Aficio SP 311DN', 'Ricoh Aficio SP 3410DN'];
Внутренние компоненты;M0122056;M0122056 - Узел разряда;['Ricoh Aficio SP 3410DN', 'Ricoh Aficio SP 3510DN', 'Ricoh Aficio SP 3400N', 'Ricoh Aficio SP 3500N'];
Внутренние компоненты;M0122719;M0122719 - Ролик узла регистрации;['Ricoh Aficio SP 311DNw', 'Ricoh Aficio SP 3500N', 'Ricoh Aficio SP 310DN', 'Ricoh Aficio SP 3400N', 'Ricoh Aficio SP 3510DN', 'Ricoh Aficio SP 311DN', 'Ricoh Aficio SP 3410DN'];
Внутренние компоненты;M0122717;M0122717 - Ролик узла регистрации;['Ricoh Aficio SP 3410DN', 'Ricoh Aficio SP 3510DN', 'Ricoh Aficio SP 3400N', 'Ricoh Aficio SP 3500N'];
Внутренние компоненты;M0122715;M0122715 - Верхняя планка узла регистрации;['Ricoh Aficio SP 311DNw', 'Ricoh Aficio SP 3500N', 'Ricoh Aficio SP 310DN', 'Ricoh Aficio SP 3400N', 'Ricoh Aficio SP 3510DN', 'Ricoh Aficio SP 311DN', 'Ricoh Aficio SP 3410DN'];
Внутренние компоненты;M0122723;M0122723 - Флажок датчика в узле регистрации;['Ricoh Aficio SP 311DNw', 'Ricoh Aficio SP 3500N', 'Ricoh Aficio SP 310DN', 'Ricoh Aficio SP 3400N', 'Ricoh Aficio SP 3510DN', 'Ricoh Aficio SP 311DN', 'Ricoh Aficio SP 3410DN'];
Внутренние компоненты;M0122711;M0122711 - Подшипник узла регистрации (левый);['Ricoh Aficio SP 311DNw', 'Ricoh Aficio SP 3500N', 'Ricoh Aficio SP 310DN', 'Ricoh Aficio SP 3400N', 'Ricoh Aficio SP 3510DN', 'Ricoh Aficio SP 311DN', 'Ricoh Aficio SP 3410DN'];
Внутренние компоненты;M0122668;M0122668 - Ось узла подачи бумаги, в сборе;['Ricoh Aficio SP 311DNw', 'Ricoh Aficio SP 3500N', 'Ricoh Aficio SP 310DN', 'Ricoh Aficio SP 3400N', 'Ricoh Aficio SP 3510DN', 'Ricoh Aficio SP 311DN', 'Ricoh Aficio SP 3410DN'];
Внутренние компоненты;M0121172;M0121172 - Шестерня узла ручной подачи бумаги;['Ricoh Aficio SP 311DNw', 'Ricoh Aficio SP 3500N', 'Ricoh Aficio SP 310DN', 'Ricoh Aficio SP 3400N', 'Ricoh Aficio SP 3510DN', 'Ricoh Aficio SP 311DN', 'Ricoh Aficio SP 3410DN'];
Внутренние компоненты;M0121171;M0121171 - Шестерня узла ручной подачи бумаги;['Ricoh Aficio SP 311DNw', 'Ricoh Aficio SP 3500N', 'Ricoh Aficio SP 310DN', 'Ricoh Aficio SP 3400N', 'Ricoh Aficio SP 3510DN', 'Ricoh Aficio SP 311DN', 'Ricoh Aficio SP 3410DN'];
Внутренние компоненты;M0121123;M0121123 - Шестерня узла подачи бумаги;['Ricoh Aficio SP 311DNw', 'Ricoh Aficio SP 3500N', 'Ricoh Aficio SP 310DN', 'Ricoh Aficio SP 3400N', 'Ricoh Aficio SP 3510DN', 'Ricoh Aficio SP 311DN', 'Ricoh Aficio SP 3410DN'];
Внутренние компоненты;M0121124;M0121124 - Шестерня узла подачи бумаги;['Ricoh Aficio SP 3400N', 'Ricoh Aficio SP 3410DN'];
Внутренние компоненты;M0121122;M0121122 - Шестерня узла подачи бумаги;['Ricoh Aficio SP 3400N', 'Ricoh Aficio SP 3410DN'];
Внутренние компоненты;M0121121;M0121121 - Шестерня узла подачи бумаги;['Ricoh Aficio SP 3400N', 'Ricoh Aficio SP 3410DN'];
Внутренние компоненты;M0121127;M0121127 - Шестерня узла выхода бумаги;[];
Внутренние компоненты;M0122671;M0122671 - Флажок датчика прохождения бумаги;['Ricoh Aficio SP 311DNw', 'Ricoh Aficio SP 3500N', 'Ricoh Aficio SP 310DN', 'Ricoh Aficio SP 3400N', 'Ricoh Aficio SP 3510DN', 'Ricoh Aficio SP 311DN', 'Ricoh Aficio SP 3410DN'];
Внутренние компоненты;M0121128;M0121128 - Шестерня привода узла термозакрепления;['Ricoh Aficio SP 311DNw', 'Ricoh Aficio SP 3500N', 'Ricoh Aficio SP 310DN', 'Ricoh Aficio SP 3400N', 'Ricoh Aficio SP 3510DN', 'Ricoh Aficio SP 311DN', 'Ricoh Aficio SP 3410DN'];
Внутренние компоненты;M0122722;M0122722 - Пружина ролика регистрации бумаги;['Ricoh Aficio SP 311DNw', 'Ricoh Aficio SP 3500N', 'Ricoh Aficio SP 310DN', 'Ricoh Aficio SP 3400N', 'Ricoh Aficio SP 3510DN', 'Ricoh Aficio SP 311DN', 'Ricoh Aficio SP 3410DN'];
Внутренние компоненты;M0122730;M0122730 - Подшипник узла регистрации (правый);['Ricoh Aficio SP 311DNw', 'Ricoh Aficio SP 3500N', 'Ricoh Aficio SP 310DN', 'Ricoh Aficio SP 3400N', 'Ricoh Aficio SP 3510DN', 'Ricoh Aficio SP 311DN', 'Ricoh Aficio SP 3410DN'];
Внутренние компоненты;M0122744;M0122744 - Направляющая в узле регистрации;['Ricoh Aficio SP 311DNw', 'Ricoh Aficio SP 3500N', 'Ricoh Aficio SP 310DN', 'Ricoh Aficio SP 3400N', 'Ricoh Aficio SP 3510DN', 'Ricoh Aficio SP 311DN', 'Ricoh Aficio SP 3410DN'];
Внутренние компоненты;M0122742;M0122742 - Пластина заземления ролика регистрации;['Ricoh Aficio SP 311DNw', 'Ricoh Aficio SP 3500N', 'Ricoh Aficio SP 310DN', 'Ricoh Aficio SP 3400N', 'Ricoh Aficio SP 3510DN', 'Ricoh Aficio SP 311DN', 'Ricoh Aficio SP 3410DN'];
Внутренние компоненты;M0122741;M0122741 - Пластина заземления ролика регистрации;['Ricoh Aficio SP 311DNw', 'Ricoh Aficio SP 3500N', 'Ricoh Aficio SP 310DN', 'Ricoh Aficio SP 3400N', 'Ricoh Aficio SP 3510DN', 'Ricoh Aficio SP 311DN', 'Ricoh Aficio SP 3410DN'];
Внутренние компоненты;M0122751;M0122751 - Электромагнитная муфта;['Ricoh Aficio SP 3400N', 'Ricoh Aficio SP 3410DN'];
Внутренние компоненты;M0121115;M0121115 - Ремень;['Ricoh Aficio SP 3410DN', 'Ricoh Aficio SP 3400N', 'Ricoh Aficio SP 3500N'];
Внутренние компоненты;M0122725;M0122725 - Пружина флажка датчика регистрации;['Ricoh Aficio SP 311DNw', 'Ricoh Aficio SP 3500N', 'Ricoh Aficio SP 310DN', 'Ricoh Aficio SP 3400N', 'Ricoh Aficio SP 3510DN', 'Ricoh Aficio SP 311DN', 'Ricoh Aficio SP 3410DN'];
Внутренние компоненты;12042879;12042879 - Переключатель;['Ricoh Aficio SP 311DNw', 'Ricoh Aficio SP 3500N', 'Ricoh Aficio SP 310DN', 'Ricoh Aficio SP 3400N', 'Ricoh Aficio SP 3510DN', 'Ricoh Aficio SP 311DN', 'Ricoh Aficio SP 3410DN'];
Внутренние компоненты;M0122745;M0122745 - Пластина заземления узла соединения;['Ricoh Aficio SP 311DNw', 'Ricoh Aficio SP 3500N', 'Ricoh Aficio SP 310DN', 'Ricoh Aficio SP 3400N', 'Ricoh Aficio SP 3510DN', 'Ricoh Aficio SP 311DN', 'Ricoh Aficio SP 3410DN'];
Внутренние компоненты;M0122705;M0122705 - Пружина ролика в узле соединения;['Ricoh Aficio SP 311DNw', 'Ricoh Aficio SP 3500N', 'Ricoh Aficio SP 310DN', 'Ricoh Aficio SP 3400N', 'Ricoh Aficio SP 3510DN', 'Ricoh Aficio SP 311DN', 'Ricoh Aficio SP 3410DN'];
Внутренние компоненты;M0122753;M0122753 - Подшипник ролика в узле соединения;['Ricoh Aficio SP 311DNw', 'Ricoh Aficio SP 3500N', 'Ricoh Aficio SP 310DN', 'Ricoh Aficio SP 3400N', 'Ricoh Aficio SP 3510DN', 'Ricoh Aficio SP 311DN', 'Ricoh Aficio SP 3410DN'];
Внутренние компоненты;M0122701;M0122701 - Ось с роликами в узле соединения;['Ricoh Aficio SP 311DNw', 'Ricoh Aficio SP 3500N', 'Ricoh Aficio SP 310DN', 'Ricoh Aficio SP 3400N', 'Ricoh Aficio SP 3510DN', 'Ricoh Aficio SP 311DN', 'Ricoh Aficio SP 3410DN'];
Внутренние компоненты;M0122702;M0122702 - Ролик в узле соединения;['Ricoh Aficio SP 311DNw', 'Ricoh Aficio SP 3500N', 'Ricoh Aficio SP 310DN', 'Ricoh Aficio SP 3400N', 'Ricoh Aficio SP 3510DN', 'Ricoh Aficio SP 311DN', 'Ricoh Aficio SP 3410DN'];
Внутренние компоненты;M0121908;M0121908 - Верхняя крышка блока лазера;['Ricoh Aficio SP 3410DN', 'Ricoh Aficio SP 3510DN', 'Ricoh Aficio SP 3400N', 'Ricoh Aficio SP 3410SF', 'Ricoh Aficio SP 3400SF', 'Ricoh Aficio SP 3500N'];
Внутренние компоненты;M0121980;M0121980 - Уплотнитель блока лазера;['Ricoh Aficio SP 3410DN', 'Ricoh Aficio SP 3510DN', 'Ricoh Aficio SP 3400N', 'Ricoh Aficio SP 3410SF', 'Ricoh Aficio SP 3400SF', 'Ricoh Aficio SP 3500N'];
Внутренние компоненты;M0121979;M0121979 - Уплотнитель блока лазера;['Ricoh Aficio SP 3410DN', 'Ricoh Aficio SP 3510DN', 'Ricoh Aficio SP 3400N', 'Ricoh Aficio SP 3410SF', 'Ricoh Aficio SP 3400SF', 'Ricoh Aficio SP 3500N'];
Узел переноса;M0126250;M0126250 - Вал переноса заряда, в сборе;['Ricoh Aficio SP 3410DN', 'Ricoh Aficio SP 3510DN', 'Ricoh Aficio SP 3400N', 'Ricoh Aficio SP 3500N'];
Узел переноса;M1016250;Ricoh | M1016250 - Вал переноса заряда, в сборе;['Ricoh Aficio SP 311DNw', 'Ricoh Aficio SP 3500N', 'Ricoh Aficio SP 310DN', 'Ricoh Aficio SP 3400N', 'Ricoh Aficio SP 3510DN', 'Ricoh Aficio SP 311DN', 'Ricoh Aficio SP 3410DN'];
Узел переноса;M0126252;M0126252 - Подшипник вала переноса заряда (правый);['Ricoh Aficio SP 311DNw', 'Ricoh Aficio SP 3500N', 'Ricoh Aficio SP 310DN', 'Ricoh Aficio SP 3400N', 'Ricoh Aficio SP 3510DN', 'Ricoh Aficio SP 311DN', 'Ricoh Aficio SP 3410DN'];
Узел переноса;M0126253;M0126253 - Подшипник вала переноса заряда (левый);['Ricoh Aficio SP 3410DN', 'Ricoh Aficio SP 3510DN', 'Ricoh Aficio SP 3400N', 'Ricoh Aficio SP 3500N'];
Узел переноса;M0126254;M0126254 - Пружина подшипника вала переноса заряда;['Ricoh Aficio SP 311DNw', 'Ricoh Aficio SP 3500N', 'Ricoh Aficio SP 310DN', 'Ricoh Aficio SP 3400N', 'Ricoh Aficio SP 3510DN', 'Ricoh Aficio SP 311DN', 'Ricoh Aficio SP 3410DN'];
Узел переноса;M0126255;M0126255 - Шестерня вала переноса заряда;['Ricoh Aficio SP 311DNw', 'Ricoh Aficio SP 3500N', 'Ricoh Aficio SP 310DN', 'Ricoh Aficio SP 3400N', 'Ricoh Aficio SP 3510DN', 'Ricoh Aficio SP 311DN', 'Ricoh Aficio SP 3410DN'];
Узел переноса;M0126256;M0126256 - Направляющий ролик вала переноса заряда;['Ricoh Aficio SP 311DNw', 'Ricoh Aficio SP 3500N', 'Ricoh Aficio SP 310DN', 'Ricoh Aficio SP 3400N', 'Ricoh Aficio SP 3510DN', 'Ricoh Aficio SP 311DN', 'Ricoh Aficio SP 3410DN'];
Узел переноса;M0126259;M0126259 - Пластина электрода в узле переноса заряда;['Ricoh Aficio SP 3410DN', 'Ricoh Aficio SP 3510DN', 'Ricoh Aficio SP 3400N', 'Ricoh Aficio SP 3500N'];
Узел переноса;M0126260;M0126260 - Крышка пластины электрода в узле переноса заряда;['Ricoh Aficio SP 311DNw', 'Ricoh Aficio SP 3500N', 'Ricoh Aficio SP 310DN', 'Ricoh Aficio SP 3400N', 'Ricoh Aficio SP 3510DN', 'Ricoh Aficio SP 311DN', 'Ricoh Aficio SP 3410DN'];
Электронные компоненты;M0120050;M0120050 - Панель управления, в сборе;['Ricoh Aficio SP 3400N', 'Ricoh Aficio SP 3410DN'];
Электронные компоненты;M0121851;M0121851 - Блок лазера, в сборе;['Ricoh Aficio SP 3400SF', 'Ricoh Aficio SP 3410SF', 'Ricoh Aficio SP 3400N', 'Ricoh Aficio SP 3410DN'];
Электронные компоненты;M0121957;M0121957 - Полигон мотор блока лазера;['Ricoh Aficio SP 3410DN', 'Ricoh Aficio SP 3510DN', 'Ricoh Aficio SP 300DN', 'Ricoh Aficio SP 3410SF', 'Ricoh Aficio SP 3510SF', 'Ricoh Aficio SP 3400N', 'Ricoh Aficio SP 3500N', 'Ricoh Aficio SP 3400SF', 'Ricoh Aficio SP 3500SF'];
Электронные компоненты;14077435;14077435 - Микросхема энергонезависимой памяти;['Ricoh Aficio SP 3410DN', 'Ricoh Aficio SP 3510DN', 'Ricoh Aficio SP 3400N', 'Ricoh Aficio SP 3500N'];
Электронные компоненты;M0125455;M0125455 - Плата управления механизмом принтера;[];
Электронные компоненты;M0125021;M0125021 - Плата питания;['Ricoh Aficio SP 3410DN', 'Ricoh Aficio SP 3510DN', 'Ricoh Aficio SP 3400N', 'Ricoh Aficio SP 3500N'];
Электронные компоненты;M0125103;M0125103 - Плата контроллера;['Ricoh Aficio SP 3410DN'];
Электронные компоненты;M0125039;M0125039 - Главный переключатель;['Ricoh Aficio SP 3410DN', 'Ricoh Aficio SP 3510DN', 'Ricoh Aficio SP 3400N', 'Ricoh Aficio SP 3500N'];
Электронные компоненты;AX050265;AX050265 - Шаговый мотор;['Ricoh Aficio SP 3410DN', 'Ricoh Aficio SP 3510DN', 'Ricoh Aficio SP 3400N', 'Ricoh Aficio SP 3500N'];
Электронные компоненты;B2681085;B2681085 - Переключатель;['Ricoh Aficio SP 3410DN', 'Ricoh Aficio SP 3510DN', 'Ricoh Aficio SP 3400N', 'Ricoh Aficio SP 3500N'];
Электронные компоненты;M0121150;M0121150 - Мотор;['Ricoh Aficio SP 311DNw', 'Ricoh Aficio SP 3500N', 'Ricoh Aficio SP 310DN', 'Ricoh Aficio SP 3400N', 'Ricoh Aficio SP 3510DN', 'Ricoh Aficio SP 311DN', 'Ricoh Aficio SP 3410DN'];
Узел термозакрепления;AW110058;AW110058 - Термостат;['Ricoh Aficio SP 3400N', 'Ricoh Aficio SP 3500N', 'Ricoh Aficio SP 310DN', 'Ricoh Aficio SP 3400SF', 'Ricoh Aficio SP 3500SF', 'Ricoh Aficio SP 311DN', 'Ricoh Aficio SP 3410DN', 'Ricoh Aficio SP 3510DN', 'Ricoh Aficio SP 311DNw', 'Ricoh Aficio SP 3410SF', 'Ricoh Aficio SP 3510SF'];E:\Projects\PycharmProjects\parser_profit\images\ricoh\AW110058.jpg
Узел термозакрепления;M0124031;M0124031 - Печь, в сборе (220В);['Ricoh Aficio SP 3400SF', 'Ricoh Aficio SP 3410SF', 'Ricoh Aficio SP 3400N', 'Ricoh Aficio SP 3410DN'];
Узел термозакрепления;M0124053;M0124053 - Шестерня тефлонового вала;['Ricoh Aficio SP 311DNw', 'Ricoh Aficio SP 3500N', 'Ricoh Aficio SP 310DN', 'Ricoh Aficio SP 3400N', 'Ricoh Aficio SP 3510DN', 'Ricoh Aficio SP 311DN', 'Ricoh Aficio SP 3410DN'];
Узел термозакрепления;M0124055;M0124055 - Шариковый подшипник узла термозакрепления (1 шт. / в узле 2 шт.);['Ricoh Aficio SP 311DNw', 'Ricoh Aficio SP 3500N', 'Ricoh Aficio SP 310DN', 'Ricoh Aficio SP 3400N', 'Ricoh Aficio SP 3510DN', 'Ricoh Aficio SP 311DN', 'Ricoh Aficio SP 3410DN'];
Узел термозакрепления;M0124109;M0124109 - Пружина флажка выхода бумаги из узла термозакрепления;['Ricoh Aficio SP 311DNw', 'Ricoh Aficio SP 3500N', 'Ricoh Aficio SP 310DN', 'Ricoh Aficio SP 3400N', 'Ricoh Aficio SP 3510DN', 'Ricoh Aficio SP 311DN', 'Ricoh Aficio SP 3410DN'];
Узел термозакрепления;M0124120;M0124120 - Пружина пальца отделения (1 шт. / в узле 3 шт.);['Ricoh Aficio SP 311DNw', 'Ricoh Aficio SP 3500N', 'Ricoh Aficio SP 310DN', 'Ricoh Aficio SP 3400N', 'Ricoh Aficio SP 3510DN', 'Ricoh Aficio SP 311DN', 'Ricoh Aficio SP 3410DN'];
Узел термозакрепления;M0124121;M0124121 - Лампа нагрева тефлонового вала (220В / 700Вт);['Ricoh Aficio SP 311DNw', 'Ricoh Aficio SP 3500N', 'Ricoh Aficio SP 310DN', 'Ricoh Aficio SP 3400N', 'Ricoh Aficio SP 3510DN', 'Ricoh Aficio SP 311DN', 'Ricoh Aficio SP 3410DN'];
Узел термозакрепления;M0124135;M0124135 - Флажок датчика выхода бумаги из узла термозакрепления;['Ricoh Aficio SP 311DNw', 'Ricoh Aficio SP 3500N', 'Ricoh Aficio SP 310DN', 'Ricoh Aficio SP 3400N', 'Ricoh Aficio SP 3510DN', 'Ricoh Aficio SP 311DN', 'Ricoh Aficio SP 3410DN'];
Узел термозакрепления;M0124186;M0124186 - Верхняя левая крышка узла термозакрепления;['Ricoh Aficio SP 311DNw', 'Ricoh Aficio SP 3500N', 'Ricoh Aficio SP 310DN', 'Ricoh Aficio SP 3400N', 'Ricoh Aficio SP 3510DN', 'Ricoh Aficio SP 311DN', 'Ricoh Aficio SP 3410DN'];
Узел термозакрепления;M0124202;M0124202 - Рычаг прижимного вала (1 шт. / в узле 2 шт.);['Ricoh Aficio SP 311DNw', 'Ricoh Aficio SP 3500N', 'Ricoh Aficio SP 310DN', 'Ricoh Aficio SP 3400N', 'Ricoh Aficio SP 3510DN', 'Ricoh Aficio SP 311DN', 'Ricoh Aficio SP 3410DN'];
Узел термозакрепления;M0124204;M0124204 - Левый рычаг узла термозакрепления;['Ricoh Aficio SP 311DNw', 'Ricoh Aficio SP 3500N', 'Ricoh Aficio SP 310DN', 'Ricoh Aficio SP 3400N', 'Ricoh Aficio SP 3510DN', 'Ricoh Aficio SP 311DN', 'Ricoh Aficio SP 3410DN'];
Узел термозакрепления;M0124270;M0124270 - Теплоизоляционный подшипник узла термозакрепления;['Ricoh Aficio SP 311DNw', 'Ricoh Aficio SP 3500N', 'Ricoh Aficio SP 310DN', 'Ricoh Aficio SP 3400N', 'Ricoh Aficio SP 3510DN', 'Ricoh Aficio SP 311DN', 'Ricoh Aficio SP 3410DN'];
Узел термозакрепления;M0124699;"M0124699 - Передняя Наклейка ""высокая температура"" в узле термозакрепления";['Ricoh Aficio SP 311DNw', 'Ricoh Aficio SP 3500N', 'Ricoh Aficio SP 310DN', 'Ricoh Aficio SP 3400N', 'Ricoh Aficio SP 3510DN', 'Ricoh Aficio SP 311DN', 'Ricoh Aficio SP 3410DN'];
Узел термозакрепления;G1274328;"G1274328 - Наклейка ""высокая температура"" в узле термозакрепления";['Ricoh Aficio SP 311DNw', 'Ricoh Aficio SP 3500N', 'Ricoh Aficio SP 310DN', 'Ricoh Aficio SP 3400N', 'Ricoh Aficio SP 3510DN', 'Ricoh Aficio SP 311DN', 'Ricoh Aficio SP 3410DN'];
Узел термозакрепления;M0124281;M0124281 - Удерживающая пружина тефлонового вала (1 шт. / в узле 2 шт.);['Ricoh Aficio SP 311DNw', 'Ricoh Aficio SP 3500N', 'Ricoh Aficio SP 310DN', 'Ricoh Aficio SP 3400N', 'Ricoh Aficio SP 3510DN', 'Ricoh Aficio SP 311DN', 'Ricoh Aficio SP 3410DN'];
Узел термозакрепления;M0124223;M0124223 - Термоизоляционный подшипник тефлонового вала;['Ricoh Aficio SP 311DNw', 'Ricoh Aficio SP 3500N', 'Ricoh Aficio SP 310DN', 'Ricoh Aficio SP 3400N', 'Ricoh Aficio SP 3510DN', 'Ricoh Aficio SP 311DN', 'Ricoh Aficio SP 3410DN'];
Узел термозакрепления;M0124205;M0124205 - Правый рычаг узла термозакрепления;['Ricoh Aficio SP 311DNw', 'Ricoh Aficio SP 3500N', 'Ricoh Aficio SP 310DN', 'Ricoh Aficio SP 3400N', 'Ricoh Aficio SP 3510DN', 'Ricoh Aficio SP 311DN', 'Ricoh Aficio SP 3410DN'];
Узел термозакрепления;M0124263;M0124263 - Термистор;['Ricoh Aficio SP 311DNw', 'Ricoh Aficio SP 3500N', 'Ricoh Aficio SP 310DN', 'Ricoh Aficio SP 3400N', 'Ricoh Aficio SP 3510DN', 'Ricoh Aficio SP 311DN', 'Ricoh Aficio SP 3410DN'];E:\Projects\PycharmProjects\parser_profit\images\ricoh\M0124263.jpg
Узел термозакрепления;M0124234;M0124234 - Корпус (держатель) термостата;['Ricoh Aficio SP 311DNw', 'Ricoh Aficio SP 3500N', 'Ricoh Aficio SP 310DN', 'Ricoh Aficio SP 3400N', 'Ricoh Aficio SP 3510DN', 'Ricoh Aficio SP 311DN', 'Ricoh Aficio SP 3410DN'];
Узел термозакрепления;M0124212;M0124212 - Верхняя пластина узла термозакрепления;['Ricoh Aficio SP 311DNw', 'Ricoh Aficio SP 3500N', 'Ricoh Aficio SP 310DN', 'Ricoh Aficio SP 3400N', 'Ricoh Aficio SP 3510DN', 'Ricoh Aficio SP 311DN', 'Ricoh Aficio SP 3410DN'];
Узел термозакрепления;M0124220;M0124220 - Тефлоновый вал;['Ricoh Aficio SP 311DNw', 'Ricoh Aficio SP 3500N', 'Ricoh Aficio SP 310DN', 'Ricoh Aficio SP 3400N', 'Ricoh Aficio SP 3510DN', 'Ricoh Aficio SP 311DN', 'Ricoh Aficio SP 3410DN'];
Узел термозакрепления;M0124208;M0124208 - Держатель пальца отделения (1 шт. / в узле 3 шт.);['Ricoh Aficio SP 311DNw', 'Ricoh Aficio SP 3500N', 'Ricoh Aficio SP 310DN', 'Ricoh Aficio SP 3400N', 'Ricoh Aficio SP 3510DN', 'Ricoh Aficio SP 311DN', 'Ricoh Aficio SP 3410DN'];
Узел термозакрепления;M0124206;M0124206 - Палец отделения (1 шт. / в узле 3 шт.);['Ricoh Aficio SP 311DNw', 'Ricoh Aficio SP 3500N', 'Ricoh Aficio SP 310DN', 'Ricoh Aficio SP 3400N', 'Ricoh Aficio SP 3510DN', 'Ricoh Aficio SP 311DN', 'Ricoh Aficio SP 3410DN'];
Узел термозакрепления;M0124276;M0124276 - Нижняя левая крышка узла термозакрепления;['Ricoh Aficio SP 311DNw', 'Ricoh Aficio SP 3500N', 'Ricoh Aficio SP 310DN', 'Ricoh Aficio SP 3400N', 'Ricoh Aficio SP 3510DN', 'Ricoh Aficio SP 311DN', 'Ricoh Aficio SP 3410DN'];
Узел термозакрепления;M0124216;M0124216 - Пружина направляющей пластины в узле термозакрепления (1 шт. / в узле 2 шт.);['Ricoh Aficio SP 311DNw', 'Ricoh Aficio SP 3500N', 'Ricoh Aficio SP 310DN', 'Ricoh Aficio SP 3400N', 'Ricoh Aficio SP 3510DN', 'Ricoh Aficio SP 311DN', 'Ricoh Aficio SP 3410DN'];
Узел термозакрепления;M0124229;M0124229 - Пружина прижимного вала (1 шт. / в узле 2 шт.);['Ricoh Aficio SP 311DNw', 'Ricoh Aficio SP 3500N', 'Ricoh Aficio SP 310DN', 'Ricoh Aficio SP 3400N', 'Ricoh Aficio SP 3510DN', 'Ricoh Aficio SP 311DN', 'Ricoh Aficio SP 3410DN'];
Узел термозакрепления;M0124217;M0124217 - Нижняя направляющая бумаги в узле термозакрепления;['Ricoh Aficio SP 311DNw', 'Ricoh Aficio SP 3500N', 'Ricoh Aficio SP 310DN', 'Ricoh Aficio SP 3400N', 'Ricoh Aficio SP 3510DN', 'Ricoh Aficio SP 311DN', 'Ricoh Aficio SP 3410DN'];
Узел термозакрепления;M0124279;M0124279 - Вал очистки в узле термозакрепления;['Ricoh Aficio SP 311DNw', 'Ricoh Aficio SP 3500N', 'Ricoh Aficio SP 310DN', 'Ricoh Aficio SP 3400N', 'Ricoh Aficio SP 3510DN', 'Ricoh Aficio SP 311DN', 'Ricoh Aficio SP 3410DN'];
Узел термозакрепления;M0124253;M0124253 - Прижимной вал;['Ricoh Aficio SP 311DNw', 'Ricoh Aficio SP 3500N', 'Ricoh Aficio SP 310DN', 'Ricoh Aficio SP 3400N', 'Ricoh Aficio SP 3510DN', 'Ricoh Aficio SP 311DN', 'Ricoh Aficio SP 3410DN'];
Узел термозакрепления;M0124215;M0124215 - Направляющая выхода бумаги в узле термозакрепления;['Ricoh Aficio SP 311DNw', 'Ricoh Aficio SP 3500N', 'Ricoh Aficio SP 310DN', 'Ricoh Aficio SP 3400N', 'Ricoh Aficio SP 3510DN', 'Ricoh Aficio SP 311DN', 'Ricoh Aficio SP 3410DN'];
Узел термозакрепления;M0124213;M0124213 - Подшипник прижимного вала (1 шт. / в узле 2 шт.);['Ricoh Aficio SP 311DNw', 'Ricoh Aficio SP 3500N', 'Ricoh Aficio SP 310DN', 'Ricoh Aficio SP 3400N', 'Ricoh Aficio SP 3510DN', 'Ricoh Aficio SP 311DN', 'Ricoh Aficio SP 3410DN'];
Узел термозакрепления;M0124284;M0124284 - Рычаг прижима узла термозакрепления (левый);['Ricoh Aficio SP 311DNw', 'Ricoh Aficio SP 3500N', 'Ricoh Aficio SP 310DN', 'Ricoh Aficio SP 3400N', 'Ricoh Aficio SP 3510DN', 'Ricoh Aficio SP 311DN', 'Ricoh Aficio SP 3410DN'];
Узел термозакрепления;M0124266;M0124266 - Нижняя правая крышка узла термозакрепления;['Ricoh Aficio SP 311DNw', 'Ricoh Aficio SP 3500N', 'Ricoh Aficio SP 310DN', 'Ricoh Aficio SP 3400N', 'Ricoh Aficio SP 3510DN', 'Ricoh Aficio SP 311DN', 'Ricoh Aficio SP 3410DN'];
Узел термозакрепления;M0124211;M0124211 - Крышка в узле термозакрепления;['Ricoh Aficio SP 311DNw', 'Ricoh Aficio SP 3500N', 'Ricoh Aficio SP 310DN', 'Ricoh Aficio SP 3400N', 'Ricoh Aficio SP 3510DN', 'Ricoh Aficio SP 311DN', 'Ricoh Aficio SP 3410DN'];
Узел термозакрепления;M0124287;M0124287 - Верхняя правая крышка узла термозакрепления;['Ricoh Aficio SP 311DNw', 'Ricoh Aficio SP 3500N', 'Ricoh Aficio SP 310DN', 'Ricoh Aficio SP 3400N', 'Ricoh Aficio SP 3510DN', 'Ricoh Aficio SP 311DN', 'Ricoh Aficio SP 3410DN'];
Узел термозакрепления;M0124295;M0124295 - Пластина заземления узла термозакрепления;['Ricoh Aficio SP 311DNw', 'Ricoh Aficio SP 3500N', 'Ricoh Aficio SP 310DN', 'Ricoh Aficio SP 3400N', 'Ricoh Aficio SP 3510DN', 'Ricoh Aficio SP 311DN', 'Ricoh Aficio SP 3410DN'];
Узел термозакрепления;M0124292;M0124292 - Верхняя крышка узла термозакрепления;['Ricoh Aficio SP 311DNw', 'Ricoh Aficio SP 3500N', 'Ricoh Aficio SP 310DN', 'Ricoh Aficio SP 3400N', 'Ricoh Aficio SP 3510DN', 'Ricoh Aficio SP 311DN', 'Ricoh Aficio SP 3410DN'];
Узел термозакрепления;M0124285;M0124285 - Рычаг прижима узла термозакрепления (правый);['Ricoh Aficio SP 311DNw', 'Ricoh Aficio SP 3500N', 'Ricoh Aficio SP 310DN', 'Ricoh Aficio SP 3400N', 'Ricoh Aficio SP 3510DN', 'Ricoh Aficio SP 311DN', 'Ricoh Aficio SP 3410DN'];
Узел термозакрепления;M0124293;M0124293 - Ролик выхода бумаги из узла термозакрепления (1 шт. / в узле 4 шт.);['Ricoh Aficio SP 311DNw', 'Ricoh Aficio SP 3500N', 'Ricoh Aficio SP 310DN', 'Ricoh Aficio SP 3400N', 'Ricoh Aficio SP 3510DN', 'Ricoh Aficio SP 311DN', 'Ricoh Aficio SP 3410DN'];
Детали корпуса;03603006N;03603006N - Винт (M3X6);['Ricoh Aficio SP 311DNw', 'Ricoh Aficio SP 3500N', 'Ricoh Aficio SP 310DN', 'Ricoh Aficio SP 3400N', 'Ricoh Aficio SP 3510DN', 'Ricoh Aficio SP 311DN', 'Ricoh Aficio SP 3410DN'];
Детали корпуса;04503008N;04503008N - Винт (M3X8);['Ricoh Aficio SP 311DNw', 'Ricoh Aficio SP 3500N', 'Ricoh Aficio SP 310DN', 'Ricoh Aficio SP 3400N', 'Ricoh Aficio SP 3510DN', 'Ricoh Aficio SP 311DN', 'Ricoh Aficio SP 3410DN'];
Детали корпуса;04503010N;04503010N - Винт (M3X10);['Ricoh Aficio SP 311DNw', 'Ricoh Aficio SP 3500N', 'Ricoh Aficio SP 310DN', 'Ricoh Aficio SP 3400N', 'Ricoh Aficio SP 3510DN', 'Ricoh Aficio SP 311DN', 'Ricoh Aficio SP 3410DN', 'Ricoh Aficio SP C250DN'];
Детали корпуса;04513006N;04513006N - Винт (3X6);['Ricoh Aficio SP 311DNw', 'Ricoh Aficio SP 3500N', 'Ricoh Aficio SP 310DN', 'Ricoh Aficio SP 3400N', 'Ricoh Aficio SP 3510DN', 'Ricoh Aficio SP 311DN', 'Ricoh Aficio SP 3410DN'];
Детали корпуса;04513008N;04513008N - Винт (M3X8);['Ricoh Aficio SP 311DNw', 'Ricoh Aficio SP 3500N', 'Ricoh Aficio SP 310DN', 'Ricoh Aficio SP 3400N', 'Ricoh Aficio SP 3510DN', 'Ricoh Aficio SP 311DN', 'Ricoh Aficio SP 3410DN'];
Детали корпуса;04523010N;04523010N - Винт (3X10);['Ricoh Aficio SP 311DNw', 'Ricoh Aficio SP 3410DN', 'Ricoh Aficio SP 311DN', 'Ricoh Aficio SP 3400N', 'Ricoh SP Aficio 310DN'];
Детали корпуса;04543008Q;04543008Q - Винт (3X8);['Ricoh Aficio SP 3400N', 'Ricoh Aficio SP C250DN', 'Ricoh Aficio SP 310DN', 'Ricoh Aficio SP 3410DN', 'Ricoh Aficio SP C252DN', 'Ricoh Aficio SP 311DN', 'Ricoh Aficio SP 3500N', 'Ricoh Aficio SP 311DNw', 'Ricoh Aficio SP 3510DN'];
Детали корпуса;07200040E;07200040E - Стопорное кольцо (M4);['Ricoh Aficio SP 311DNw', 'Ricoh Aficio SP 3500N', 'Ricoh Aficio SP 310DN', 'Ricoh Aficio SP 3400N', 'Ricoh Aficio SP 3510DN', 'Ricoh Aficio SP 311DN', 'Ricoh Aficio SP 3410DN'];
Детали корпуса;08025318;08025318 - Винт (3X10);['Ricoh Aficio SP 311DNw', 'Ricoh Aficio SP 3500N', 'Ricoh Aficio SP 310DN', 'Ricoh Aficio SP 3400N', 'Ricoh Aficio SP 3510DN', 'Ricoh Aficio SP 311DN', 'Ricoh Aficio SP 3410DN'];
Детали корпуса;08046127;08046127 - Винт (M3X8);['Ricoh Aficio SP 311DNw', 'Ricoh Aficio SP 3500N', 'Ricoh Aficio SP 310DN', 'Ricoh Aficio SP 3400N', 'Ricoh Aficio SP 3510DN', 'Ricoh Aficio SP 311DN', 'Ricoh Aficio SP 3410DN'];
Детали корпуса;09543010N;09543010N - Винт (M3X10);['Ricoh Aficio SP 311DNw', 'Ricoh Aficio SP 3500N', 'Ricoh Aficio SP 310DN', 'Ricoh Aficio SP 3400N', 'Ricoh Aficio SP 3510DN', 'Ricoh Aficio SP 311DN', 'Ricoh Aficio SP 3410DN'];
Детали корпуса;AA143520;AA143520 - Винт (M3);['Ricoh Aficio SP 311DNw', 'Ricoh Aficio SP 3500N', 'Ricoh Aficio SP 310DN', 'Ricoh Aficio SP 3400N', 'Ricoh Aficio SP 3510DN', 'Ricoh Aficio SP 311DN', 'Ricoh Aficio SP 3410DN'];
Детали корпуса;G0123050;G0123050 - Стопор шестерни ограничителей формата бумаги в лотке ручной подачи;['Ricoh Aficio SP 311DNw', 'Ricoh Aficio SP 3500N', 'Ricoh Aficio SP 310DN', 'Ricoh Aficio SP 3400N', 'Ricoh Aficio SP 3510DN', 'Ricoh Aficio SP 311DN', 'Ricoh Aficio SP 3410DN'];
Детали корпуса;G1022755;G1022755 - Зубчатая направляющая ограничителя формата бумаги в лотке ручной подачи;['Ricoh Aficio SP 311DNw', 'Ricoh Aficio SP 3500N', 'Ricoh Aficio SP 310DN', 'Ricoh Aficio SP 3400N', 'Ricoh Aficio SP 3510DN', 'Ricoh Aficio SP 311DN', 'Ricoh Aficio SP 3410DN'];
Детали корпуса;G8003133;G8003133 - Шестерня ограничителей формата бумаги в кассете;['Ricoh Aficio SP 311DNw', 'Ricoh Aficio SP 3500N', 'Ricoh Aficio SP 310DN', 'Ricoh Aficio SP 3400N', 'Ricoh Aficio SP 3510DN', 'Ricoh Aficio SP 311DN', 'Ricoh Aficio SP 3410DN'];
Детали корпуса;J0121508;J0121508 - Логотип производителя;['Ricoh Aficio SP 3410DN', 'Ricoh Aficio SP 3510DN', 'Ricoh Aficio SP 3400N', 'Ricoh Aficio SP 3500N'];
Детали корпуса;M0120402;M0120402 - Наименование модели (пластиковая накладка);[];
Детали корпуса;M0121300;M0121300 - Крышка доступа к картриджу;['Ricoh Aficio SP 3410DN', 'Ricoh Aficio SP 3510DN', 'Ricoh Aficio SP 3400N', 'Ricoh Aficio SP 3500N'];
Детали корпуса;M0121301;M0121301 - Правая кнопка;['Ricoh Aficio SP 3410DN', 'Ricoh Aficio SP 3510DN', 'Ricoh Aficio SP 3400N', 'Ricoh Aficio SP 3500N'];
Детали корпуса;M0121302;M0121302 - Верхняя крышка (служит лотком для распечатанных страниц);['Ricoh Aficio SP 3410DN'];
Детали корпуса;M0121311;M0121311 - Передняя верхняя декоративная крышка;['Ricoh Aficio SP 3400N', 'Ricoh Aficio SP 3410DN'];
Детали корпуса;M0121330;M0121330 - Левая крышка;['Ricoh Aficio SP 3400N', 'Ricoh Aficio SP 3410DN'];
Детали корпуса;M0121331;M0121331 - Левая верхняя декоративная крышка;['Ricoh Aficio SP 3400N', 'Ricoh Aficio SP 3410DN'];
Детали корпуса;M0121340;M0121340 - Правая крышка (220В);['Ricoh Aficio SP 3410DN', 'Ricoh Aficio SP 3510DN', 'Ricoh Aficio SP 3400N', 'Ricoh Aficio SP 3500N'];
Детали корпуса;M0121341;M0121341 - Правая верхняя декоративная крышка;['Ricoh Aficio SP 3410DN', 'Ricoh Aficio SP 3510DN', 'Ricoh Aficio SP 3400N', 'Ricoh Aficio SP 3500N'];
Детали корпуса;M0121350;M0121350 - Направляющая узла выхода бумаги;[];
Детали корпуса;M0121360;M0121360 - Задняя средняя крышка;['Ricoh Aficio SP 3400N', 'Ricoh Aficio SP 3410DN'];
Детали корпуса;M0121370;M0121370 - Задняя нижняя крышка;['Ricoh Aficio SP 3400N', 'Ricoh Aficio SP 3410DN'];
Детали корпуса;M0122589;M0122589 - Направляюшая стопорного ограничителя формата бумаги в кассете;['Ricoh Aficio SP 311DNw', 'Ricoh Aficio SP 3500N', 'Ricoh Aficio SP 310DN', 'Ricoh Aficio SP 3400N', 'Ricoh Aficio SP 3510DN', 'Ricoh Aficio SP 311DN', 'Ricoh Aficio SP 3410DN'];
Детали корпуса;M0122590;M0122590 - Спиральная пружина в кассете;['Ricoh Aficio SP 311DNw', 'Ricoh Aficio SP 3500N', 'Ricoh Aficio SP 310DN', 'Ricoh Aficio SP 3400N', 'Ricoh Aficio SP 3510DN', 'Ricoh Aficio SP 311DN', 'Ricoh Aficio SP 3410DN'];
Детали корпуса;M0122603;M0122603 - Стопор ограничителей формата бумаги в кассете;['Ricoh Aficio SP 311DNw', 'Ricoh Aficio SP 3500N', 'Ricoh Aficio SP 310DN', 'Ricoh Aficio SP 3400N', 'Ricoh Aficio SP 3510DN', 'Ricoh Aficio SP 311DN', 'Ricoh Aficio SP 3410DN'];
Детали корпуса;M0122604;M0122604 - Пружина;['Ricoh Aficio SP 311DNw', 'Ricoh Aficio SP 3500N', 'Ricoh Aficio SP 310DN', 'Ricoh Aficio SP 3400N', 'Ricoh Aficio SP 3510DN', 'Ricoh Aficio SP 311DN', 'Ricoh Aficio SP 3410DN'];
Детали корпуса;M0122608;M0122608 - Стопорный ограничитель формата бумаги в кассете;['Ricoh Aficio SP 311DNw', 'Ricoh Aficio SP 3500N', 'Ricoh Aficio SP 310DN', 'Ricoh Aficio SP 3400N', 'Ricoh Aficio SP 3510DN', 'Ricoh Aficio SP 311DN', 'Ricoh Aficio SP 3410DN'];
Детали корпуса;M0122610;M0122610 - Подъёмная пластина в кассете;['Ricoh Aficio SP 311DNw', 'Ricoh Aficio SP 3500N', 'Ricoh Aficio SP 310DN', 'Ricoh Aficio SP 3400N', 'Ricoh Aficio SP 3510DN', 'Ricoh Aficio SP 311DN', 'Ricoh Aficio SP 3410DN'];
Детали корпуса;M0122612;M0122612 - Пружина подъёмной пластины в кассете;['Ricoh Aficio SP 311DNw', 'Ricoh Aficio SP 3500N', 'Ricoh Aficio SP 310DN', 'Ricoh Aficio SP 3400N', 'Ricoh Aficio SP 3510DN', 'Ricoh Aficio SP 311DN', 'Ricoh Aficio SP 3410DN'];
Детали корпуса;M0122613;M0122613 - Пружина площадки отделения бумаги в кассете;['Ricoh Aficio SP 311DNw', 'Ricoh Aficio SP 3500N', 'Ricoh Aficio SP 310DN', 'Ricoh Aficio SP 3400N', 'Ricoh Aficio SP 3510DN', 'Ricoh Aficio SP 311DN', 'Ricoh Aficio SP 3410DN'];
Детали корпуса;M0122614;M0122614 - Левый ограничитель формата бумаги в кассете;['Ricoh Aficio SP 3410DN', 'Ricoh Aficio SP 3510DN', 'Ricoh Aficio SP 3400N', 'Ricoh Aficio SP 3500N'];
Детали корпуса;M0122615;M0122615 - Правый ограничитель формата бумаги в кассете;['Ricoh Aficio SP 311DNw', 'Ricoh Aficio SP 3500N', 'Ricoh Aficio SP 310DN', 'Ricoh Aficio SP 3400N', 'Ricoh Aficio SP 3510DN', 'Ricoh Aficio SP 311DN', 'Ricoh Aficio SP 3410DN'];
Детали корпуса;M0122616;M0122616 - Рычаг количества бумаги в кассете;['Ricoh Aficio SP 3410DN', 'Ricoh Aficio SP 3510DN', 'Ricoh Aficio SP 3400N', 'Ricoh Aficio SP 3500N'];
Детали корпуса;M0122618;"M0122618 - Наклейка ""загрузка бумаги"" в кассете";['Ricoh Aficio SP 3410DN', 'Ricoh Aficio SP 3510DN', 'Ricoh Aficio SP 3400N', 'Ricoh Aficio SP 3500N'];
Детали корпуса;M0122629;M0122629 - Передняя крышка кассеты на 250 листов;['Ricoh Aficio SP 3410DN', 'Ricoh Aficio SP 3510DN', 'Ricoh Aficio SP 3400N', 'Ricoh Aficio SP 3500N'];
Детали корпуса;M0122630;"M0122630 - Наклейка на передней крышке ""замятие бумаги""";['Ricoh Aficio SP 3500N'];
Детали корпуса;M0122805;M0122805 - Нижняя направляющая в лотке ручной подачи;['Ricoh Aficio SP 3410DN', 'Ricoh Aficio SP 3510DN', 'Ricoh Aficio SP 3400N', 'Ricoh Aficio SP 3500N'];
Детали корпуса;M0122806;M0122806 - Наклейка на верхнюю направляющую планку в лотке ручной подачи;['Ricoh Aficio SP 311DNw', 'Ricoh Aficio SP 3500N', 'Ricoh Aficio SP 310DN', 'Ricoh Aficio SP 3400N', 'Ricoh Aficio SP 3510DN', 'Ricoh Aficio SP 311DN', 'Ricoh Aficio SP 3410DN'];
Детали корпуса;M0122815;"M0122815 - Наклейка ""загрузка бумаги"" в лотке ручной подачи";['Ricoh Aficio SP 3410DN', 'Ricoh Aficio SP 3510DN', 'Ricoh Aficio SP 3400N', 'Ricoh Aficio SP 3500N'];
Детали корпуса;M0122833;"M0122833 - Наклейка ""направление передвижного ограничителя"" в лотке ручной подачи";['Ricoh Aficio SP 311DNw', 'Ricoh Aficio SP 3500N', 'Ricoh Aficio SP 310DN', 'Ricoh Aficio SP 3400N', 'Ricoh Aficio SP 3510DN', 'Ricoh Aficio SP 311DN', 'Ricoh Aficio SP 3410DN'];
Детали корпуса;M0122859;M0122859 - Планка лотка ручной подачи;['Ricoh Aficio SP 311DNw', 'Ricoh Aficio SP 3500N', 'Ricoh Aficio SP 310DN', 'Ricoh Aficio SP 3400N', 'Ricoh Aficio SP 3510DN', 'Ricoh Aficio SP 311DN', 'Ricoh Aficio SP 3410DN'];
Детали корпуса;M0122868;M0122868 - Шестерня ограничителей формата бумаги в лотке ручной подачи;['Ricoh Aficio SP 3400N', 'Ricoh Aficio SP 3410DN'];
Детали корпуса;M0122870;M0122870 - Крышка лотка ручной подачи;['Ricoh Aficio SP 3410DN', 'Ricoh Aficio SP 3510DN', 'Ricoh Aficio SP 3400N', 'Ricoh Aficio SP 3500N'];
Детали корпуса;M0122875;M0122875 - Правый ограничитель формата бумаги в лотке ручной подачи;['Ricoh Aficio SP 3400N', 'Ricoh Aficio SP 3410DN'];
Детали корпуса;M0122877;M0122877 - Левый ограничитель формата бумаги в лотке ручной подачи;['Ricoh Aficio SP 3410DN', 'Ricoh Aficio SP 3510DN', 'Ricoh Aficio SP 3400N', 'Ricoh Aficio SP 3500N'];
Детали корпуса;M0122879;M0122879 - Расширитель крышки лотка ручной подачи;['Ricoh Aficio SP 3410DN', 'Ricoh Aficio SP 3510DN', 'Ricoh Aficio SP 3400N', 'Ricoh Aficio SP 3500N'];
Детали корпуса;04533006N;04533006N - Винт (M3X6);['Ricoh Aficio SP 311DNw', 'Ricoh Aficio SP 3500N', 'Ricoh Aficio SP 310DN', 'Ricoh Aficio SP 3400N', 'Ricoh Aficio SP 3510DN', 'Ricoh Aficio SP 311DN', 'Ricoh Aficio SP 3410DN'];
Детали корпуса;M0124603;"M0124603 - Наклейка ""направление движения B""";['Ricoh Aficio SP 311DNw', 'Ricoh Aficio SP 3500N', 'Ricoh Aficio SP 310DN', 'Ricoh Aficio SP 3400N', 'Ricoh Aficio SP 3510DN', 'Ricoh Aficio SP 311DN', 'Ricoh Aficio SP 3410DN'];
Детали корпуса;M0134662;M0134662 - Задняя крышка;['Ricoh Aficio SP 3400N', 'Ricoh Aficio SP 3410DN'];
Детали корпуса;M0134669;M0134669 - Магнит задней крышки (1 шт. / в узле 2 шт.);['Ricoh Aficio SP 311DNw', 'Ricoh Aficio SP 3500N', 'Ricoh Aficio SP 310DN', 'Ricoh Aficio SP 3400N', 'Ricoh Aficio SP 3510DN', 'Ricoh Aficio SP 311DN', 'Ricoh Aficio SP 3410DN'];
Детали корпуса;M0134666;M0134666 - Ось задней крышки;['Ricoh Aficio SP 311DNw', 'Ricoh Aficio SP 3500N', 'Ricoh Aficio SP 310DN', 'Ricoh Aficio SP 3400N', 'Ricoh Aficio SP 3510DN', 'Ricoh Aficio SP 311DN', 'Ricoh Aficio SP 3410DN'];
Детали корпуса;M0134667;M0134667 - Пружина задней крышки;['Ricoh Aficio SP 311DNw', 'Ricoh Aficio SP 3500N', 'Ricoh Aficio SP 310DN', 'Ricoh Aficio SP 3400N', 'Ricoh Aficio SP 3510DN', 'Ricoh Aficio SP 311DN', 'Ricoh Aficio SP 3410DN'];
Детали корпуса;08050089;08050089 - Стопорное кольцо (M4);['Ricoh Aficio SP 311DNw', 'Ricoh Aficio SP 3500N', 'Ricoh Aficio SP 310DN', 'Ricoh Aficio SP 3400N', 'Ricoh Aficio SP 3510DN', 'Ricoh Aficio SP 311DN', 'Ricoh Aficio SP 3410DN'];
Детали корпуса;04543006Q;04543006Q - Винт (M3X6);['Ricoh Aficio SP 311DNw', 'Ricoh Aficio SP 3500N', 'Ricoh Aficio SP 310DN', 'Ricoh Aficio SP 3400N', 'Ricoh Aficio SP 3510DN', 'Ricoh Aficio SP 311DN', 'Ricoh Aficio SP 3410DN'];
Детали корпуса;G0201160;G0201160 - Стопорное кольцо;['Ricoh Aficio SP 311DNw', 'Ricoh Aficio SP 3500N', 'Ricoh Aficio SP 310DN', 'Ricoh Aficio SP 3400N', 'Ricoh Aficio SP 3510DN', 'Ricoh Aficio SP 311DN', 'Ricoh Aficio SP 3410DN'];
Детали корпуса;04513014N;04513014N - Винт (3X14);['Ricoh Aficio SP 311DNw', 'Ricoh Aficio SP 3500N', 'Ricoh Aficio SP 310DN', 'Ricoh Aficio SP 3400N', 'Ricoh Aficio SP 3510DN', 'Ricoh Aficio SP 311DN', 'Ricoh Aficio SP 3410DN'];
Детали корпуса;G0271180;G0271180 - Резиновая ножка;['Ricoh Aficio SP 311DNw', 'Ricoh Aficio SP 3500N', 'Ricoh Aficio SP 310DN', 'Ricoh Aficio SP 3400N', 'Ricoh Aficio SP 3510DN', 'Ricoh Aficio SP 311DN', 'Ricoh Aficio SP 3410DN'];
Детали корпуса;04543014Q;04543014Q - Винт (3X14);['Ricoh Aficio SP 311DNw', 'Ricoh Aficio SP 3500N', 'Ricoh Aficio SP 310DN', 'Ricoh Aficio SP 3400N', 'Ricoh Aficio SP 3510DN', 'Ricoh Aficio SP 311DN', 'Ricoh Aficio SP 3410DN'];
Детали корпуса;09504006N;09504006N - Винт (M4X6);['Ricoh Aficio SP 311DN', 'Ricoh Aficio SP 3400N', 'Ricoh Aficio SP 310DN', 'Ricoh Aficio SP 311DNw', 'Ricoh Aficio SP 3410DN'];
Детали корпуса;04513030N;04513030N - Винт (3X30);['Ricoh Aficio SP 311DNw', 'Ricoh Aficio SP 3500N', 'Ricoh Aficio SP 310DN', 'Ricoh Aficio SP 3400N', 'Ricoh Aficio SP 3510DN', 'Ricoh Aficio SP 311DN', 'Ricoh Aficio SP 3410DN'];
Детали корпуса;M0122672;M0122672 - Направляющая кассеты (левая);['Ricoh Aficio SP 3400N', 'Ricoh Aficio SP 3410DN'];
Детали корпуса;M0122673;M0122673 - Направляющая кассеты (правая);['Ricoh Aficio SP 311DNw', 'Ricoh Aficio SP 3500N', 'Ricoh Aficio SP 310DN', 'Ricoh Aficio SP 3400N', 'Ricoh Aficio SP 3510DN', 'Ricoh Aficio SP 311DN', 'Ricoh Aficio SP 3410DN'];
Детали корпуса;M0122743;"M0122743 - Наклейка ""направление движения A""";['Ricoh Aficio SP 311DNw', 'Ricoh Aficio SP 3500N', 'Ricoh Aficio SP 310DN', 'Ricoh Aficio SP 3400N', 'Ricoh Aficio SP 3510DN', 'Ricoh Aficio SP 311DN', 'Ricoh Aficio SP 3410DN'];
Детали корпуса;M0124601;"M0124601 - Левая наклейка рычага ""конверт""";['Ricoh Aficio SP 311DNw', 'Ricoh Aficio SP 3500N', 'Ricoh Aficio SP 310DN', 'Ricoh Aficio SP 3400N', 'Ricoh Aficio SP 3510DN', 'Ricoh Aficio SP 311DN', 'Ricoh Aficio SP 3410DN'];
Детали корпуса;M0124602;"M0124602 - Правая наклейка рычага ""конверт""";['Ricoh Aficio SP 311DNw', 'Ricoh Aficio SP 3500N', 'Ricoh Aficio SP 310DN', 'Ricoh Aficio SP 3400N', 'Ricoh Aficio SP 3510DN', 'Ricoh Aficio SP 311DN', 'Ricoh Aficio SP 3410DN'];
Детали корпуса;M0121324;M0121324 - Расширитель лотка выхода бумаги;['Ricoh Aficio SP 3400N', 'Ricoh Aficio SP 3410DN'];
Детали корпуса;M0121325;M0121325 - Основание расширителя лотка выхода бумаги;['Ricoh Aficio SP 3400N', 'Ricoh Aficio SP 3410DN'];
